Curve_ID,T_K,Raw_Row,V_V,I_A,log10_I_A,Bias_Region,Equal_T_Weight_Normalized,Source_File
T040,40,1,1.0,0.00041062,-3.3865599013412098,Forward,0.9043220634367375,AS40IV.DAT
T040,40,2,0.99,0.00040093,-3.396931446001918,Forward,0.9043220634367375,AS40IV.DAT
T040,40,3,0.98,0.00039239,-3.4062820690804636,Forward,0.9043220634367375,AS40IV.DAT
T040,40,4,0.97,0.00038423,-3.4154087292041284,Forward,0.9043220634367375,AS40IV.DAT
T040,40,5,0.96,0.00037625,-3.4245234913981,Forward,0.9043220634367375,AS40IV.DAT
T040,40,6,0.95,0.00036835,-3.433739325809097,Forward,0.9043220634367375,AS40IV.DAT
T040,40,7,0.9400001,0.00036049,-3.4431067781153017,Forward,0.9043220634367375,AS40IV.DAT
T040,40,8,0.9300001,0.00035269,-3.452606853931567,Forward,0.9043220634367375,AS40IV.DAT
T040,40,9,0.9200001,0.00034491,-3.462294213919473,Forward,0.9043220634367375,AS40IV.DAT
T040,40,10,0.9100001,0.00033713,-3.47220259943766,Forward,0.9043220634367375,AS40IV.DAT
T040,40,11,0.9000001,0.00032944,-3.482223670726044,Forward,0.9043220634367375,AS40IV.DAT
T040,40,12,0.8900001,0.00032175,-3.492481444423576,Forward,0.9043220634367375,AS40IV.DAT
T040,40,13,0.8800001,0.00031409,-3.502945890452669,Forward,0.9043220634367375,AS40IV.DAT
T040,40,14,0.8700001,0.00030649,-3.513583690854108,Forward,0.9043220634367375,AS40IV.DAT
T040,40,15,0.8600001,0.00029886,-3.524532207883973,Forward,0.9043220634367375,AS40IV.DAT
T040,40,16,0.8500001,0.00029125,-3.5357340659659244,Forward,0.9043220634367375,AS40IV.DAT
T040,40,17,0.8400002,0.0002837,-3.547140664204148,Forward,0.9043220634367375,AS40IV.DAT
T040,40,18,0.8300002,0.0002762,-3.5587763257573877,Forward,0.9043220634367375,AS40IV.DAT
T040,40,19,0.8200002,0.00026867,-3.5707808246789914,Forward,0.9043220634367375,AS40IV.DAT
T040,40,20,0.8100002,0.00026121,-3.5830102008208278,Forward,0.9043220634367375,AS40IV.DAT
T040,40,21,0.8000002,0.00025378,-3.5955426069532512,Forward,0.9043220634367375,AS40IV.DAT
T040,40,22,0.7900002,0.00024631,-3.608517955774954,Forward,0.9043220634367375,AS40IV.DAT
T040,40,23,0.7800002,0.00023892,-3.6217474939249654,Forward,0.9043220634367375,AS40IV.DAT
T040,40,24,0.7700002,0.00023157,-3.6353177043503284,Forward,0.9043220634367375,AS40IV.DAT
T040,40,25,0.7600002,0.00022425,-3.6492675482838703,Forward,0.9043220634367375,AS40IV.DAT
T040,40,26,0.7500002,0.00021694,-3.6636603641792176,Forward,0.9043220634367375,AS40IV.DAT
T040,40,27,0.7400002,0.00020967,-3.678463704806513,Forward,0.9043220634367375,AS40IV.DAT
T040,40,28,0.7300003,0.00020244,-3.69370367136325,Forward,0.9043220634367375,AS40IV.DAT
T040,40,29,0.7200003,0.000195416,-3.709039880600694,Forward,0.9043220634367375,AS40IV.DAT
T040,40,30,0.7100003,0.00018817,-3.72544961509047,Forward,0.9043220634367375,AS40IV.DAT
T040,40,31,0.7000003,0.00018102,-3.742273439441368,Forward,0.9043220634367375,AS40IV.DAT
T040,40,32,0.6900003,0.00017393,-3.7596255030417667,Forward,0.9043220634367375,AS40IV.DAT
T040,40,33,0.6800003,0.000166911,-3.777515040900865,Forward,0.9043220634367375,AS40IV.DAT
T040,40,34,0.6700003,0.000159942,-3.7960374776351675,Forward,0.9043220634367375,AS40IV.DAT
T040,40,35,0.6600003,0.00015299,-3.8153369553703196,Forward,0.9043220634367375,AS40IV.DAT
T040,40,36,0.6500003,0.000146115,-3.8353051975986547,Forward,0.9043220634367375,AS40IV.DAT
T040,40,37,0.6400003,0.00013932,-3.8559865342138013,Forward,0.9043220634367375,AS40IV.DAT
T040,40,38,0.6300004,0.000132556,-3.877600609628987,Forward,0.9043220634367375,AS40IV.DAT
T040,40,39,0.6200004,0.000125866,-3.9000915693882923,Forward,0.9043220634367375,AS40IV.DAT
T040,40,40,0.6100004,0.000126033,-3.8995157259819777,Forward,0.9043220634367375,AS40IV.DAT
T040,40,41,0.6000004,0.000119248,-3.9235488961138247,Forward,0.9043220634367375,AS40IV.DAT
T040,40,42,0.5900004,0.000112655,-3.948249528092656,Forward,0.9043220634367375,AS40IV.DAT
T040,40,43,0.5800004,0.00010612,-3.9742027586897084,Forward,0.9043220634367375,AS40IV.DAT
T040,40,44,0.5700004,9.9718e-05,-4.0012264405340305,Forward,0.9043220634367375,AS40IV.DAT
T040,40,45,0.5600004,9.3394e-05,-4.029681023669179,Forward,0.9043220634367375,AS40IV.DAT
T040,40,46,0.5500004,8.7156e-05,-4.0597027097909795,Forward,0.9043220634367375,AS40IV.DAT
T040,40,47,0.5400004,8.1042e-05,-4.091289849752342,Forward,0.9043220634367375,AS40IV.DAT
T040,40,48,0.5300004,7.5024e-05,-4.124799784605226,Forward,0.9043220634367375,AS40IV.DAT
T040,40,49,0.5200005,6.9103e-05,-4.160503097992459,Forward,0.9043220634367375,AS40IV.DAT
T040,40,50,0.5100005,6.3343e-05,-4.198301371772566,Forward,0.9043220634367375,AS40IV.DAT
T040,40,51,0.5000005,5.7739e-05,-4.2385307420736344,Forward,0.9043220634367375,AS40IV.DAT
T040,40,52,0.4900005,5.2278e-05,-4.281681035582281,Forward,0.9043220634367375,AS40IV.DAT
T040,40,53,0.4800005,4.6982e-05,-4.32806849946825,Forward,0.9043220634367375,AS40IV.DAT
T040,40,54,0.4700005,4.189e-05,-4.377889639638781,Forward,0.9043220634367375,AS40IV.DAT
T040,40,55,0.4600005,3.6981e-05,-4.432021349298804,Forward,0.9043220634367375,AS40IV.DAT
T040,40,56,0.4500005,3.2338e-05,-4.490286843298602,Forward,0.9043220634367375,AS40IV.DAT
T040,40,57,0.4400005,2.7978e-05,-4.553183334161864,Forward,0.9043220634367375,AS40IV.DAT
T040,40,58,0.4300005,2.3872e-05,-4.6221111942074256,Forward,0.9043220634367375,AS40IV.DAT
T040,40,59,0.4200006,2.0103e-05,-4.696739127344423,Forward,0.9043220634367375,AS40IV.DAT
T040,40,60,0.4100006,1.713e-05,-4.766242637034489,Forward,0.9043220634367375,AS40IV.DAT
T040,40,61,0.4000006,1.37464e-05,-4.861811022913117,Forward,0.9043220634367375,AS40IV.DAT
T040,40,62,0.3900006,1.09643e-05,-4.960019090009399,Forward,0.9043220634367375,AS40IV.DAT
T040,40,63,0.3800006,8.6002e-06,-5.065491449002199,Forward,0.9043220634367375,AS40IV.DAT
T040,40,64,0.3700006,6.6482e-06,-5.177295924002847,Forward,0.9043220634367375,AS40IV.DAT
T040,40,65,0.3600006,5.0016e-06,-5.300891043660907,Forward,0.9043220634367375,AS40IV.DAT
T040,40,66,0.3500006,3.7024e-06,-5.431516662728344,Forward,0.9043220634367375,AS40IV.DAT
T040,40,67,0.3400006,2.6935e-06,-5.569683020118026,Forward,0.9043220634367375,AS40IV.DAT
T040,40,68,0.3300006,2.08287e-06,-5.68133783521044,Forward,0.9043220634367375,AS40IV.DAT
T040,40,69,0.3200006,1.41515e-06,-5.84919752429541,Forward,0.9043220634367375,AS40IV.DAT
T040,40,70,0.3100007,9.7948e-07,-6.009004427436795,Forward,0.9043220634367375,AS40IV.DAT
T040,40,71,0.3000007,6.7011e-07,-6.173853901072571,Forward,0.9043220634367375,AS40IV.DAT
T040,40,72,0.2900007,4.5585e-07,-6.341178040864376,Forward,0.9043220634367375,AS40IV.DAT
T040,40,73,0.2800007,3.0718e-07,-6.512607063941288,Forward,0.9043220634367375,AS40IV.DAT
T040,40,74,0.2700007,2.0908e-07,-6.679687508574287,Forward,0.9043220634367375,AS40IV.DAT
T040,40,75,0.2600007,1.53795e-07,-6.813057783570396,Forward,0.9043220634367375,AS40IV.DAT
T040,40,76,0.2500007,1.02639e-07,-6.988687587893821,Forward,0.9043220634367375,AS40IV.DAT
T040,40,77,0.2400007,6.9353e-08,-7.158934747925002,Forward,0.9043220634367375,AS40IV.DAT
T040,40,78,0.2300007,4.8272e-08,-7.3163047071690865,Forward,0.9043220634367375,AS40IV.DAT
T040,40,79,0.2200007,3.3627e-08,-7.4733118761156865,Forward,0.9043220634367375,AS40IV.DAT
T040,40,80,0.2100007,2.344e-08,-7.630042392653947,Forward,0.9043220634367375,AS40IV.DAT
T040,40,81,0.2000007,1.77057e-08,-7.751886898607776,Forward,0.9043220634367375,AS40IV.DAT
T040,40,82,0.1900007,1.34628e-08,-7.870864605930329,Forward,0.9043220634367375,AS40IV.DAT
T040,40,83,0.1800007,9.9886e-09,-8.000495378128583,Forward,0.9043220634367375,AS40IV.DAT
T040,40,84,0.1700007,7.5755e-09,-8.120588697469262,Forward,0.9043220634367375,AS40IV.DAT
T040,40,85,0.1600007,4.7412e-09,-8.32411172427093,Forward,0.9043220634367375,AS40IV.DAT
T040,40,86,0.1500007,5.0561e-09,-8.296184345125452,Forward,0.9043220634367375,AS40IV.DAT
T040,40,87,0.1400007,3.8264e-09,-8.417209632136093,Forward,0.9043220634367375,AS40IV.DAT
T040,40,88,0.1300007,3.1087e-09,-8.507421186812067,Forward,0.9043220634367375,AS40IV.DAT
T040,40,89,0.1200007,2.5483e-09,-8.593749445773447,Forward,0.9043220634367375,AS40IV.DAT
T040,40,90,0.1100007,2.0822e-09,-8.681477557858743,Forward,0.9043220634367375,AS40IV.DAT
T040,40,91,0.1000007,2.1964e-09,-8.65828856496266,Forward,0.9043220634367375,AS40IV.DAT
T040,40,92,0.09000066,1.87192e-09,-8.72771271558774,Forward,0.9043220634367375,AS40IV.DAT
T040,40,93,0.08000066,1.53725e-09,-8.813255498283315,Forward,0.9043220634367375,AS40IV.DAT
T040,40,94,0.07000066,1.2471e-09,-8.904098720774122,Forward,0.9043220634367375,AS40IV.DAT
T040,40,95,0.06000067,1.00335e-09,-8.998547544991686,Forward,0.9043220634367375,AS40IV.DAT
T040,40,96,0.05000067,7.8696e-10,-9.10404734161903,Forward,0.9043220634367375,AS40IV.DAT
T040,40,97,0.04000067,5.8926e-10,-9.229693038573739,Forward,0.9043220634367375,AS40IV.DAT
T040,40,98,0.03000067,4.0756e-10,-9.389808446431376,Forward,0.9043220634367375,AS40IV.DAT
T040,40,99,0.02000067,2.3855e-10,-9.622420579105055,Forward,0.9043220634367375,AS40IV.DAT
T040,40,100,0.01000067,8.858e-11,-10.05266432405126,Forward,0.9043220634367375,AS40IV.DAT
T040,40,101,6.705523e-07,5.795e-11,-10.236946559700385,Forward,0.9043220634367375,AS40IV.DAT
T040,40,102,-0.009999329,2.0858e-10,-9.680727336878109,Reverse,0.9043220634367375,AS40IV.DAT
T040,40,103,-0.01999933,3.1112e-10,-9.507072069860596,Reverse,0.9043220634367375,AS40IV.DAT
T040,40,104,-0.02999933,4.5242e-10,-9.344458204591746,Reverse,0.9043220634367375,AS40IV.DAT
T040,40,105,-0.03999933,5.9032e-10,-9.228912502663105,Reverse,0.9043220634367375,AS40IV.DAT
T040,40,106,-0.04999933,7.338e-10,-9.134422292580071,Reverse,0.9043220634367375,AS40IV.DAT
T040,40,107,-0.05999932,8.8569e-10,-9.052718258753766,Reverse,0.9043220634367375,AS40IV.DAT
T040,40,108,-0.06999932,1.04927e-09,-8.97911274400653,Reverse,0.9043220634367375,AS40IV.DAT
T040,40,109,-0.07999932,1.22106e-09,-8.913262995327273,Reverse,0.9043220634367375,AS40IV.DAT
T040,40,110,-0.08999932,1.39695e-09,-8.854819137989397,Reverse,0.9043220634367375,AS40IV.DAT
T040,40,111,-0.09999932,1.58578e-09,-8.799757063811176,Reverse,0.9043220634367375,AS40IV.DAT
T040,40,112,-0.1099993,1.79219e-09,-8.74661595026685,Reverse,0.9043220634367375,AS40IV.DAT
T040,40,113,-0.1199993,2.00785e-09,-8.697268735055694,Reverse,0.9043220634367375,AS40IV.DAT
T040,40,114,-0.1299993,2.1772e-09,-8.662101674354965,Reverse,0.9043220634367375,AS40IV.DAT
T040,40,115,-0.1399993,2.8461e-09,-8.545749844699655,Reverse,0.9043220634367375,AS40IV.DAT
T040,40,116,-0.1499993,3.0934e-09,-8.50956391880679,Reverse,0.9043220634367375,AS40IV.DAT
T040,40,117,-0.1599993,3.3891e-09,-8.469915616524835,Reverse,0.9043220634367375,AS40IV.DAT
T040,40,118,-0.1699993,3.7203e-09,-8.429422037781734,Reverse,0.9043220634367375,AS40IV.DAT
T040,40,119,-0.1799993,3.669e-09,-8.435452288244052,Reverse,0.9043220634367375,AS40IV.DAT
T040,40,120,-0.1899993,4.4024e-09,-8.3563105001969,Reverse,0.9043220634367375,AS40IV.DAT
T040,40,121,-0.1999993,4.7819e-09,-8.32039951017388,Reverse,0.9043220634367375,AS40IV.DAT
T040,40,122,-0.2099994,5.1605e-09,-8.287308217612917,Reverse,0.9043220634367375,AS40IV.DAT
T040,40,123,-0.2199994,5.5903e-09,-8.25256488534281,Reverse,0.9043220634367375,AS40IV.DAT
T040,40,124,-0.2299994,6.0616e-09,-8.217412725758628,Reverse,0.9043220634367375,AS40IV.DAT
T040,40,125,-0.2399994,6.5426e-09,-8.184249630687884,Reverse,0.9043220634367375,AS40IV.DAT
T040,40,126,-0.2499994,7.083e-09,-8.14978275820161,Reverse,0.9043220634367375,AS40IV.DAT
T040,40,127,-0.2599994,7.6385e-09,-8.116991917037092,Reverse,0.9043220634367375,AS40IV.DAT
T040,40,128,-0.2699994,8.2092e-09,-8.085699163527826,Reverse,0.9043220634367375,AS40IV.DAT
T040,40,129,-0.2799993,8.8304e-09,-8.054019623278812,Reverse,0.9043220634367375,AS40IV.DAT
T040,40,130,-0.2899993,9.4848e-09,-8.022971822372803,Reverse,0.9043220634367375,AS40IV.DAT
T040,40,131,-0.2999993,1.01709e-08,-7.992640615637745,Reverse,0.9043220634367375,AS40IV.DAT
T040,40,132,-0.3099993,1.08959e-08,-7.96273689126531,Reverse,0.9043220634367375,AS40IV.DAT
T040,40,133,-0.3199993,1.16539e-08,-7.933528712831978,Reverse,0.9043220634367375,AS40IV.DAT
T040,40,134,-0.3299993,1.24741e-08,-7.903990778701265,Reverse,0.9043220634367375,AS40IV.DAT
T040,40,135,-0.3399993,1.33301e-08,-7.875166592575241,Reverse,0.9043220634367375,AS40IV.DAT
T040,40,136,-0.3499993,1.4222e-08,-7.847039325695751,Reverse,0.9043220634367375,AS40IV.DAT
T040,40,137,-0.3599993,1.51906e-08,-7.818425071986922,Reverse,0.9043220634367375,AS40IV.DAT
T040,40,138,-0.3699993,1.61763e-08,-7.791120807404878,Reverse,0.9043220634367375,AS40IV.DAT
T040,40,139,-0.3799993,1.72331e-08,-7.763636591861608,Reverse,0.9043220634367375,AS40IV.DAT
T040,40,140,-0.3899992,1.83399e-08,-7.736603036690348,Reverse,0.9043220634367375,AS40IV.DAT
T040,40,141,-0.3999992,1.94977e-08,-7.710016616136003,Reverse,0.9043220634367375,AS40IV.DAT
T040,40,142,-0.4099992,2.07154e-08,-7.683706676359626,Reverse,0.9043220634367375,AS40IV.DAT
T040,40,143,-0.4199992,2.1852e-08,-7.660508808157455,Reverse,0.9043220634367375,AS40IV.DAT
T040,40,144,-0.4299992,2.3427e-08,-7.630283322451439,Reverse,0.9043220634367375,AS40IV.DAT
T040,40,145,-0.4399992,2.4855e-08,-7.604586232524982,Reverse,0.9043220634367375,AS40IV.DAT
T040,40,146,-0.4499992,2.6325e-08,-7.579631620142476,Reverse,0.9043220634367375,AS40IV.DAT
T040,40,147,-0.4599992,2.781e-08,-7.55579901113584,Reverse,0.9043220634367375,AS40IV.DAT
T040,40,148,-0.4699992,2.9483e-08,-7.530428327558002,Reverse,0.9043220634367375,AS40IV.DAT
T040,40,149,-0.4799992,3.1182e-08,-7.506096032793497,Reverse,0.9043220634367375,AS40IV.DAT
T040,40,150,-0.4899991,3.2968e-08,-7.481907398483468,Reverse,0.9043220634367375,AS40IV.DAT
T040,40,151,-0.4999991,3.4796e-08,-7.458470677828507,Reverse,0.9043220634367375,AS40IV.DAT
T040,40,152,-0.5099992,3.6767e-08,-7.434541804904012,Reverse,0.9043220634367375,AS40IV.DAT
T040,40,153,-0.5199991,3.8789e-08,-7.41129141658659,Reverse,0.9043220634367375,AS40IV.DAT
T040,40,154,-0.5299991,4.0858e-08,-7.388722895907736,Reverse,0.9043220634367375,AS40IV.DAT
T040,40,155,-0.5399991,4.3078e-08,-7.365744468074303,Reverse,0.9043220634367375,AS40IV.DAT
T040,40,156,-0.5499991,4.5346e-08,-7.343461016311585,Reverse,0.9043220634367375,AS40IV.DAT
T040,40,157,-0.5599991,4.7742e-08,-7.3210993915552764,Reverse,0.9043220634367375,AS40IV.DAT
T040,40,158,-0.5699991,5.0267e-08,-7.298717033258574,Reverse,0.9043220634367375,AS40IV.DAT
T040,40,159,-0.5799991,5.2893e-08,-7.276601799846277,Reverse,0.9043220634367375,AS40IV.DAT
T040,40,160,-0.5899991,5.5603e-08,-7.254901775894611,Reverse,0.9043220634367375,AS40IV.DAT
T040,40,161,-0.5999991,5.8465e-08,-7.23310404598246,Reverse,0.9043220634367375,AS40IV.DAT
T040,40,162,-0.6099991,6.1427e-08,-7.211640694435615,Reverse,0.9043220634367375,AS40IV.DAT
T040,40,163,-0.6199991,6.4434e-08,-7.190884907238081,Reverse,0.9043220634367375,AS40IV.DAT
T040,40,164,-0.629999,6.759e-08,-7.170117553556507,Reverse,0.9043220634367375,AS40IV.DAT
T040,40,165,-0.639999,7.4429e-08,-7.128257815985952,Reverse,0.9043220634367375,AS40IV.DAT
T040,40,166,-0.649999,7.4308e-08,-7.128964427574231,Reverse,0.9043220634367375,AS40IV.DAT
T040,40,167,-0.659999,7.8024e-08,-7.107771788792268,Reverse,0.9043220634367375,AS40IV.DAT
T040,40,168,-0.669999,8.1703e-08,-7.087761996594566,Reverse,0.9043220634367375,AS40IV.DAT
T040,40,169,-0.679999,8.5647e-08,-7.067287844680535,Reverse,0.9043220634367375,AS40IV.DAT
T040,40,170,-0.689999,8.9647e-08,-7.047464239344918,Reverse,0.9043220634367375,AS40IV.DAT
T040,40,171,-0.699999,9.3846e-08,-7.027584233590839,Reverse,0.9043220634367375,AS40IV.DAT
T040,40,172,-0.709999,9.8221e-08,-7.007795648576732,Reverse,0.9043220634367375,AS40IV.DAT
T040,40,173,-0.719999,1.02736e-07,-6.988277347427581,Reverse,0.9043220634367375,AS40IV.DAT
T040,40,174,-0.7299989,1.07384e-07,-6.9690604228204185,Reverse,0.9043220634367375,AS40IV.DAT
T040,40,175,-0.7399989,1.1223e-07,-6.949891037082132,Reverse,0.9043220634367375,AS40IV.DAT
T040,40,176,-0.7499989,1.17234e-07,-6.930946416722612,Reverse,0.9043220634367375,AS40IV.DAT
T040,40,177,-0.7599989,1.22352e-07,-6.9123889271551455,Reverse,0.9043220634367375,AS40IV.DAT
T040,40,178,-0.7699989,1.27854e-07,-6.893285680224639,Reverse,0.9043220634367375,AS40IV.DAT
T040,40,179,-0.7799989,1.33418e-07,-6.874785573917839,Reverse,0.9043220634367375,AS40IV.DAT
T040,40,180,-0.7899989,1.39242e-07,-6.856229747361853,Reverse,0.9043220634367375,AS40IV.DAT
T040,40,181,-0.7999989,1.45129e-07,-6.838245797200053,Reverse,0.9043220634367375,AS40IV.DAT
T040,40,182,-0.8099989,1.51256e-07,-6.820287388806348,Reverse,0.9043220634367375,AS40IV.DAT
T040,40,183,-0.8199989,1.57451e-07,-6.802854576735264,Reverse,0.9043220634367375,AS40IV.DAT
T040,40,184,-0.8299989,1.63953e-07,-6.785280632233252,Reverse,0.9043220634367375,AS40IV.DAT
T040,40,185,-0.8399988,1.70818e-07,-6.767466367319235,Reverse,0.9043220634367375,AS40IV.DAT
T040,40,186,-0.8499988,1.77813e-07,-6.75003649071184,Reverse,0.9043220634367375,AS40IV.DAT
T040,40,187,-0.8599988,1.85065e-07,-6.732675708443951,Reverse,0.9043220634367375,AS40IV.DAT
T040,40,188,-0.8699988,1.9239e-07,-6.715817505363098,Reverse,0.9043220634367375,AS40IV.DAT
T040,40,189,-0.8799988,2.00361e-07,-6.69818680941715,Reverse,0.9043220634367375,AS40IV.DAT
T040,40,190,-0.8899988,2.08449e-07,-6.681000183989465,Reverse,0.9043220634367375,AS40IV.DAT
T040,40,191,-0.8999988,2.1684e-07,-6.663860601391443,Reverse,0.9043220634367375,AS40IV.DAT
T040,40,192,-0.9099988,2.254e-07,-6.647046088289912,Reverse,0.9043220634367375,AS40IV.DAT
T040,40,193,-0.9199988,2.3408e-07,-6.630635691218765,Reverse,0.9043220634367375,AS40IV.DAT
T040,40,194,-0.9299988,2.4301e-07,-6.614375854568517,Reverse,0.9043220634367375,AS40IV.DAT
T040,40,195,-0.9399987,2.5236e-07,-6.597979481266054,Reverse,0.9043220634367375,AS40IV.DAT
T040,40,196,-0.9499987,2.6179e-07,-6.582046946890554,Reverse,0.9043220634367375,AS40IV.DAT
T040,40,197,-0.9599987,2.7183e-07,-6.565702614875491,Reverse,0.9043220634367375,AS40IV.DAT
T040,40,198,-0.9699987,2.8191e-07,-6.549889518424989,Reverse,0.9043220634367375,AS40IV.DAT
T040,40,199,-0.9799987,2.9204e-07,-6.53455766023125,Reverse,0.9043220634367375,AS40IV.DAT
T040,40,200,-0.9899987,3.0294e-07,-6.51864337892087,Reverse,0.9043220634367375,AS40IV.DAT
T040,40,201,-0.9999987,3.1437e-07,-6.502558904923029,Reverse,0.9043220634367375,AS40IV.DAT
T040,40,202,-1.009999,3.2555e-07,-6.487382300317084,Reverse,0.9043220634367375,AS40IV.DAT
T040,40,203,-1.019999,3.3693e-07,-6.4724603180352025,Reverse,0.9043220634367375,AS40IV.DAT
T040,40,204,-1.029999,3.491e-07,-6.457050151185821,Reverse,0.9043220634367375,AS40IV.DAT
T040,40,205,-1.039999,3.6139e-07,-6.442023868944166,Reverse,0.9043220634367375,AS40IV.DAT
T040,40,206,-1.049999,3.7446e-07,-6.426594567035473,Reverse,0.9043220634367375,AS40IV.DAT
T040,40,207,-1.059999,3.8759e-07,-6.41162743647381,Reverse,0.9043220634367375,AS40IV.DAT
T040,40,208,-1.069999,4.0094e-07,-6.396920613959768,Reverse,0.9043220634367375,AS40IV.DAT
T040,40,209,-1.079999,4.1486e-07,-6.382098436987672,Reverse,0.9043220634367375,AS40IV.DAT
T040,40,210,-1.089999,4.2896e-07,-6.367583203361195,Reverse,0.9043220634367375,AS40IV.DAT
T040,40,211,-1.099999,4.4349e-07,-6.353116168377422,Reverse,0.9043220634367375,AS40IV.DAT
T040,40,212,-1.109999,4.5863e-07,-6.33853754051684,Reverse,0.9043220634367375,AS40IV.DAT
T040,40,213,-1.119999,4.7394e-07,-6.324276635790626,Reverse,0.9043220634367375,AS40IV.DAT
T040,40,214,-1.129999,4.899e-07,-6.30989256054367,Reverse,0.9043220634367375,AS40IV.DAT
T040,40,215,-1.139999,5.06e-07,-6.295849483160201,Reverse,0.9043220634367375,AS40IV.DAT
T040,40,216,-1.149999,5.2241e-07,-6.281988518365348,Reverse,0.9043220634367375,AS40IV.DAT
T040,40,217,-1.159999,5.3931e-07,-6.268161526857109,Reverse,0.9043220634367375,AS40IV.DAT
T040,40,218,-1.169999,5.5681e-07,-6.254292973638478,Reverse,0.9043220634367375,AS40IV.DAT
T040,40,219,-1.179999,5.7472e-07,-6.240543689348809,Reverse,0.9043220634367375,AS40IV.DAT
T040,40,220,-1.189999,5.9318e-07,-6.226813500320772,Reverse,0.9043220634367375,AS40IV.DAT
T040,40,221,-1.199998,6.1223e-07,-6.213085393269822,Reverse,0.9043220634367375,AS40IV.DAT
T040,40,222,-1.209998,6.3147e-07,-6.199647277165563,Reverse,0.9043220634367375,AS40IV.DAT
T040,40,223,-1.219998,6.508e-07,-6.186552455735179,Reverse,0.9043220634367375,AS40IV.DAT
T040,40,224,-1.229998,6.7122e-07,-6.1731351115353865,Reverse,0.9043220634367375,AS40IV.DAT
T040,40,225,-1.239998,6.9159e-07,-6.1601512950051385,Reverse,0.9043220634367375,AS40IV.DAT
T040,40,226,-1.249998,7.1244e-07,-6.147251705026316,Reverse,0.9043220634367375,AS40IV.DAT
T040,40,227,-1.259998,7.3472e-07,-6.1338781379541585,Reverse,0.9043220634367375,AS40IV.DAT
T040,40,228,-1.269998,7.5629e-07,-6.121311641999147,Reverse,0.9043220634367375,AS40IV.DAT
T040,40,229,-1.279998,7.7931e-07,-6.108289750917297,Reverse,0.9043220634367375,AS40IV.DAT
T040,40,230,-1.289998,8.0257e-07,-6.095517078190471,Reverse,0.9043220634367375,AS40IV.DAT
T040,40,231,-1.299998,8.261e-07,-6.0829673778376065,Reverse,0.9043220634367375,AS40IV.DAT
T040,40,232,-1.309998,8.5035e-07,-6.0704022839533485,Reverse,0.9043220634367375,AS40IV.DAT
T040,40,233,-1.319998,8.7522e-07,-6.057882766661473,Reverse,0.9043220634367375,AS40IV.DAT
T040,40,234,-1.329998,9.0051e-07,-6.045511460056325,Reverse,0.9043220634367375,AS40IV.DAT
T040,40,235,-1.339998,9.26e-07,-6.033389013318065,Reverse,0.9043220634367375,AS40IV.DAT
T040,40,236,-1.349998,9.5276e-07,-6.021016484254008,Reverse,0.9043220634367375,AS40IV.DAT
T040,40,237,-1.359998,9.801799e-07,-6.008694207565676,Reverse,0.9043220634367375,AS40IV.DAT
T040,40,238,-1.369998,1.00739e-06,-5.996802364542805,Reverse,0.9043220634367375,AS40IV.DAT
T040,40,239,-1.379998,1.03558e-06,-5.984816345619854,Reverse,0.9043220634367375,AS40IV.DAT
T040,40,240,-1.389998,1.06474e-06,-5.972756430113301,Reverse,0.9043220634367375,AS40IV.DAT
T040,40,241,-1.399998,1.09374e-06,-5.961085904680188,Reverse,0.9043220634367375,AS40IV.DAT
T040,40,242,-1.409998,1.12309e-06,-5.949585439698284,Reverse,0.9043220634367375,AS40IV.DAT
T040,40,243,-1.419998,1.15438e-06,-5.937651206139164,Reverse,0.9043220634367375,AS40IV.DAT
T040,40,244,-1.429998,1.18564e-06,-5.926047157301457,Reverse,0.9043220634367375,AS40IV.DAT
T040,40,245,-1.439998,1.21732e-06,-5.914595242668576,Reverse,0.9043220634367375,AS40IV.DAT
T040,40,246,-1.449998,1.24783e-06,-5.903844577386664,Reverse,0.9043220634367375,AS40IV.DAT
T040,40,247,-1.459998,1.28119e-06,-5.892386459769196,Reverse,0.9043220634367375,AS40IV.DAT
T040,40,248,-1.469998,1.31449e-06,-5.8812427134460465,Reverse,0.9043220634367375,AS40IV.DAT
T040,40,249,-1.479998,1.34969e-06,-5.8697659698379,Reverse,0.9043220634367375,AS40IV.DAT
T040,40,250,-1.489998,1.38422e-06,-5.858794880115572,Reverse,0.9043220634367375,AS40IV.DAT
T040,40,251,-1.499998,1.41962e-06,-5.847827890820322,Reverse,0.9043220634367375,AS40IV.DAT
T040,40,252,-1.509998,1.45518e-06,-5.837083282848728,Reverse,0.9043220634367375,AS40IV.DAT
T040,40,253,-1.519998,1.49131e-06,-5.82643206996387,Reverse,0.9043220634367375,AS40IV.DAT
T040,40,254,-1.529998,1.52706e-06,-5.816143898662643,Reverse,0.9043220634367375,AS40IV.DAT
T040,40,255,-1.539998,1.56676e-06,-5.804997524691844,Reverse,0.9043220634367375,AS40IV.DAT
T040,40,256,-1.549998,1.60403e-06,-5.794787513413066,Reverse,0.9043220634367375,AS40IV.DAT
T040,40,257,-1.559998,1.64624e-06,-5.783506850121586,Reverse,0.9043220634367375,AS40IV.DAT
T040,40,258,-1.569998,1.68399e-06,-5.773660491789881,Reverse,0.9043220634367375,AS40IV.DAT
T040,40,259,-1.579998,1.72272e-06,-5.763785304291173,Reverse,0.9043220634367375,AS40IV.DAT
T040,40,260,-1.589998,1.76504e-06,-5.753245448019824,Reverse,0.9043220634367375,AS40IV.DAT
T040,40,261,-1.599998,1.80836e-06,-5.7427151079037255,Reverse,0.9043220634367375,AS40IV.DAT
T040,40,262,-1.609998,1.85058e-06,-5.732692135747165,Reverse,0.9043220634367375,AS40IV.DAT
T040,40,263,-1.619998,1.89637e-06,-5.722076923706125,Reverse,0.9043220634367375,AS40IV.DAT
T040,40,264,-1.629998,1.93816e-06,-5.712610373699672,Reverse,0.9043220634367375,AS40IV.DAT
T040,40,265,-1.639998,1.98516e-06,-5.7022044842072805,Reverse,0.9043220634367375,AS40IV.DAT
T040,40,266,-1.649998,2.03332e-06,-5.6917942675509,Reverse,0.9043220634367375,AS40IV.DAT
T040,40,267,-1.659998,2.07762e-06,-5.682433882666475,Reverse,0.9043220634367375,AS40IV.DAT
T040,40,268,-1.669998,2.125e-06,-5.67264106561367,Reverse,0.9043220634367375,AS40IV.DAT
T040,40,269,-1.679998,2.174e-06,-5.662740460249724,Reverse,0.9043220634367375,AS40IV.DAT
T040,40,270,-1.689998,2.2263e-06,-5.652416313691417,Reverse,0.9043220634367375,AS40IV.DAT
T040,40,271,-1.699998,2.2754e-06,-5.642942246249657,Reverse,0.9043220634367375,AS40IV.DAT
T040,40,272,-1.709998,2.3277e-06,-5.633072993412252,Reverse,0.9043220634367375,AS40IV.DAT
T040,40,273,-1.719998,2.3806e-06,-5.623313570738085,Reverse,0.9043220634367375,AS40IV.DAT
T040,40,274,-1.729998,2.434e-06,-5.6136794261059535,Reverse,0.9043220634367375,AS40IV.DAT
T040,40,275,-1.739998,2.4888e-06,-5.604010001899353,Reverse,0.9043220634367375,AS40IV.DAT
T040,40,276,-1.749998,2.5447e-06,-5.594363410193333,Reverse,0.9043220634367375,AS40IV.DAT
T040,40,277,-1.759998,2.6031e-06,-5.584509147828531,Reverse,0.9043220634367375,AS40IV.DAT
T040,40,278,-1.769998,2.6579e-06,-5.575461362845946,Reverse,0.9043220634367375,AS40IV.DAT
T040,40,279,-1.779998,2.7183e-06,-5.565702614875492,Reverse,0.9043220634367375,AS40IV.DAT
T040,40,280,-1.789998,2.7752e-06,-5.5567057131659965,Reverse,0.9043220634367375,AS40IV.DAT
T040,40,281,-1.799998,2.8384e-06,-5.546926401848368,Reverse,0.9043220634367375,AS40IV.DAT
T040,40,282,-1.809998,2.9016e-06,-5.537362457427622,Reverse,0.9043220634367375,AS40IV.DAT
T040,40,283,-1.819998,2.9618e-06,-5.5284442712128365,Reverse,0.9043220634367375,AS40IV.DAT
T040,40,284,-1.829998,3.0314e-06,-5.518356753724416,Reverse,0.9043220634367375,AS40IV.DAT
T040,40,285,-1.839998,3.0953e-06,-5.509297252288284,Reverse,0.9043220634367375,AS40IV.DAT
T040,40,286,-1.849998,3.1613e-06,-5.500134288670909,Reverse,0.9043220634367375,AS40IV.DAT
T040,40,287,-1.859998,3.2279e-06,-5.491079928138599,Reverse,0.9043220634367375,AS40IV.DAT
T040,40,288,-1.869998,3.2974e-06,-5.481828366397738,Reverse,0.9043220634367375,AS40IV.DAT
T040,40,289,-1.879998,3.3687e-06,-5.4725376634462535,Reverse,0.9043220634367375,AS40IV.DAT
T040,40,290,-1.889998,3.44e-06,-5.46344155742847,Reverse,0.9043220634367375,AS40IV.DAT
T040,40,291,-1.899998,3.5118e-06,-5.454470225502176,Reverse,0.9043220634367375,AS40IV.DAT
T040,40,292,-1.909998,3.5807e-06,-5.446032063741619,Reverse,0.9043220634367375,AS40IV.DAT
T040,40,293,-1.919998,3.6568e-06,-5.4368987917187255,Reverse,0.9043220634367375,AS40IV.DAT
T040,40,294,-1.929998,3.7332e-06,-5.427918742843672,Reverse,0.9043220634367375,AS40IV.DAT
T040,40,295,-1.939998,3.8115e-06,-5.418904075893949,Reverse,0.9043220634367375,AS40IV.DAT
T040,40,296,-1.949998,3.8889e-06,-5.410173224249445,Reverse,0.9043220634367375,AS40IV.DAT
T040,40,297,-1.959998,3.9697e-06,-5.401242312699744,Reverse,0.9043220634367375,AS40IV.DAT
T040,40,298,-1.969998,4.0505e-06,-5.392491363492022,Reverse,0.9043220634367375,AS40IV.DAT
T040,40,299,-1.979998,4.133e-06,-5.383734594718292,Reverse,0.9043220634367375,AS40IV.DAT
T040,40,300,-1.989998,4.207e-06,-5.376027487983004,Reverse,0.9043220634367375,AS40IV.DAT
T040,40,301,-1.999998,4.2927e-06,-5.367269461601422,Reverse,0.9043220634367375,AS40IV.DAT
T040,40,302,-2.009998,4.38e-06,-5.3585258894959,Reverse,0.9043220634367375,AS40IV.DAT
T060,60,1,1.0,0.00040595,-3.391527454258566,Forward,0.9043220634367375,AS60IV.DAT
T060,60,2,0.99,0.00039617,-3.4021184145313166,Forward,0.9043220634367375,AS60IV.DAT
T060,60,3,0.98,0.00038767,-3.411537805746891,Forward,0.9043220634367375,AS60IV.DAT
T060,60,4,0.97,0.00037953,-3.4207538895458116,Forward,0.9043220634367375,AS60IV.DAT
T060,60,5,0.96,0.00037156,-3.429971045793345,Forward,0.9043220634367375,AS60IV.DAT
T060,60,6,0.95,0.00036368,-3.4392805816191045,Forward,0.9043220634367375,AS60IV.DAT
T060,60,7,0.9400001,0.00035584,-3.4487452344340555,Forward,0.9043220634367375,AS60IV.DAT
T060,60,8,0.9300001,0.00034807,-3.458333406752815,Forward,0.9043220634367375,AS60IV.DAT
T060,60,9,0.9200001,0.00034034,-3.4680870054784263,Forward,0.9043220634367375,AS60IV.DAT
T060,60,10,0.9100001,0.00033262,-3.478051640779466,Forward,0.9043220634367375,AS60IV.DAT
T060,60,11,0.9000001,0.00032495,-3.48818345869691,Forward,0.9043220634367375,AS60IV.DAT
T060,60,12,0.8900001,0.00031733,-3.4984888682759747,Forward,0.9043220634367375,AS60IV.DAT
T060,60,13,0.8800001,0.00030972,-3.5090307494085065,Forward,0.9043220634367375,AS60IV.DAT
T060,60,14,0.8700001,0.00030212,-3.51982052397487,Forward,0.9043220634367375,AS60IV.DAT
T060,60,15,0.8600001,0.00029455,-3.530840972927988,Forward,0.9043220634367375,AS60IV.DAT
T060,60,16,0.8500001,0.000287,-3.5421181032660076,Forward,0.9043220634367375,AS60IV.DAT
T060,60,17,0.8400002,0.00027951,-3.5536026497914057,Forward,0.9043220634367375,AS60IV.DAT
T060,60,18,0.8300002,0.00027203,-3.5653831984804776,Forward,0.9043220634367375,AS60IV.DAT
T060,60,19,0.8200002,0.00026456,-3.5774758180943538,Forward,0.9043220634367375,AS60IV.DAT
T060,60,20,0.8100002,0.00025713,-3.589847250177932,Forward,0.9043220634367375,AS60IV.DAT
T060,60,21,0.8000002,0.00024974,-3.6025118926185655,Forward,0.9043220634367375,AS60IV.DAT
T060,60,22,0.7900002,0.00024233,-3.6155928176910073,Forward,0.9043220634367375,AS60IV.DAT
T060,60,23,0.7800002,0.000235,-3.6289321377282637,Forward,0.9043220634367375,AS60IV.DAT
T060,60,24,0.7700002,0.00022769,-3.6426560429034662,Forward,0.9043220634367375,AS60IV.DAT
T060,60,25,0.7600002,0.00022042,-3.656749001945637,Forward,0.9043220634367375,AS60IV.DAT
T060,60,26,0.7500002,0.00021316,-3.6712942884311257,Forward,0.9043220634367375,AS60IV.DAT
T060,60,27,0.7400002,0.00020595,-3.6862382037075636,Forward,0.9043220634367375,AS60IV.DAT
T060,60,28,0.7300003,0.000198939,-3.701280069442314,Forward,0.9043220634367375,AS60IV.DAT
T060,60,29,0.7200003,0.00019165,-3.717491176409629,Forward,0.9043220634367375,AS60IV.DAT
T060,60,30,0.7100003,0.000184547,-3.7338930103113777,Forward,0.9043220634367375,AS60IV.DAT
T060,60,31,0.7000003,0.000177464,-3.750889733803499,Forward,0.9043220634367375,AS60IV.DAT
T060,60,32,0.6900003,0.000170452,-3.7683978986071756,Forward,0.9043220634367375,AS60IV.DAT
T060,60,33,0.6800003,0.000163485,-3.7865220883619415,Forward,0.9043220634367375,AS60IV.DAT
T060,60,34,0.6700003,0.000156562,-3.80531363942328,Forward,0.9043220634367375,AS60IV.DAT
T060,60,35,0.6600003,0.000149663,-3.8248855535778548,Forward,0.9043220634367375,AS60IV.DAT
T060,60,36,0.6500003,0.000142846,-3.845131916305038,Forward,0.9043220634367375,AS60IV.DAT
T060,60,37,0.6400003,0.000136086,-3.866186551030946,Forward,0.9043220634367375,AS60IV.DAT
T060,60,38,0.6300004,0.000129376,-3.8881462803464197,Forward,0.9043220634367375,AS60IV.DAT
T060,60,39,0.6200004,0.000122741,-3.91101034273766,Forward,0.9043220634367375,AS60IV.DAT
T060,60,40,0.6100004,0.00012285,-3.9106248391839,Forward,0.9043220634367375,AS60IV.DAT
T060,60,41,0.6000004,0.00011617,-3.9349060106428477,Forward,0.9043220634367375,AS60IV.DAT
T060,60,42,0.5900004,0.000109652,-3.9599834425907225,Forward,0.9043220634367375,AS60IV.DAT
T060,60,43,0.5800004,0.000103171,-3.9864423599751686,Forward,0.9043220634367375,AS60IV.DAT
T060,60,44,0.5700004,9.6817e-05,-4.014048378663021,Forward,0.9043220634367375,AS60IV.DAT
T060,60,45,0.5600004,9.0567e-05,-4.043030017870845,Forward,0.9043220634367375,AS60IV.DAT
T060,60,46,0.5500004,8.4387e-05,-4.073724452226459,Forward,0.9043220634367375,AS60IV.DAT
T060,60,47,0.5400004,7.8322e-05,-4.1061162310890635,Forward,0.9043220634367375,AS60IV.DAT
T060,60,48,0.5300004,7.2363e-05,-4.140483436609928,Forward,0.9043220634367375,AS60IV.DAT
T060,60,49,0.5200005,6.6515e-05,-4.177080404582154,Forward,0.9043220634367375,AS60IV.DAT
T060,60,50,0.5100005,6.0828e-05,-4.215896462728973,Forward,0.9043220634367375,AS60IV.DAT
T060,60,51,0.5000005,5.5289e-05,-4.25736126497914,Forward,0.9043220634367375,AS60IV.DAT
T060,60,52,0.4900005,4.9899e-05,-4.3019081577600495,Forward,0.9043220634367375,AS60IV.DAT
T060,60,53,0.4800005,4.4689e-05,-4.349799363382624,Forward,0.9043220634367375,AS60IV.DAT
T060,60,54,0.4700005,3.9695e-05,-4.401264193719595,Forward,0.9043220634367375,AS60IV.DAT
T060,60,55,0.4600005,3.4868e-05,-4.457572962686372,Forward,0.9043220634367375,AS60IV.DAT
T060,60,56,0.4500005,3.0317e-05,-4.5183137762559005,Forward,0.9043220634367375,AS60IV.DAT
T060,60,57,0.4400005,2.6055e-05,-4.5841089224972205,Forward,0.9043220634367375,AS60IV.DAT
T060,60,58,0.4300005,2.2086e-05,-4.65588293216969,Forward,0.9043220634367375,AS60IV.DAT
T060,60,59,0.4200006,1.88991e-05,-4.7235588770087835,Forward,0.9043220634367375,AS60IV.DAT
T060,60,60,0.4100006,1.53179e-05,-4.814800770011868,Forward,0.9043220634367375,AS60IV.DAT
T060,60,61,0.4000006,1.23354e-05,-4.908846763079299,Forward,0.9043220634367375,AS60IV.DAT
T060,60,62,0.3900006,9.754e-06,-5.010817248744453,Forward,0.9043220634367375,AS60IV.DAT
T060,60,63,0.3800006,7.5706e-06,-5.120869699580112,Forward,0.9043220634367375,AS60IV.DAT
T060,60,64,0.3700006,5.7593e-06,-5.239630298627382,Forward,0.9043220634367375,AS60IV.DAT
T060,60,65,0.3600006,4.2945e-06,-5.36708739292272,Forward,0.9043220634367375,AS60IV.DAT
T060,60,66,0.3500006,3.1499e-06,-5.501703233555657,Forward,0.9043220634367375,AS60IV.DAT
T060,60,67,0.3400006,2.2775e-06,-5.642541614354964,Forward,0.9043220634367375,AS60IV.DAT
T060,60,68,0.3300006,1.75107e-06,-5.756696492405369,Forward,0.9043220634367375,AS60IV.DAT
T060,60,69,0.3200006,1.1814e-06,-5.927603033478238,Forward,0.9043220634367375,AS60IV.DAT
T060,60,70,0.3100007,8.17e-07,-6.087777943467585,Forward,0.9043220634367375,AS60IV.DAT
T060,60,71,0.3000007,5.5954e-07,-6.2521688614889275,Forward,0.9043220634367375,AS60IV.DAT
T060,60,72,0.2900007,3.8319e-07,-6.41658583310468,Forward,0.9043220634367375,AS60IV.DAT
T060,60,73,0.2800007,2.615e-07,-6.582528306796707,Forward,0.9043220634367375,AS60IV.DAT
T060,60,74,0.2700007,1.91314e-07,-6.718253247953492,Forward,0.9043220634367375,AS60IV.DAT
T060,60,75,0.2600007,1.2668e-07,-6.897291945300125,Forward,0.9043220634367375,AS60IV.DAT
T060,60,76,0.2500007,8.588e-08,-7.066107964235789,Forward,0.9043220634367375,AS60IV.DAT
T060,60,77,0.2400007,5.9268e-08,-7.227179727790827,Forward,0.9043220634367375,AS60IV.DAT
T060,60,78,0.2300007,4.0854e-08,-7.388765415438013,Forward,0.9043220634367375,AS60IV.DAT
T060,60,79,0.2200007,2.8682e-08,-7.542390568531445,Forward,0.9043220634367375,AS60IV.DAT
T060,60,80,0.2100007,2.0525e-08,-7.687716834208522,Forward,0.9043220634367375,AS60IV.DAT
T060,60,81,0.2000007,1.60275e-08,-7.79513421444423,Forward,0.9043220634367375,AS60IV.DAT
T060,60,82,0.1900007,1.21471e-08,-7.915527393203665,Forward,0.9043220634367375,AS60IV.DAT
T060,60,83,0.1800007,9.1778e-09,-8.037261410559728,Forward,0.9043220634367375,AS60IV.DAT
T060,60,84,0.1700007,7.2823e-09,-8.137731433935325,Forward,0.9043220634367375,AS60IV.DAT
T060,60,85,0.1600007,5.6113e-09,-8.250936511752492,Forward,0.9043220634367375,AS60IV.DAT
T060,60,86,0.1500007,4.5244e-09,-8.344439006285622,Forward,0.9043220634367375,AS60IV.DAT
T060,60,87,0.1400007,3.6654e-09,-8.435878624484348,Forward,0.9043220634367375,AS60IV.DAT
T060,60,88,0.1300007,3.0299e-09,-8.518571704885439,Forward,0.9043220634367375,AS60IV.DAT
T060,60,89,0.1200007,2.4926e-09,-8.603347409314397,Forward,0.9043220634367375,AS60IV.DAT
T060,60,90,0.1100007,2.0353e-09,-8.691371567400948,Forward,0.9043220634367375,AS60IV.DAT
T060,60,91,0.1000007,2.1658e-09,-8.664381650622394,Forward,0.9043220634367375,AS60IV.DAT
T060,60,92,0.09000066,1.84219e-09,-8.734665579515855,Forward,0.9043220634367375,AS60IV.DAT
T060,60,93,0.08000066,1.51332e-09,-8.820069228262515,Forward,0.9043220634367375,AS60IV.DAT
T060,60,94,0.07000066,1.23294e-09,-8.909058057469915,Forward,0.9043220634367375,AS60IV.DAT
T060,60,95,0.06000067,9.909999e-10,-9.00392638933859,Forward,0.9043220634367375,AS60IV.DAT
T060,60,96,0.05000067,7.7587e-10,-9.11021104035558,Forward,0.9043220634367375,AS60IV.DAT
T060,60,97,0.04000067,5.7761e-10,-9.238365296554718,Forward,0.9043220634367375,AS60IV.DAT
T060,60,98,0.03000067,3.9272e-10,-9.405916980908186,Forward,0.9043220634367375,AS60IV.DAT
T060,60,99,0.02000067,2.2915e-10,-9.639880138419194,Forward,0.9043220634367375,AS60IV.DAT
T060,60,100,0.01000067,7.272e-11,-10.13834612978609,Forward,0.9043220634367375,AS60IV.DAT
T060,60,101,6.705523e-07,6.212e-11,-10.20676855294348,Forward,0.9043220634367375,AS60IV.DAT
T060,60,102,-0.009999329,2.0899e-10,-9.679874494026365,Reverse,0.9043220634367375,AS60IV.DAT
T060,60,103,-0.01999933,3.1192e-10,-9.50595677782007,Reverse,0.9043220634367375,AS60IV.DAT
T060,60,104,-0.02999933,4.4915e-10,-9.347608595982946,Reverse,0.9043220634367375,AS60IV.DAT
T060,60,105,-0.03999933,5.8881e-10,-9.230024822807888,Reverse,0.9043220634367375,AS60IV.DAT
T060,60,106,-0.04999933,7.3107e-10,-9.136041037326331,Reverse,0.9043220634367375,AS60IV.DAT
T060,60,107,-0.05999932,8.7818e-10,-9.056416457904081,Reverse,0.9043220634367375,AS60IV.DAT
T060,60,108,-0.06999932,1.04191e-09,-8.98216979369625,Reverse,0.9043220634367375,AS60IV.DAT
T060,60,109,-0.07999932,1.20804e-09,-8.917918685340988,Reverse,0.9043220634367375,AS60IV.DAT
T060,60,110,-0.08999932,1.3857e-09,-8.858330783033791,Reverse,0.9043220634367375,AS60IV.DAT
T060,60,111,-0.09999932,1.58e-09,-8.801342913045577,Reverse,0.9043220634367375,AS60IV.DAT
T060,60,112,-0.1099993,1.77921e-09,-8.749772789151198,Reverse,0.9043220634367375,AS60IV.DAT
T060,60,113,-0.1199993,1.99139e-09,-8.700843678063293,Reverse,0.9043220634367375,AS60IV.DAT
T060,60,114,-0.1299993,2.1659e-09,-8.664361598703657,Reverse,0.9043220634367375,AS60IV.DAT
T060,60,115,-0.1399993,2.8266e-09,-8.548735645378123,Reverse,0.9043220634367375,AS60IV.DAT
T060,60,116,-0.1499993,3.0772e-09,-8.51184427623429,Reverse,0.9043220634367375,AS60IV.DAT
T060,60,117,-0.1599993,3.6991e-09,-8.4319039279814,Reverse,0.9043220634367375,AS60IV.DAT
T060,60,118,-0.1699993,3.3094e-09,-8.480250737435526,Reverse,0.9043220634367375,AS60IV.DAT
T060,60,119,-0.1799993,4.009e-09,-8.396963943749478,Reverse,0.9043220634367375,AS60IV.DAT
T060,60,120,-0.1899993,4.3597e-09,-8.36054339440737,Reverse,0.9043220634367375,AS60IV.DAT
T060,60,121,-0.1999993,4.746e-09,-8.32367226611868,Reverse,0.9043220634367375,AS60IV.DAT
T060,60,122,-0.2099994,5.1431e-09,-8.288775031380645,Reverse,0.9043220634367375,AS60IV.DAT
T060,60,123,-0.2199994,5.5988e-09,-8.251905046069536,Reverse,0.9043220634367375,AS60IV.DAT
T060,60,124,-0.2299994,6.0601e-09,-8.217520209317234,Reverse,0.9043220634367375,AS60IV.DAT
T060,60,125,-0.2399994,6.5386e-09,-8.184515229865598,Reverse,0.9043220634367375,AS60IV.DAT
T060,60,126,-0.2499994,7.0644e-09,-8.150924718140207,Reverse,0.9043220634367375,AS60IV.DAT
T060,60,127,-0.2599994,7.6174e-09,-8.118193238415857,Reverse,0.9043220634367375,AS60IV.DAT
T060,60,128,-0.2699994,8.1934e-09,-8.086535842461211,Reverse,0.9043220634367375,AS60IV.DAT
T060,60,129,-0.2799993,8.8104e-09,-8.055004373784406,Reverse,0.9043220634367375,AS60IV.DAT
T060,60,130,-0.2899993,9.4785e-09,-8.02326038558033,Reverse,0.9043220634367375,AS60IV.DAT
T060,60,131,-0.2999993,1.01517e-08,-7.993461224864265,Reverse,0.9043220634367375,AS60IV.DAT
T060,60,132,-0.3099993,1.09014e-08,-7.962517724698702,Reverse,0.9043220634367375,AS60IV.DAT
T060,60,133,-0.3199993,1.16584e-08,-7.933361048106247,Reverse,0.9043220634367375,AS60IV.DAT
T060,60,134,-0.3299993,1.247e-08,-7.904133546521457,Reverse,0.9043220634367375,AS60IV.DAT
T060,60,135,-0.3399993,1.33221e-08,-7.875427310711798,Reverse,0.9043220634367375,AS60IV.DAT
T060,60,136,-0.3499993,1.42234e-08,-7.846996576268768,Reverse,0.9043220634367375,AS60IV.DAT
T060,60,137,-0.3599993,1.51777e-08,-7.818794035620284,Reverse,0.9043220634367375,AS60IV.DAT
T060,60,138,-0.3699993,1.61789e-08,-7.791051009310267,Reverse,0.9043220634367375,AS60IV.DAT
T060,60,139,-0.3799993,1.72305e-08,-7.763702119876969,Reverse,0.9043220634367375,AS60IV.DAT
T060,60,140,-0.3899992,1.83338e-08,-7.736747510597483,Reverse,0.9043220634367375,AS60IV.DAT
T060,60,141,-0.3999992,1.95029e-08,-7.7099008060551695,Reverse,0.9043220634367375,AS60IV.DAT
T060,60,142,-0.4099992,2.07099e-08,-7.683821998139528,Reverse,0.9043220634367375,AS60IV.DAT
T060,60,143,-0.4199992,2.1886e-08,-7.659833605113923,Reverse,0.9043220634367375,AS60IV.DAT
T060,60,144,-0.4299992,2.3439e-08,-7.630060920970761,Reverse,0.9043220634367375,AS60IV.DAT
T060,60,145,-0.4399992,2.4859e-08,-7.60451634565483,Reverse,0.9043220634367375,AS60IV.DAT
T060,60,146,-0.4499992,2.6317e-08,-7.579763619530112,Reverse,0.9043220634367375,AS60IV.DAT
T060,60,147,-0.4599992,2.7792e-08,-7.556080198896977,Reverse,0.9043220634367375,AS60IV.DAT
T060,60,148,-0.4699992,2.9408e-08,-7.531534510293983,Reverse,0.9043220634367375,AS60IV.DAT
T060,60,149,-0.4799992,3.1153e-08,-7.506500124904954,Reverse,0.9043220634367375,AS60IV.DAT
T060,60,150,-0.4899991,3.2915e-08,-7.482606140571902,Reverse,0.9043220634367375,AS60IV.DAT
T060,60,151,-0.4999991,3.479e-08,-7.458545571252411,Reverse,0.9043220634367375,AS60IV.DAT
T060,60,152,-0.5099992,3.6728e-08,-7.435002720242036,Reverse,0.9043220634367375,AS60IV.DAT
T060,60,153,-0.5199991,3.8745e-08,-7.411784334771002,Reverse,0.9043220634367375,AS60IV.DAT
T060,60,154,-0.5299991,4.0824e-08,-7.389084444675825,Reverse,0.9043220634367375,AS60IV.DAT
T060,60,155,-0.5399991,4.3049e-08,-7.366036932468772,Reverse,0.9043220634367375,AS60IV.DAT
T060,60,156,-0.5499991,4.5379e-08,-7.343145078730216,Reverse,0.9043220634367375,AS60IV.DAT
T060,60,157,-0.5599991,4.7795e-08,-7.32061753405709,Reverse,0.9043220634367375,AS60IV.DAT
T060,60,158,-0.5699991,5.0307e-08,-7.29837158055326,Reverse,0.9043220634367375,AS60IV.DAT
T060,60,159,-0.5799991,5.2901e-08,-7.276536118316854,Reverse,0.9043220634367375,AS60IV.DAT
T060,60,160,-0.5899991,5.5726e-08,-7.253942129387246,Reverse,0.9043220634367375,AS60IV.DAT
T060,60,161,-0.5999991,5.8568e-08,-7.232339606154627,Reverse,0.9043220634367375,AS60IV.DAT
T060,60,162,-0.6099991,6.1516e-08,-7.211011911737271,Reverse,0.9043220634367375,AS60IV.DAT
T060,60,163,-0.6199991,6.4452e-08,-7.190763601576875,Reverse,0.9043220634367375,AS60IV.DAT
T060,60,164,-0.629999,6.7563e-08,-7.17029107469429,Reverse,0.9043220634367375,AS60IV.DAT
T060,60,165,-0.639999,7.0976e-08,-7.148888479866953,Reverse,0.9043220634367375,AS60IV.DAT
T060,60,166,-0.649999,7.4536e-08,-7.127633917519124,Reverse,0.9043220634367375,AS60IV.DAT
T060,60,167,-0.659999,7.8161e-08,-7.107009892844763,Reverse,0.9043220634367375,AS60IV.DAT
T060,60,168,-0.669999,8.1918e-08,-7.086620659390301,Reverse,0.9043220634367375,AS60IV.DAT
T060,60,169,-0.679999,8.5757e-08,-7.066730420121391,Reverse,0.9043220634367375,AS60IV.DAT
T060,60,170,-0.689999,8.9768e-08,-7.046878450639655,Reverse,0.9043220634367375,AS60IV.DAT
T060,60,171,-0.699999,9.3903e-08,-7.027320532732469,Reverse,0.9043220634367375,AS60IV.DAT
T060,60,172,-0.709999,9.8269e-08,-7.007583463370909,Reverse,0.9043220634367375,AS60IV.DAT
T060,60,173,-0.719999,1.02831e-07,-6.987875940794045,Reverse,0.9043220634367375,AS60IV.DAT
T060,60,174,-0.7299989,1.07527e-07,-6.968482470830268,Reverse,0.9043220634367375,AS60IV.DAT
T060,60,175,-0.7399989,1.12229e-07,-6.9498949067820055,Reverse,0.9043220634367375,AS60IV.DAT
T060,60,176,-0.7499989,1.17335e-07,-6.930572422329636,Reverse,0.9043220634367375,AS60IV.DAT
T060,60,177,-0.7599989,1.22529e-07,-6.911761110895954,Reverse,0.9043220634367375,AS60IV.DAT
T060,60,178,-0.7699989,1.2792e-07,-6.893061549261822,Reverse,0.9043220634367375,AS60IV.DAT
T060,60,179,-0.7799989,1.33592e-07,-6.874219548296716,Reverse,0.9043220634367375,AS60IV.DAT
T060,60,180,-0.7899989,1.39287e-07,-6.8560894154620815,Reverse,0.9043220634367375,AS60IV.DAT
T060,60,181,-0.7999989,1.45108e-07,-6.838308643660951,Reverse,0.9043220634367375,AS60IV.DAT
T060,60,182,-0.8099989,1.51498e-07,-6.819593100460007,Reverse,0.9043220634367375,AS60IV.DAT
T060,60,183,-0.8199989,1.57837e-07,-6.801791182291012,Reverse,0.9043220634367375,AS60IV.DAT
T060,60,184,-0.8299989,1.64505e-07,-6.783820897474438,Reverse,0.9043220634367375,AS60IV.DAT
T060,60,185,-0.8399988,1.71267e-07,-6.766326309530364,Reverse,0.9043220634367375,AS60IV.DAT
T060,60,186,-0.8499988,1.77936e-07,-6.749736176594849,Reverse,0.9043220634367375,AS60IV.DAT
T060,60,187,-0.8599988,1.85507e-07,-6.731639697887129,Reverse,0.9043220634367375,AS60IV.DAT
T060,60,188,-0.8699988,1.93059e-07,-6.714309947682878,Reverse,0.9043220634367375,AS60IV.DAT
T060,60,189,-0.8799988,2.00759e-07,-6.69732497624742,Reverse,0.9043220634367375,AS60IV.DAT
T060,60,190,-0.8899988,2.08596e-07,-6.6806940237838095,Reverse,0.9043220634367375,AS60IV.DAT
T060,60,191,-0.8999988,2.1709e-07,-6.6633601813583105,Reverse,0.9043220634367375,AS60IV.DAT
T060,60,192,-0.9099988,2.2571e-07,-6.646449199235879,Reverse,0.9043220634367375,AS60IV.DAT
T060,60,193,-0.9199988,2.3449e-07,-6.629875673364342,Reverse,0.9043220634367375,AS60IV.DAT
T060,60,194,-0.9299988,2.4363e-07,-6.6132692347901685,Reverse,0.9043220634367375,AS60IV.DAT
T060,60,195,-0.9399987,2.5287e-07,-6.597102691443591,Reverse,0.9043220634367375,AS60IV.DAT
T060,60,196,-0.9499987,2.624e-07,-6.581036169296377,Reverse,0.9043220634367375,AS60IV.DAT
T060,60,197,-0.9599987,2.7218e-07,-6.565143790259625,Reverse,0.9043220634367375,AS60IV.DAT
T060,60,198,-0.9699987,2.8206e-07,-6.549658498428104,Reverse,0.9043220634367375,AS60IV.DAT
T060,60,199,-0.9799987,2.9259e-07,-6.533740521064549,Reverse,0.9043220634367375,AS60IV.DAT
T060,60,200,-0.9899987,3.0365e-07,-6.517626714541418,Reverse,0.9043220634367375,AS60IV.DAT
T060,60,201,-0.9999987,3.1465e-07,-6.502172263916496,Reverse,0.9043220634367375,AS60IV.DAT
T060,60,202,-1.009999,3.2618e-07,-6.486542671609428,Reverse,0.9043220634367375,AS60IV.DAT
T060,60,203,-1.019999,3.3783e-07,-6.471301786807798,Reverse,0.9043220634367375,AS60IV.DAT
T060,60,204,-1.029999,3.4952e-07,-6.456527968298488,Reverse,0.9043220634367375,AS60IV.DAT
T060,60,205,-1.039999,3.6193e-07,-6.441375417183403,Reverse,0.9043220634367375,AS60IV.DAT
T060,60,206,-1.049999,3.744e-07,-6.4266641599339325,Reverse,0.9043220634367375,AS60IV.DAT
T060,60,207,-1.059999,3.878e-07,-6.411392195257314,Reverse,0.9043220634367375,AS60IV.DAT
T060,60,208,-1.069999,4.0124e-07,-6.396595778260436,Reverse,0.9043220634367375,AS60IV.DAT
T060,60,209,-1.079999,4.154e-07,-6.38153350780092,Reverse,0.9043220634367375,AS60IV.DAT
T060,60,210,-1.089999,4.2913e-07,-6.367411123362852,Reverse,0.9043220634367375,AS60IV.DAT
T060,60,211,-1.099999,4.4328e-07,-6.353321862848152,Reverse,0.9043220634367375,AS60IV.DAT
T060,60,212,-1.109999,4.5868e-07,-6.338490196164077,Reverse,0.9043220634367375,AS60IV.DAT
T060,60,213,-1.119999,4.7431e-07,-6.323937718909088,Reverse,0.9043220634367375,AS60IV.DAT
T060,60,214,-1.129999,4.9e-07,-6.309803919971486,Reverse,0.9043220634367375,AS60IV.DAT
T060,60,215,-1.139999,5.0617e-07,-6.2957035984518654,Reverse,0.9043220634367375,AS60IV.DAT
T060,60,216,-1.149999,5.2256e-07,-6.281863836943426,Reverse,0.9043220634367375,AS60IV.DAT
T060,60,217,-1.159999,5.3945e-07,-6.2680488025666135,Reverse,0.9043220634367375,AS60IV.DAT
T060,60,218,-1.169999,5.5731e-07,-6.253903164182531,Reverse,0.9043220634367375,AS60IV.DAT
T060,60,219,-1.179999,5.7493e-07,-6.2403850291614225,Reverse,0.9043220634367375,AS60IV.DAT
T060,60,220,-1.189999,5.9307e-07,-6.226894043870861,Reverse,0.9043220634367375,AS60IV.DAT
T060,60,221,-1.199998,6.1207e-07,-6.2131989064896205,Reverse,0.9043220634367375,AS60IV.DAT
T060,60,222,-1.209998,6.3069e-07,-6.2001840549734615,Reverse,0.9043220634367375,AS60IV.DAT
T060,60,223,-1.219998,6.5051e-07,-6.186746022835773,Reverse,0.9043220634367375,AS60IV.DAT
T060,60,224,-1.229998,6.7073e-07,-6.173452268367743,Reverse,0.9043220634367375,AS60IV.DAT
T060,60,225,-1.239998,6.9063e-07,-6.160754560432733,Reverse,0.9043220634367375,AS60IV.DAT
T060,60,226,-1.249998,7.1203e-07,-6.147501707823845,Reverse,0.9043220634367375,AS60IV.DAT
T060,60,227,-1.259998,7.341e-07,-6.134244775928549,Reverse,0.9043220634367375,AS60IV.DAT
T060,60,228,-1.269998,7.5591e-07,-6.121529909300557,Reverse,0.9043220634367375,AS60IV.DAT
T060,60,229,-1.279998,7.7872e-07,-6.108618671100569,Reverse,0.9043220634367375,AS60IV.DAT
T060,60,230,-1.289998,8.0183e-07,-6.095917698907746,Reverse,0.9043220634367375,AS60IV.DAT
T060,60,231,-1.299998,8.2525e-07,-6.083414466997651,Reverse,0.9043220634367375,AS60IV.DAT
T060,60,232,-1.309998,8.493e-07,-6.0709388759152345,Reverse,0.9043220634367375,AS60IV.DAT
T060,60,233,-1.319998,8.7463e-07,-6.058175630340111,Reverse,0.9043220634367375,AS60IV.DAT
T060,60,234,-1.329998,8.9954e-07,-6.0459795200415725,Reverse,0.9043220634367375,AS60IV.DAT
T060,60,235,-1.339998,9.2544e-07,-6.033651733057601,Reverse,0.9043220634367375,AS60IV.DAT
T060,60,236,-1.349998,9.5131e-07,-6.021677938003598,Reverse,0.9043220634367375,AS60IV.DAT
T060,60,237,-1.359998,9.7851e-07,-6.0094347316588905,Reverse,0.9043220634367375,AS60IV.DAT
T060,60,238,-1.369998,1.00648e-06,-5.997194850657032,Reverse,0.9043220634367375,AS60IV.DAT
T060,60,239,-1.379998,1.03416e-06,-5.9854122642000265,Reverse,0.9043220634367375,AS60IV.DAT
T060,60,240,-1.389998,1.06302e-06,-5.973458564443845,Reverse,0.9043220634367375,AS60IV.DAT
T060,60,241,-1.399998,1.09186e-06,-5.96183304398047,Reverse,0.9043220634367375,AS60IV.DAT
T060,60,242,-1.409998,1.12223e-06,-5.949918125705357,Reverse,0.9043220634367375,AS60IV.DAT
T060,60,243,-1.419998,1.15281e-06,-5.938242264909211,Reverse,0.9043220634367375,AS60IV.DAT
T060,60,244,-1.429998,1.18412e-06,-5.926604283510881,Reverse,0.9043220634367375,AS60IV.DAT
T060,60,245,-1.439998,1.21506e-06,-5.915402275954117,Reverse,0.9043220634367375,AS60IV.DAT
T060,60,246,-1.449998,1.2485e-06,-5.903611453312633,Reverse,0.9043220634367375,AS60IV.DAT
T060,60,247,-1.459998,1.28056e-06,-5.8926000680675195,Reverse,0.9043220634367375,AS60IV.DAT
T060,60,248,-1.469998,1.3141e-06,-5.881371584703401,Reverse,0.9043220634367375,AS60IV.DAT
T060,60,249,-1.479998,1.34705e-06,-5.870616283771383,Reverse,0.9043220634367375,AS60IV.DAT
T060,60,250,-1.489998,1.38088e-06,-5.8598440604526525,Reverse,0.9043220634367375,AS60IV.DAT
T060,60,251,-1.499998,1.41577e-06,-5.849007294558727,Reverse,0.9043220634367375,AS60IV.DAT
T060,60,252,-1.509998,1.45261e-06,-5.837850970411529,Reverse,0.9043220634367375,AS60IV.DAT
T060,60,253,-1.519998,1.4909e-06,-5.826551485255686,Reverse,0.9043220634367375,AS60IV.DAT
T060,60,254,-1.529998,1.52529e-06,-5.81664757702137,Reverse,0.9043220634367375,AS60IV.DAT
T060,60,255,-1.539998,1.56444e-06,-5.805641088426126,Reverse,0.9043220634367375,AS60IV.DAT
T060,60,256,-1.549998,1.60272e-06,-5.795142343570042,Reverse,0.9043220634367375,AS60IV.DAT
T060,60,257,-1.559998,1.63996e-06,-5.785166744629821,Reverse,0.9043220634367375,AS60IV.DAT
T060,60,258,-1.569998,1.68061e-06,-5.77453305663719,Reverse,0.9043220634367375,AS60IV.DAT
T060,60,259,-1.579998,1.72091e-06,-5.7642418417732095,Reverse,0.9043220634367375,AS60IV.DAT
T060,60,260,-1.589998,1.76234e-06,-5.753910301440859,Reverse,0.9043220634367375,AS60IV.DAT
T060,60,261,-1.599998,1.80327e-06,-5.743939242367359,Reverse,0.9043220634367375,AS60IV.DAT
T060,60,262,-1.609998,1.84527e-06,-5.73394007886482,Reverse,0.9043220634367375,AS60IV.DAT
T060,60,263,-1.619998,1.89044e-06,-5.723437102000164,Reverse,0.9043220634367375,AS60IV.DAT
T060,60,264,-1.629998,1.93335e-06,-5.713689517254915,Reverse,0.9043220634367375,AS60IV.DAT
T060,60,265,-1.639998,1.98107e-06,-5.703100178637812,Reverse,0.9043220634367375,AS60IV.DAT
T060,60,266,-1.649998,2.02581e-06,-5.693401289390848,Reverse,0.9043220634367375,AS60IV.DAT
T060,60,267,-1.659998,2.07364e-06,-5.683266638296129,Reverse,0.9043220634367375,AS60IV.DAT
T060,60,268,-1.669998,2.1188e-06,-5.67391003573644,Reverse,0.9043220634367375,AS60IV.DAT
T060,60,269,-1.679998,2.1678e-06,-5.663980788048335,Reverse,0.9043220634367375,AS60IV.DAT
T060,60,270,-1.689998,2.2176e-06,-5.654116787068287,Reverse,0.9043220634367375,AS60IV.DAT
T060,60,271,-1.699998,2.269e-06,-5.6441655041150645,Reverse,0.9043220634367375,AS60IV.DAT
T060,60,272,-1.709998,2.3221e-06,-5.634119081534118,Reverse,0.9043220634367375,AS60IV.DAT
T060,60,273,-1.719998,2.3733e-06,-5.6246473607672405,Reverse,0.9043220634367375,AS60IV.DAT
T060,60,274,-1.729998,2.4291e-06,-5.614554606004159,Reverse,0.9043220634367375,AS60IV.DAT
T060,60,275,-1.739998,2.4844e-06,-5.6047784794264865,Reverse,0.9043220634367375,AS60IV.DAT
T060,60,276,-1.749998,2.5396e-06,-5.5952346815976854,Reverse,0.9043220634367375,AS60IV.DAT
T060,60,277,-1.759998,2.5966e-06,-5.585594947241116,Reverse,0.9043220634367375,AS60IV.DAT
T060,60,278,-1.769998,2.6534e-06,-5.57619727519742,Reverse,0.9043220634367375,AS60IV.DAT
T060,60,279,-1.779998,2.714e-06,-5.566390156676282,Reverse,0.9043220634367375,AS60IV.DAT
T060,60,280,-1.789998,2.7723e-06,-5.557159775036117,Reverse,0.9043220634367375,AS60IV.DAT
T060,60,281,-1.799998,2.8318e-06,-5.547937422579577,Reverse,0.9043220634367375,AS60IV.DAT
T060,60,282,-1.809998,2.8948e-06,-5.538381436045984,Reverse,0.9043220634367375,AS60IV.DAT
T060,60,283,-1.819998,2.9577e-06,-5.529045878666351,Reverse,0.9043220634367375,AS60IV.DAT
T060,60,284,-1.829998,3.0222e-06,-5.5196767987586455,Reverse,0.9043220634367375,AS60IV.DAT
T060,60,285,-1.839998,3.0897e-06,-5.510083687134925,Reverse,0.9043220634367375,AS60IV.DAT
T060,60,286,-1.849998,3.1531e-06,-5.501262255462211,Reverse,0.9043220634367375,AS60IV.DAT
T060,60,287,-1.859998,3.2205e-06,-5.49207669650807,Reverse,0.9043220634367375,AS60IV.DAT
T060,60,288,-1.869998,3.2927e-06,-5.482447836333254,Reverse,0.9043220634367375,AS60IV.DAT
T060,60,289,-1.879998,3.3615e-06,-5.473466884409258,Reverse,0.9043220634367375,AS60IV.DAT
T060,60,290,-1.889998,3.4332e-06,-5.464300896147113,Reverse,0.9043220634367375,AS60IV.DAT
T060,60,291,-1.899998,3.5052e-06,-5.4552871969788255,Reverse,0.9043220634367375,AS60IV.DAT
T060,60,292,-1.909998,3.5773e-06,-5.446444637463195,Reverse,0.9043220634367375,AS60IV.DAT
T060,60,293,-1.919998,3.6519e-06,-5.437481123263368,Reverse,0.9043220634367375,AS60IV.DAT
T060,60,294,-1.929998,3.729e-06,-5.428407616638693,Reverse,0.9043220634367375,AS60IV.DAT
T060,60,295,-1.939998,3.8048e-06,-5.419668167061403,Reverse,0.9043220634367375,AS60IV.DAT
T060,60,296,-1.949998,3.8843e-06,-5.410687235171578,Reverse,0.9043220634367375,AS60IV.DAT
T060,60,297,-1.959998,3.9663e-06,-5.401614440050756,Reverse,0.9043220634367375,AS60IV.DAT
T060,60,298,-1.969998,4.0413e-06,-5.393478909144442,Reverse,0.9043220634367375,AS60IV.DAT
T060,60,299,-1.979998,4.1262e-06,-5.384449725274334,Reverse,0.9043220634367375,AS60IV.DAT
T060,60,300,-1.989998,4.2013e-06,-5.376616305919103,Reverse,0.9043220634367375,AS60IV.DAT
T060,60,301,-1.999998,4.2859e-06,-5.367957966274788,Reverse,0.9043220634367375,AS60IV.DAT
T060,60,302,-2.009998,4.3731e-06,-5.359210591497669,Reverse,0.9043220634367375,AS60IV.DAT
T080,80,1,1.0,0.00047389,-3.324322455661521,Forward,0.9043220634367375,AS80IV.DAT
T080,80,2,0.99,0.00046398,-3.3335007394383074,Forward,0.9043220634367375,AS80IV.DAT
T080,80,3,0.98,0.00045494,-3.3420458767212464,Forward,0.9043220634367375,AS80IV.DAT
T080,80,4,0.97,0.00044613,-3.350538571655524,Forward,0.9043220634367375,AS80IV.DAT
T080,80,5,0.96,0.00043747,-3.3590517238557944,Forward,0.9043220634367375,AS80IV.DAT
T080,80,6,0.95,0.00042882,-3.3677249675151892,Forward,0.9043220634367375,AS80IV.DAT
T080,80,7,0.9400001,0.00042021,-3.376533616629869,Forward,0.9043220634367375,AS80IV.DAT
T080,80,8,0.9300001,0.00041165,-3.3854718802524606,Forward,0.9043220634367375,AS80IV.DAT
T080,80,9,0.9200001,0.00040309,-3.3945979758451856,Forward,0.9043220634367375,AS80IV.DAT
T080,80,10,0.9100001,0.00039456,-3.4038869450843623,Forward,0.9043220634367375,AS80IV.DAT
T080,80,11,0.9000001,0.00038605,-3.413356443209534,Forward,0.9043220634367375,AS80IV.DAT
T080,80,12,0.8900001,0.00037757,-3.4230025200732523,Forward,0.9043220634367375,AS80IV.DAT
T080,80,13,0.8800001,0.00036913,-3.4328206573104336,Forward,0.9043220634367375,AS80IV.DAT
T080,80,14,0.8700001,0.00036072,-3.442829777701486,Forward,0.9043220634367375,AS80IV.DAT
T080,80,15,0.8600001,0.00035232,-3.4530627027083423,Forward,0.9043220634367375,AS80IV.DAT
T080,80,16,0.8500001,0.00034388,-3.463593081933782,Forward,0.9043220634367375,AS80IV.DAT
T080,80,17,0.8400002,0.00033552,-3.4742815868787313,Forward,0.9043220634367375,AS80IV.DAT
T080,80,18,0.8300002,0.00032722,-3.4851601596945176,Forward,0.9043220634367375,AS80IV.DAT
T080,80,19,0.8200002,0.00031891,-3.4963318624543507,Forward,0.9043220634367375,AS80IV.DAT
T080,80,20,0.8100002,0.00031065,-3.507728642050866,Forward,0.9043220634367375,AS80IV.DAT
T080,80,21,0.8000002,0.00030242,-3.51938949094061,Forward,0.9043220634367375,AS80IV.DAT
T080,80,22,0.7900002,0.00029416,-3.531416383139194,Forward,0.9043220634367375,AS80IV.DAT
T080,80,23,0.7800002,0.00028599,-3.5436491522581823,Forward,0.9043220634367375,AS80IV.DAT
T080,80,24,0.7700002,0.00027785,-3.556189598878602,Forward,0.9043220634367375,AS80IV.DAT
T080,80,25,0.7600002,0.00026972,-3.5690868489953975,Forward,0.9043220634367375,AS80IV.DAT
T080,80,26,0.7500002,0.00026161,-3.582345659194048,Forward,0.9043220634367375,AS80IV.DAT
T080,80,27,0.7400002,0.00025357,-3.5959021293595117,Forward,0.9043220634367375,AS80IV.DAT
T080,80,28,0.7300003,0.00024555,-3.6098600615323773,Forward,0.9043220634367375,AS80IV.DAT
T080,80,29,0.7200003,0.0002375,-3.6243363860391145,Forward,0.9043220634367375,AS80IV.DAT
T080,80,30,0.7100003,0.0002296,-3.6390281162740643,Forward,0.9043220634367375,AS80IV.DAT
T080,80,31,0.7000003,0.00022167,-3.654293078721572,Forward,0.9043220634367375,AS80IV.DAT
T080,80,32,0.6900003,0.00021381,-3.6699719864833837,Forward,0.9043220634367375,AS80IV.DAT
T080,80,33,0.6800003,0.00020602,-3.686090617164729,Forward,0.9043220634367375,AS80IV.DAT
T080,80,34,0.6700003,0.000198515,-3.702206671917973,Forward,0.9043220634367375,AS80IV.DAT
T080,80,35,0.6600003,0.00019057,-3.719945466026753,Forward,0.9043220634367375,AS80IV.DAT
T080,80,36,0.6500003,0.000182875,-3.7378456608666326,Forward,0.9043220634367375,AS80IV.DAT
T080,80,37,0.6400003,0.000175272,-3.756287457646944,Forward,0.9043220634367375,AS80IV.DAT
T080,80,38,0.6300004,0.00016771,-3.7754410410591577,Forward,0.9043220634367375,AS80IV.DAT
T080,80,39,0.6200004,0.000160192,-3.7953591764078896,Forward,0.9043220634367375,AS80IV.DAT
T080,80,40,0.6100004,0.000152763,-3.815981821425635,Forward,0.9043220634367375,AS80IV.DAT
T080,80,41,0.6000004,0.000152902,-3.8155868338598635,Forward,0.9043220634367375,AS80IV.DAT
T080,80,42,0.5900004,0.000145392,-3.837459489291557,Forward,0.9043220634367375,AS80IV.DAT
T080,80,43,0.5800004,0.000138034,-3.860013926688025,Forward,0.9043220634367375,AS80IV.DAT
T080,80,44,0.5700004,0.000130833,-3.883282700122557,Forward,0.9043220634367375,AS80IV.DAT
T080,80,45,0.5600004,0.000123678,-3.9077075463557853,Forward,0.9043220634367375,AS80IV.DAT
T080,80,46,0.5500004,0.000116611,-3.9332604803319478,Forward,0.9043220634367375,AS80IV.DAT
T080,80,47,0.5400004,0.000109647,-3.9600032463509756,Forward,0.9043220634367375,AS80IV.DAT
T080,80,48,0.5300004,0.000102782,-3.9880829357799277,Forward,0.9043220634367375,AS80IV.DAT
T080,80,49,0.5200005,9.6e-05,-4.017728766960431,Forward,0.9043220634367375,AS80IV.DAT
T080,80,50,0.5100005,8.9352e-05,-4.048895722070002,Forward,0.9043220634367375,AS80IV.DAT
T080,80,51,0.5000005,8.2838e-05,-4.08177039504475,Forward,0.9043220634367375,AS80IV.DAT
T080,80,52,0.4900005,7.6452e-05,-4.116611148870334,Forward,0.9043220634367375,AS80IV.DAT
T080,80,53,0.4800005,7.0214e-05,-4.153576285070377,Forward,0.9043220634367375,AS80IV.DAT
T080,80,54,0.4700005,6.4131e-05,-4.192931988040099,Forward,0.9043220634367375,AS80IV.DAT
T080,80,55,0.4600005,5.8178e-05,-4.235241212684929,Forward,0.9043220634367375,AS80IV.DAT
T080,80,56,0.4500005,5.2454e-05,-4.280221388086445,Forward,0.9043220634367375,AS80IV.DAT
T080,80,57,0.4400005,4.6956e-05,-4.328308906051695,Forward,0.9043220634367375,AS80IV.DAT
T080,80,58,0.4300005,4.1688e-05,-4.3799889398412954,Forward,0.9043220634367375,AS80IV.DAT
T080,80,59,0.4200006,3.6662e-05,-4.435783846922313,Forward,0.9043220634367375,AS80IV.DAT
T080,80,60,0.4100006,3.1914e-05,-4.496018759295776,Forward,0.9043220634367375,AS80IV.DAT
T080,80,61,0.4000006,2.7464e-05,-4.561236209582306,Forward,0.9043220634367375,AS80IV.DAT
T080,80,62,0.3900006,2.3306e-05,-4.632532257882026,Forward,0.9043220634367375,AS80IV.DAT
T080,80,63,0.3800006,2.01679e-05,-4.695339320720933,Forward,0.9043220634367375,AS80IV.DAT
T080,80,64,0.3700006,1.62926e-05,-4.7880096047307115,Forward,0.9043220634367375,AS80IV.DAT
T080,80,65,0.3600006,1.31683e-05,-4.8804702879291595,Forward,0.9043220634367375,AS80IV.DAT
T080,80,66,0.3500006,1.04878e-05,-4.979315603137629,Forward,0.9043220634367375,AS80IV.DAT
T080,80,67,0.3400006,8.2044e-06,-5.085953174052337,Forward,0.9043220634367375,AS80IV.DAT
T080,80,68,0.3300006,6.2862e-06,-5.201611805705549,Forward,0.9043220634367375,AS80IV.DAT
T080,80,69,0.3200006,4.7258e-06,-5.32552466203804,Forward,0.9043220634367375,AS80IV.DAT
T080,80,70,0.3100007,3.4866e-06,-5.4575978741775835,Forward,0.9043220634367375,AS80IV.DAT
T080,80,71,0.3000007,2.5278e-06,-5.597257290489509,Forward,0.9043220634367375,AS80IV.DAT
T080,80,72,0.2900007,2.00562e-06,-5.697751348252906,Forward,0.9043220634367375,AS80IV.DAT
T080,80,73,0.2800007,1.32041e-06,-5.87929119524117,Forward,0.9043220634367375,AS80IV.DAT
T080,80,74,0.2700007,9.0701e-07,-6.04238792471402,Forward,0.9043220634367375,AS80IV.DAT
T080,80,75,0.2600007,6.1474e-07,-6.2113085272173745,Forward,0.9043220634367375,AS80IV.DAT
T080,80,76,0.2500007,4.1091e-07,-6.386253289519406,Forward,0.9043220634367375,AS80IV.DAT
T080,80,77,0.2400007,2.7202e-07,-6.565399163721979,Forward,0.9043220634367375,AS80IV.DAT
T080,80,78,0.2300007,2.03816e-07,-6.690761725928421,Forward,0.9043220634367375,AS80IV.DAT
T080,80,79,0.2200007,1.28283e-07,-6.891830892302912,Forward,0.9043220634367375,AS80IV.DAT
T080,80,80,0.2100007,8.3026e-08,-7.08078588487301,Forward,0.9043220634367375,AS80IV.DAT
T080,80,81,0.2000007,5.4166e-08,-7.266273234600517,Forward,0.9043220634367375,AS80IV.DAT
T080,80,82,0.1900007,3.5386e-08,-7.451168526825847,Forward,0.9043220634367375,AS80IV.DAT
T080,80,83,0.1800007,2.3435e-08,-7.630135042143771,Forward,0.9043220634367375,AS80IV.DAT
T080,80,84,0.1700007,1.72547e-08,-7.76309258719702,Forward,0.9043220634367375,AS80IV.DAT
T080,80,85,0.1600007,1.19881e-08,-7.9212496429980765,Forward,0.9043220634367375,AS80IV.DAT
T080,80,86,0.1500007,8.6594e-09,-8.062512198712037,Forward,0.9043220634367375,AS80IV.DAT
T080,80,87,0.1400007,6.2589e-09,-8.203501987222088,Forward,0.9043220634367375,AS80IV.DAT
T080,80,88,0.1300007,4.647e-09,-8.332827327521132,Forward,0.9043220634367375,AS80IV.DAT
T080,80,89,0.1200007,3.5165e-09,-8.453889378250574,Forward,0.9043220634367375,AS80IV.DAT
T080,80,90,0.1100007,2.7236e-09,-8.564856674493695,Forward,0.9043220634367375,AS80IV.DAT
T080,80,91,0.1000007,2.1151e-09,-8.674669094756304,Forward,0.9043220634367375,AS80IV.DAT
T080,80,92,0.09000066,2.1911e-09,-8.65933780114439,Forward,0.9043220634367375,AS80IV.DAT
T080,80,93,0.08000066,1.81048e-09,-8.742206268382244,Forward,0.9043220634367375,AS80IV.DAT
T080,80,94,0.07000066,1.46303e-09,-8.834746768405875,Forward,0.9043220634367375,AS80IV.DAT
T080,80,95,0.06000067,1.15182e-09,-8.938615384727603,Forward,0.9043220634367375,AS80IV.DAT
T080,80,96,0.05000067,8.9588e-10,-9.047750158672704,Forward,0.9043220634367375,AS80IV.DAT
T080,80,97,0.04000067,6.7041e-10,-9.173659516286449,Forward,0.9043220634367375,AS80IV.DAT
T080,80,98,0.03000067,4.5479e-10,-9.342189093220375,Forward,0.9043220634367375,AS80IV.DAT
T080,80,99,0.02000067,2.7424e-10,-9.561869199756895,Forward,0.9043220634367375,AS80IV.DAT
T080,80,100,0.01000067,1.1063e-10,-9.956127087608575,Forward,0.9043220634367375,AS80IV.DAT
T080,80,101,6.705523e-07,3.707e-11,-10.430977413970437,Forward,0.9043220634367375,AS80IV.DAT
T080,80,102,-0.009999329,1.8788e-10,-9.726119448488788,Reverse,0.9043220634367375,AS80IV.DAT
T080,80,103,-0.01999933,3.176e-10,-9.498119506244942,Reverse,0.9043220634367375,AS80IV.DAT
T080,80,104,-0.02999933,4.6334e-10,-9.334100205669056,Reverse,0.9043220634367375,AS80IV.DAT
T080,80,105,-0.03999933,6.0794e-10,-9.216139280850191,Reverse,0.9043220634367375,AS80IV.DAT
T080,80,106,-0.04999933,7.5632e-10,-9.121294415041161,Reverse,0.9043220634367375,AS80IV.DAT
T080,80,107,-0.05999932,9.1183e-10,-9.040086123232845,Reverse,0.9043220634367375,AS80IV.DAT
T080,80,108,-0.06999932,1.07908e-09,-8.96694635673449,Reverse,0.9043220634367375,AS80IV.DAT
T080,80,109,-0.07999932,1.25294e-09,-8.902069725727973,Reverse,0.9043220634367375,AS80IV.DAT
T080,80,110,-0.08999932,1.43611e-09,-8.842812293684679,Reverse,0.9043220634367375,AS80IV.DAT
T080,80,111,-0.09999932,1.63266e-09,-8.787104247288944,Reverse,0.9043220634367375,AS80IV.DAT
T080,80,112,-0.1099993,1.8395e-09,-8.735300207832854,Reverse,0.9043220634367375,AS80IV.DAT
T080,80,113,-0.1199993,2.06441e-09,-8.685204045874949,Reverse,0.9043220634367375,AS80IV.DAT
T080,80,114,-0.1299993,2.2466e-09,-8.648474245452164,Reverse,0.9043220634367375,AS80IV.DAT
T080,80,115,-0.1399993,2.9298e-09,-8.533162025332233,Reverse,0.9043220634367375,AS80IV.DAT
T080,80,116,-0.1499993,3.1937e-09,-8.495705881705266,Reverse,0.9043220634367375,AS80IV.DAT
T080,80,117,-0.1599993,3.4988e-09,-8.456080882146663,Reverse,0.9043220634367375,AS80IV.DAT
T080,80,118,-0.1699993,3.4444e-09,-8.462886419440972,Reverse,0.9043220634367375,AS80IV.DAT
T080,80,119,-0.1799993,4.1772e-09,-8.379114730668087,Reverse,0.9043220634367375,AS80IV.DAT
T080,80,120,-0.1899993,4.5307e-09,-8.343834693649107,Reverse,0.9043220634367375,AS80IV.DAT
T080,80,121,-0.1999993,4.9152e-09,-8.308458805984602,Reverse,0.9043220634367375,AS80IV.DAT
T080,80,122,-0.2099994,5.3378e-09,-8.27263770265859,Reverse,0.9043220634367375,AS80IV.DAT
T080,80,123,-0.2199994,5.7909e-09,-8.237253934604386,Reverse,0.9043220634367375,AS80IV.DAT
T080,80,124,-0.2299994,6.2715e-09,-8.202628573393904,Reverse,0.9043220634367375,AS80IV.DAT
T080,80,125,-0.2399994,6.7794e-09,-8.16880874097361,Reverse,0.9043220634367375,AS80IV.DAT
T080,80,126,-0.2499994,7.3179e-09,-8.135613529496162,Reverse,0.9043220634367375,AS80IV.DAT
T080,80,127,-0.2599994,7.8872e-09,-8.103077146394071,Reverse,0.9043220634367375,AS80IV.DAT
T080,80,128,-0.2699994,8.4779e-09,-8.071711710403363,Reverse,0.9043220634367375,AS80IV.DAT
T080,80,129,-0.2799993,9.1274e-09,-8.039652916492296,Reverse,0.9043220634367375,AS80IV.DAT
T080,80,130,-0.2899993,9.8029e-09,-8.008645427604803,Reverse,0.9043220634367375,AS80IV.DAT
T080,80,131,-0.2999993,1.0533e-08,-7.977447915814986,Reverse,0.9043220634367375,AS80IV.DAT
T080,80,132,-0.3099993,1.12792e-08,-7.947721702472048,Reverse,0.9043220634367375,AS80IV.DAT
T080,80,133,-0.3199993,1.20776e-08,-7.91801935795915,Reverse,0.9043220634367375,AS80IV.DAT
T080,80,134,-0.3299993,1.29237e-08,-7.8886131318875075,Reverse,0.9043220634367375,AS80IV.DAT
T080,80,135,-0.3399993,1.37845e-08,-7.860608982273416,Reverse,0.9043220634367375,AS80IV.DAT
T080,80,136,-0.3499993,1.47285e-08,-7.831841480916652,Reverse,0.9043220634367375,AS80IV.DAT
T080,80,137,-0.3599993,1.571e-08,-7.803823814960027,Reverse,0.9043220634367375,AS80IV.DAT
T080,80,138,-0.3699993,1.67061e-08,-7.7771249233061805,Reverse,0.9043220634367375,AS80IV.DAT
T080,80,139,-0.3799993,1.77913e-08,-7.749792317110055,Reverse,0.9043220634367375,AS80IV.DAT
T080,80,140,-0.3899992,1.8936e-08,-7.722711755078974,Reverse,0.9043220634367375,AS80IV.DAT
T080,80,141,-0.3999992,2.00334e-08,-7.698245337479787,Reverse,0.9043220634367375,AS80IV.DAT
T080,80,142,-0.4099992,2.1189e-08,-7.673889539029171,Reverse,0.9043220634367375,AS80IV.DAT
T080,80,143,-0.4199992,2.2752e-08,-7.642980420950328,Reverse,0.9043220634367375,AS80IV.DAT
T080,80,144,-0.4299992,2.4113e-08,-7.617748753853416,Reverse,0.9043220634367375,AS80IV.DAT
T080,80,145,-0.4399992,2.5604e-08,-7.5916921814762475,Reverse,0.9043220634367375,AS80IV.DAT
T080,80,146,-0.4499992,2.7128e-08,-7.56658222322997,Reverse,0.9043220634367375,AS80IV.DAT
T080,80,147,-0.4599992,2.8709e-08,-7.541981934708145,Reverse,0.9043220634367375,AS80IV.DAT
T080,80,148,-0.4699992,3.0374e-08,-7.517498011389712,Reverse,0.9043220634367375,AS80IV.DAT
T080,80,149,-0.4799992,3.2031e-08,-7.494429502556829,Reverse,0.9043220634367375,AS80IV.DAT
T080,80,150,-0.4899991,3.3903e-08,-7.469761870357408,Reverse,0.9043220634367375,AS80IV.DAT
T080,80,151,-0.4999991,3.5706e-08,-7.4472587993515615,Reverse,0.9043220634367375,AS80IV.DAT
T080,80,152,-0.5099992,3.7746e-08,-7.42312906443135,Reverse,0.9043220634367375,AS80IV.DAT
T080,80,153,-0.5199991,3.9788e-08,-7.400247890730311,Reverse,0.9043220634367375,AS80IV.DAT
T080,80,154,-0.5299991,4.1908e-08,-7.37770306476123,Reverse,0.9043220634367375,AS80IV.DAT
T080,80,155,-0.5399991,4.4196e-08,-7.354617035097462,Reverse,0.9043220634367375,AS80IV.DAT
T080,80,156,-0.5499991,4.6617e-08,-7.33145567859253,Reverse,0.9043220634367375,AS80IV.DAT
T080,80,157,-0.5599991,4.9085e-08,-7.309051204669397,Reverse,0.9043220634367375,AS80IV.DAT
T080,80,158,-0.5699991,5.1577e-08,-7.287543922402354,Reverse,0.9043220634367375,AS80IV.DAT
T080,80,159,-0.5799991,5.4226e-08,-7.265792430268543,Reverse,0.9043220634367375,AS80IV.DAT
T080,80,160,-0.5899991,5.6996e-08,-7.244155622202668,Reverse,0.9043220634367375,AS80IV.DAT
T080,80,161,-0.5999991,5.9856e-08,-7.2228923091458705,Reverse,0.9043220634367375,AS80IV.DAT
T080,80,162,-0.6099991,6.3039e-08,-7.20039068476226,Reverse,0.9043220634367375,AS80IV.DAT
T080,80,163,-0.6199991,6.6134e-08,-7.179575208955002,Reverse,0.9043220634367375,AS80IV.DAT
T080,80,164,-0.629999,6.9318e-08,-7.159153976273963,Reverse,0.9043220634367375,AS80IV.DAT
T080,80,165,-0.639999,7.258e-08,-7.139183036135463,Reverse,0.9043220634367375,AS80IV.DAT
T080,80,166,-0.649999,7.625e-08,-7.117760151981177,Reverse,0.9043220634367375,AS80IV.DAT
T080,80,167,-0.659999,7.9884e-08,-7.097540197000704,Reverse,0.9043220634367375,AS80IV.DAT
T080,80,168,-0.669999,8.3846e-08,-7.076517651237554,Reverse,0.9043220634367375,AS80IV.DAT
T080,80,169,-0.679999,8.7785e-08,-7.0565796865285515,Reverse,0.9043220634367375,AS80IV.DAT
T080,80,170,-0.689999,9.176e-08,-7.037346595106789,Reverse,0.9043220634367375,AS80IV.DAT
T080,80,171,-0.699999,9.6039e-08,-7.017552370655232,Reverse,0.9043220634367375,AS80IV.DAT
T080,80,172,-0.709999,1.0046e-07,-6.99800682617647,Reverse,0.9043220634367375,AS80IV.DAT
T080,80,173,-0.719999,1.05091e-07,-6.978434475386609,Reverse,0.9043220634367375,AS80IV.DAT
T080,80,174,-0.7299989,1.09773e-07,-6.959504466743514,Reverse,0.9043220634367375,AS80IV.DAT
T080,80,175,-0.7399989,1.14781e-07,-6.940129995893381,Reverse,0.9043220634367375,AS80IV.DAT
T080,80,176,-0.7499989,1.19895e-07,-6.921198927974442,Reverse,0.9043220634367375,AS80IV.DAT
T080,80,177,-0.7599989,1.25173e-07,-6.902489338981603,Reverse,0.9043220634367375,AS80IV.DAT
T080,80,178,-0.7699989,1.30677e-07,-6.88380084434047,Reverse,0.9043220634367375,AS80IV.DAT
T080,80,179,-0.7799989,1.36484e-07,-6.864918257919876,Reverse,0.9043220634367375,AS80IV.DAT
T080,80,180,-0.7899989,1.42543e-07,-6.846054105159276,Reverse,0.9043220634367375,AS80IV.DAT
T080,80,181,-0.7999989,1.48568e-07,-6.82807472301147,Reverse,0.9043220634367375,AS80IV.DAT
T080,80,182,-0.8099989,1.5471e-07,-6.810481613873622,Reverse,0.9043220634367375,AS80IV.DAT
T080,80,183,-0.8199989,1.61329e-07,-6.7922875581663416,Reverse,0.9043220634367375,AS80IV.DAT
T080,80,184,-0.8299989,1.67732e-07,-6.775384074557554,Reverse,0.9043220634367375,AS80IV.DAT
T080,80,185,-0.8399988,1.74855e-07,-6.757321944473624,Reverse,0.9043220634367375,AS80IV.DAT
T080,80,186,-0.8499988,1.81783e-07,-6.740446733608023,Reverse,0.9043220634367375,AS80IV.DAT
T080,80,187,-0.8599988,1.89315e-07,-6.72281497420766,Reverse,0.9043220634367375,AS80IV.DAT
T080,80,188,-0.8699988,1.96962e-07,-6.705617554458688,Reverse,0.9043220634367375,AS80IV.DAT
T080,80,189,-0.8799988,2.048e-07,-6.688670047696207,Reverse,0.9043220634367375,AS80IV.DAT
T080,80,190,-0.8899988,2.1301e-07,-6.671600007627576,Reverse,0.9043220634367375,AS80IV.DAT
T080,80,191,-0.8999988,2.2146e-07,-6.654704704420699,Reverse,0.9043220634367375,AS80IV.DAT
T080,80,192,-0.9099988,2.2999e-07,-6.638291046761684,Reverse,0.9043220634367375,AS80IV.DAT
T080,80,193,-0.9199988,2.3881e-07,-6.621947491387355,Reverse,0.9043220634367375,AS80IV.DAT
T080,80,194,-0.9299988,2.4785e-07,-6.6058110767588305,Reverse,0.9043220634367375,AS80IV.DAT
T080,80,195,-0.9399987,2.5731e-07,-6.589543335202686,Reverse,0.9043220634367375,AS80IV.DAT
T080,80,196,-0.9499987,2.6724e-07,-6.573098536918337,Reverse,0.9043220634367375,AS80IV.DAT
T080,80,197,-0.9599987,2.7687e-07,-6.557724099293412,Reverse,0.9043220634367375,AS80IV.DAT
T080,80,198,-0.9699987,2.8741e-07,-6.5414981253136055,Reverse,0.9043220634367375,AS80IV.DAT
T080,80,199,-0.9799987,2.9793e-07,-6.525885763389632,Reverse,0.9043220634367375,AS80IV.DAT
T080,80,200,-0.9899987,3.0869e-07,-6.510477439242113,Reverse,0.9043220634367375,AS80IV.DAT
T080,80,201,-0.9999987,3.2006e-07,-6.494768599097866,Reverse,0.9043220634367375,AS80IV.DAT
T080,80,202,-1.009999,3.3142e-07,-6.47962128702244,Reverse,0.9043220634367375,AS80IV.DAT
T080,80,203,-1.019999,3.4335e-07,-6.464262948269776,Reverse,0.9043220634367375,AS80IV.DAT
T080,80,204,-1.029999,3.5579e-07,-6.44880626256421,Reverse,0.9043220634367375,AS80IV.DAT
T080,80,205,-1.039999,3.684e-07,-6.433680378475189,Reverse,0.9043220634367375,AS80IV.DAT
T080,80,206,-1.049999,3.8145e-07,-6.41856238076861,Reverse,0.9043220634367375,AS80IV.DAT
T080,80,207,-1.059999,3.9474e-07,-6.403688863219171,Reverse,0.9043220634367375,AS80IV.DAT
T080,80,208,-1.069999,4.0818e-07,-6.389148278655789,Reverse,0.9043220634367375,AS80IV.DAT
T080,80,209,-1.079999,4.2175e-07,-6.374944908738837,Reverse,0.9043220634367375,AS80IV.DAT
T080,80,210,-1.089999,4.365e-07,-6.360015751958412,Reverse,0.9043220634367375,AS80IV.DAT
T080,80,211,-1.099999,4.5127e-07,-6.345563537003939,Reverse,0.9043220634367375,AS80IV.DAT
T080,80,212,-1.109999,4.665e-07,-6.331148351917482,Reverse,0.9043220634367375,AS80IV.DAT
T080,80,213,-1.119999,4.8193e-07,-6.317016038154222,Reverse,0.9043220634367375,AS80IV.DAT
T080,80,214,-1.129999,4.9821e-07,-6.302587559615183,Reverse,0.9043220634367375,AS80IV.DAT
T080,80,215,-1.139999,5.1455e-07,-6.288572417463207,Reverse,0.9043220634367375,AS80IV.DAT
T080,80,216,-1.149999,5.3121e-07,-6.27473375799256,Reverse,0.9043220634367375,AS80IV.DAT
T080,80,217,-1.159999,5.4826e-07,-6.261013438254704,Reverse,0.9043220634367375,AS80IV.DAT
T080,80,218,-1.169999,5.658e-07,-6.247337056879028,Reverse,0.9043220634367375,AS80IV.DAT
T080,80,219,-1.179999,5.8429e-07,-6.2333715464845,Reverse,0.9043220634367375,AS80IV.DAT
T080,80,220,-1.189999,6.0265e-07,-6.219934839102641,Reverse,0.9043220634367375,AS80IV.DAT
T080,80,221,-1.199998,6.2146e-07,-6.206586819296396,Reverse,0.9043220634367375,AS80IV.DAT
T080,80,222,-1.209998,6.4077e-07,-6.193297829538439,Reverse,0.9043220634367375,AS80IV.DAT
T080,80,223,-1.219998,6.6054e-07,-6.18010087789309,Reverse,0.9043220634367375,AS80IV.DAT
T080,80,224,-1.229998,6.809e-07,-6.166916665821657,Reverse,0.9043220634367375,AS80IV.DAT
T080,80,225,-1.239998,7.0192e-07,-6.15371238293913,Reverse,0.9043220634367375,AS80IV.DAT
T080,80,226,-1.249998,7.2316e-07,-6.140765603909502,Reverse,0.9043220634367375,AS80IV.DAT
T080,80,227,-1.259998,7.4533e-07,-6.127651397792634,Reverse,0.9043220634367375,AS80IV.DAT
T080,80,228,-1.269998,7.6787e-07,-6.114712299579891,Reverse,0.9043220634367375,AS80IV.DAT
T080,80,229,-1.279998,7.9087e-07,-6.1018948981996495,Reverse,0.9043220634367375,AS80IV.DAT
T080,80,230,-1.289998,8.1361e-07,-6.089583722182006,Reverse,0.9043220634367375,AS80IV.DAT
T080,80,231,-1.299998,8.3752e-07,-6.077004813203442,Reverse,0.9043220634367375,AS80IV.DAT
T080,80,232,-1.309998,8.6205e-07,-6.064467543810621,Reverse,0.9043220634367375,AS80IV.DAT
T080,80,233,-1.319998,8.8761e-07,-6.051777813559954,Reverse,0.9043220634367375,AS80IV.DAT
T080,80,234,-1.329998,9.1311e-07,-6.03947690098116,Reverse,0.9043220634367375,AS80IV.DAT
T080,80,235,-1.339998,9.3913e-07,-6.027274285928969,Reverse,0.9043220634367375,AS80IV.DAT
T080,80,236,-1.349998,9.655701e-07,-6.015216191135708,Reverse,0.9043220634367375,AS80IV.DAT
T080,80,237,-1.359998,9.9218e-07,-6.003409531560245,Reverse,0.9043220634367375,AS80IV.DAT
T080,80,238,-1.369998,1.02059e-06,-5.991148691310563,Reverse,0.9043220634367375,AS80IV.DAT
T080,80,239,-1.379998,1.04916e-06,-5.979158275563983,Reverse,0.9043220634367375,AS80IV.DAT
T080,80,240,-1.389998,1.07834e-06,-5.96724428474963,Reverse,0.9043220634367375,AS80IV.DAT
T080,80,241,-1.399998,1.1078e-06,-5.955538639189335,Reverse,0.9043220634367375,AS80IV.DAT
T080,80,242,-1.409998,1.13824e-06,-5.943766156494314,Reverse,0.9043220634367375,AS80IV.DAT
T080,80,243,-1.419998,1.16965e-06,-5.931944074842473,Reverse,0.9043220634367375,AS80IV.DAT
T080,80,244,-1.429998,1.20121e-06,-5.920381060982929,Reverse,0.9043220634367375,AS80IV.DAT
T080,80,245,-1.439998,1.23252e-06,-5.909206024732951,Reverse,0.9043220634367375,AS80IV.DAT
T080,80,246,-1.449998,1.26642e-06,-5.897422239474624,Reverse,0.9043220634367375,AS80IV.DAT
T080,80,247,-1.459998,1.29867e-06,-5.886501191795619,Reverse,0.9043220634367375,AS80IV.DAT
T080,80,248,-1.469998,1.33252e-06,-5.875326263859023,Reverse,0.9043220634367375,AS80IV.DAT
T080,80,249,-1.479998,1.36714e-06,-5.864187009854834,Reverse,0.9043220634367375,AS80IV.DAT
T080,80,250,-1.489998,1.40166e-06,-5.853357320200546,Reverse,0.9043220634367375,AS80IV.DAT
T080,80,251,-1.499998,1.4376e-06,-5.842361935899083,Reverse,0.9043220634367375,AS80IV.DAT
T080,80,252,-1.509998,1.47331e-06,-5.831705863391942,Reverse,0.9043220634367375,AS80IV.DAT
T080,80,253,-1.519998,1.51089e-06,-5.8207671532202045,Reverse,0.9043220634367375,AS80IV.DAT
T080,80,254,-1.529998,1.5496e-06,-5.809780392288945,Reverse,0.9043220634367375,AS80IV.DAT
T080,80,255,-1.539998,1.58793e-06,-5.799168646294182,Reverse,0.9043220634367375,AS80IV.DAT
T080,80,256,-1.549998,1.62777e-06,-5.788406959881372,Reverse,0.9043220634367375,AS80IV.DAT
T080,80,257,-1.559998,1.6675e-06,-5.777934157411414,Reverse,0.9043220634367375,AS80IV.DAT
T080,80,258,-1.569998,1.70518e-06,-5.768229769820692,Reverse,0.9043220634367375,AS80IV.DAT
T080,80,259,-1.579998,1.74585e-06,-5.757993072755727,Reverse,0.9043220634367375,AS80IV.DAT
T080,80,260,-1.589998,1.78733e-06,-5.747795255022236,Reverse,0.9043220634367375,AS80IV.DAT
T080,80,261,-1.599998,1.83088e-06,-5.737340119404294,Reverse,0.9043220634367375,AS80IV.DAT
T080,80,262,-1.609998,1.87519e-06,-5.726954721658377,Reverse,0.9043220634367375,AS80IV.DAT
T080,80,263,-1.619998,1.91865e-06,-5.7170042420086755,Reverse,0.9043220634367375,AS80IV.DAT
T080,80,264,-1.629998,1.96196e-06,-5.707309851164205,Reverse,0.9043220634367375,AS80IV.DAT
T080,80,265,-1.639998,2.01136e-06,-5.696510190954236,Reverse,0.9043220634367375,AS80IV.DAT
T080,80,266,-1.649998,2.05754e-06,-5.686651713048662,Reverse,0.9043220634367375,AS80IV.DAT
T080,80,267,-1.659998,2.1033e-06,-5.677098778168448,Reverse,0.9043220634367375,AS80IV.DAT
T080,80,268,-1.669998,2.1557e-06,-5.666411678276579,Reverse,0.9043220634367375,AS80IV.DAT
T080,80,269,-1.679998,2.2037e-06,-5.656847528337743,Reverse,0.9043220634367375,AS80IV.DAT
T080,80,270,-1.689998,2.2552e-06,-5.646814937136454,Reverse,0.9043220634367375,AS80IV.DAT
T080,80,271,-1.699998,2.3053e-06,-5.6372725497248,Reverse,0.9043220634367375,AS80IV.DAT
T080,80,272,-1.709998,2.359e-06,-5.6272720591144045,Reverse,0.9043220634367375,AS80IV.DAT
T080,80,273,-1.719998,2.4114e-06,-5.617730743424321,Reverse,0.9043220634367375,AS80IV.DAT
T080,80,274,-1.729998,2.4665e-06,-5.60791888020184,Reverse,0.9043220634367375,AS80IV.DAT
T080,80,275,-1.739998,2.5206e-06,-5.598496068078364,Reverse,0.9043220634367375,AS80IV.DAT
T080,80,276,-1.749998,2.5794e-06,-5.588481304499349,Reverse,0.9043220634367375,AS80IV.DAT
T080,80,277,-1.759998,2.6364e-06,-5.578988697031865,Reverse,0.9043220634367375,AS80IV.DAT
T080,80,278,-1.769998,2.6969e-06,-5.569135156718541,Reverse,0.9043220634367375,AS80IV.DAT
T080,80,279,-1.779998,2.7569e-06,-5.559578986609435,Reverse,0.9043220634367375,AS80IV.DAT
T080,80,280,-1.789998,2.8143e-06,-5.550629609317742,Reverse,0.9043220634367375,AS80IV.DAT
T080,80,281,-1.799998,2.8786e-06,-5.5408186789433165,Reverse,0.9043220634367375,AS80IV.DAT
T080,80,282,-1.809998,2.9403e-06,-5.531608356085238,Reverse,0.9043220634367375,AS80IV.DAT
T080,80,283,-1.819998,3.0048e-06,-5.522184429413983,Reverse,0.9043220634367375,AS80IV.DAT
T080,80,284,-1.829998,3.0691e-06,-5.512988960789208,Reverse,0.9043220634367375,AS80IV.DAT
T080,80,285,-1.839998,3.1334e-06,-5.503984160910138,Reverse,0.9043220634367375,AS80IV.DAT
T080,80,286,-1.849998,3.2038e-06,-5.494334602952171,Reverse,0.9043220634367375,AS80IV.DAT
T080,80,287,-1.859998,3.2712e-06,-5.48529290245372,Reverse,0.9043220634367375,AS80IV.DAT
T080,80,288,-1.869998,3.3411e-06,-5.476110525619499,Reverse,0.9043220634367375,AS80IV.DAT
T080,80,289,-1.879998,3.4121e-06,-5.466978249247838,Reverse,0.9043220634367375,AS80IV.DAT
T080,80,290,-1.889998,3.483e-06,-5.458046525541763,Reverse,0.9043220634367375,AS80IV.DAT
T080,80,291,-1.899998,3.5557e-06,-5.44907488826446,Reverse,0.9043220634367375,AS80IV.DAT
T080,80,292,-1.909998,3.63e-06,-5.440093374963888,Reverse,0.9043220634367375,AS80IV.DAT
T080,80,293,-1.919998,3.7037e-06,-5.431364198453687,Reverse,0.9043220634367375,AS80IV.DAT
T080,80,294,-1.929998,3.7812e-06,-5.422370350778375,Reverse,0.9043220634367375,AS80IV.DAT
T080,80,295,-1.939998,3.8626e-06,-5.413120263842576,Reverse,0.9043220634367375,AS80IV.DAT
T080,80,296,-1.949998,3.9399e-06,-5.404514801016896,Reverse,0.9043220634367375,AS80IV.DAT
T080,80,297,-1.959998,4.0226e-06,-5.395493150732135,Reverse,0.9043220634367375,AS80IV.DAT
T080,80,298,-1.969998,4.1059e-06,-5.386591632163929,Reverse,0.9043220634367375,AS80IV.DAT
T080,80,299,-1.979998,4.189e-06,-5.377889639638781,Reverse,0.9043220634367375,AS80IV.DAT
T080,80,300,-1.989998,4.2656e-06,-5.3700198722662345,Reverse,0.9043220634367375,AS80IV.DAT
T080,80,301,-1.999998,4.3506e-06,-5.361450844489044,Reverse,0.9043220634367375,AS80IV.DAT
T080,80,302,-2.009998,4.4413e-06,-5.352489890203012,Reverse,0.9043220634367375,AS80IV.DAT
T100,100,1,1.0,0.00056818,-3.2455140575587156,Forward,0.9043220634367375,AS100IV.DAT
T100,100,2,0.99,0.00055766,-3.2536305055932253,Forward,0.9043220634367375,AS100IV.DAT
T100,100,3,0.98,0.00054759,-3.2615444914812066,Forward,0.9043220634367375,AS100IV.DAT
T100,100,4,0.97,0.00053764,-3.269508427578791,Forward,0.9043220634367375,AS100IV.DAT
T100,100,5,0.96,0.00052781,-3.2775223858028246,Forward,0.9043220634367375,AS100IV.DAT
T100,100,6,0.95,0.000518,-3.285670240254767,Forward,0.9043220634367375,AS100IV.DAT
T100,100,7,0.9400001,0.00050821,-3.2939567936302168,Forward,0.9043220634367375,AS100IV.DAT
T100,100,8,0.9300001,0.00049846,-3.3023696868533796,Forward,0.9043220634367375,AS100IV.DAT
T100,100,9,0.9200001,0.00048874,-3.310922115507583,Forward,0.9043220634367375,AS100IV.DAT
T100,100,10,0.9100001,0.00047902,-3.319646353582703,Forward,0.9043220634367375,AS100IV.DAT
T100,100,11,0.9000001,0.00046937,-3.328484671982463,Forward,0.9043220634367375,AS100IV.DAT
T100,100,12,0.8900001,0.00045973,-3.337497155137345,Forward,0.9043220634367375,AS100IV.DAT
T100,100,13,0.8800001,0.00045013,-3.346662041493251,Forward,0.9043220634367375,AS100IV.DAT
T100,100,14,0.8700001,0.00044056,-3.355994936526774,Forward,0.9043220634367375,AS100IV.DAT
T100,100,15,0.8600001,0.00043102,-3.3655025774306475,Forward,0.9043220634367375,AS100IV.DAT
T100,100,16,0.8500001,0.00042144,-3.3752642467183103,Forward,0.9043220634367375,AS100IV.DAT
T100,100,17,0.8400002,0.00041197,-3.3851344085028625,Forward,0.9043220634367375,AS100IV.DAT
T100,100,18,0.8300002,0.00040251,-3.3952233255051305,Forward,0.9043220634367375,AS100IV.DAT
T100,100,19,0.8200002,0.0003931,-3.4054969561799107,Forward,0.9043220634367375,AS100IV.DAT
T100,100,20,0.8100002,0.00038368,-3.4160308385812455,Forward,0.9043220634367375,AS100IV.DAT
T100,100,21,0.8000002,0.00037434,-3.426733763985993,Forward,0.9043220634367375,AS100IV.DAT
T100,100,22,0.7900002,0.00036496,-3.4377547320674267,Forward,0.9043220634367375,AS100IV.DAT
T100,100,23,0.7800002,0.00035566,-3.448964975849123,Forward,0.9043220634367375,AS100IV.DAT
T100,100,24,0.7700002,0.0003464,-3.460422116654691,Forward,0.9043220634367375,AS100IV.DAT
T100,100,25,0.7600002,0.00033714,-3.4721897175214567,Forward,0.9043220634367375,AS100IV.DAT
T100,100,26,0.7500002,0.00032795,-3.484192364761946,Forward,0.9043220634367375,AS100IV.DAT
T100,100,27,0.7400002,0.0003188,-3.4964816872759252,Forward,0.9043220634367375,AS100IV.DAT
T100,100,28,0.7300003,0.00030968,-3.5090868416891015,Forward,0.9043220634367375,AS100IV.DAT
T100,100,29,0.7200003,0.00030052,-3.52212661983228,Forward,0.9043220634367375,AS100IV.DAT
T100,100,30,0.7100003,0.00029149,-3.535376339770538,Forward,0.9043220634367375,AS100IV.DAT
T100,100,31,0.7000003,0.00028249,-3.548996921372639,Forward,0.9043220634367375,AS100IV.DAT
T100,100,32,0.6900003,0.00027355,-3.5629632808865117,Forward,0.9043220634367375,AS100IV.DAT
T100,100,33,0.6800003,0.00026462,-3.577377334897612,Forward,0.9043220634367375,AS100IV.DAT
T100,100,34,0.6700003,0.00025575,-3.5921843576158023,Forward,0.9043220634367375,AS100IV.DAT
T100,100,35,0.6600003,0.00024689,-3.6074965003182538,Forward,0.9043220634367375,AS100IV.DAT
T100,100,36,0.6500003,0.0002381,-3.62324060459512,Forward,0.9043220634367375,AS100IV.DAT
T100,100,37,0.6400003,0.0002294,-3.639406586434751,Forward,0.9043220634367375,AS100IV.DAT
T100,100,38,0.6300004,0.0002207,-3.656197666838345,Forward,0.9043220634367375,AS100IV.DAT
T100,100,39,0.6200004,0.00021208,-3.673500285274963,Forward,0.9043220634367375,AS100IV.DAT
T100,100,40,0.6100004,0.00020353,-3.6913715674009473,Forward,0.9043220634367375,AS100IV.DAT
T100,100,41,0.6000004,0.000195291,-3.7093177707438967,Forward,0.9043220634367375,AS100IV.DAT
T100,100,42,0.5900004,0.000195291,-3.7093177707438967,Forward,0.9043220634367375,AS100IV.DAT
T100,100,43,0.5800004,0.000186648,-3.7289766593332696,Forward,0.9043220634367375,AS100IV.DAT
T100,100,44,0.5700004,0.000178274,-3.7489119909799653,Forward,0.9043220634367375,AS100IV.DAT
T100,100,45,0.5600004,0.00016996,-3.769653277582523,Forward,0.9043220634367375,AS100IV.DAT
T100,100,46,0.5500004,0.000161751,-3.7911530256939487,Forward,0.9043220634367375,AS100IV.DAT
T100,100,47,0.5400004,0.000153593,-3.813628576821744,Forward,0.9043220634367375,AS100IV.DAT
T100,100,48,0.5300004,0.000145546,-3.83699972565491,Forward,0.9043220634367375,AS100IV.DAT
T100,100,49,0.5200005,0.000137542,-3.8615646648664064,Forward,0.9043220634367375,AS100IV.DAT
T100,100,50,0.5100005,0.000129683,-3.8871169513645416,Forward,0.9043220634367375,AS100IV.DAT
T100,100,51,0.5000005,0.000121936,-3.9138680557174164,Forward,0.9043220634367375,AS100IV.DAT
T100,100,52,0.4900005,0.000114241,-3.9421780039871837,Forward,0.9043220634367375,AS100IV.DAT
T100,100,53,0.4800005,0.000106705,-3.9718152298582563,Forward,0.9043220634367375,AS100IV.DAT
T100,100,54,0.4700005,9.93e-05,-4.0030507515046185,Forward,0.9043220634367375,AS100IV.DAT
T100,100,55,0.4600005,9.1989e-05,-4.036264102273135,Forward,0.9043220634367375,AS100IV.DAT
T100,100,56,0.4500005,8.4856e-05,-4.071317444156382,Forward,0.9043220634367375,AS100IV.DAT
T100,100,57,0.4400005,7.792e-05,-4.1083510561294405,Forward,0.9043220634367375,AS100IV.DAT
T100,100,58,0.4300005,7.114e-05,-4.147886139150239,Forward,0.9043220634367375,AS100IV.DAT
T100,100,59,0.4200006,6.4549e-05,-4.190110481481929,Forward,0.9043220634367375,AS100IV.DAT
T100,100,60,0.4100006,5.8199e-05,-4.235084477518719,Forward,0.9043220634367375,AS100IV.DAT
T100,100,61,0.4000006,5.2045e-05,-4.28362098712777,Forward,0.9043220634367375,AS100IV.DAT
T100,100,62,0.3900006,4.6162e-05,-4.335715383341332,Forward,0.9043220634367375,AS100IV.DAT
T100,100,63,0.3800006,4.056e-05,-4.391902053674721,Forward,0.9043220634367375,AS100IV.DAT
T100,100,64,0.3700006,3.5266e-05,-4.452643796823649,Forward,0.9043220634367375,AS100IV.DAT
T100,100,65,0.3600006,3.0312e-05,-4.518385407733064,Forward,0.9043220634367375,AS100IV.DAT
T100,100,66,0.3500006,2.571e-05,-4.58989792335714,Forward,0.9043220634367375,AS100IV.DAT
T100,100,67,0.3400006,2.1493e-05,-4.6677029613111145,Forward,0.9043220634367375,AS100IV.DAT
T100,100,68,0.3300006,1.83088e-05,-4.737340119404294,Forward,0.9043220634367375,AS100IV.DAT
T100,100,69,0.3200006,1.44986e-05,-4.838673931670464,Forward,0.9043220634367375,AS100IV.DAT
T100,100,70,0.3100007,1.15249e-05,-4.938362834236501,Forward,0.9043220634367375,AS100IV.DAT
T100,100,71,0.3000007,9.0035e-06,-5.045588631093815,Forward,0.9043220634367375,AS100IV.DAT
T100,100,72,0.2900007,6.9049e-06,-5.160842606696164,Forward,0.9043220634367375,AS100IV.DAT
T100,100,73,0.2800007,5.2e-06,-5.2839966563652006,Forward,0.9043220634367375,AS100IV.DAT
T100,100,74,0.2700007,3.846e-06,-5.414990720097539,Forward,0.9043220634367375,AS100IV.DAT
T100,100,75,0.2600007,2.7932e-06,-5.553897966631021,Forward,0.9043220634367375,AS100IV.DAT
T100,100,76,0.2500007,2.0068e-06,-5.697495907644286,Forward,0.9043220634367375,AS100IV.DAT
T100,100,77,0.2400007,1.59926e-06,-5.796080925005434,Forward,0.9043220634367375,AS100IV.DAT
T100,100,78,0.2300007,1.04579e-06,-5.980555515275136,Forward,0.9043220634367375,AS100IV.DAT
T100,100,79,0.2200007,7.1851e-07,-6.143567183111388,Forward,0.9043220634367375,AS100IV.DAT
T100,100,80,0.2100007,4.9088e-07,-6.309024662067132,Forward,0.9043220634367375,AS100IV.DAT
T100,100,81,0.2000007,3.293e-07,-6.482408269288092,Forward,0.9043220634367375,AS100IV.DAT
T100,100,82,0.1900007,2.2049e-07,-6.656611102537646,Forward,0.9043220634367375,AS100IV.DAT
T100,100,83,0.1800007,1.68715e-07,-6.772846303731976,Forward,0.9043220634367375,AS100IV.DAT
T100,100,84,0.1700007,1.06831e-07,-6.971302706339312,Forward,0.9043220634367375,AS100IV.DAT
T100,100,85,0.1600007,6.9526e-08,-7.157852755914236,Forward,0.9043220634367375,AS100IV.DAT
T100,100,86,0.1500007,2.9399e-08,-7.5316674417602245,Forward,0.9043220634367375,AS100IV.DAT
T100,100,87,0.1400007,3.0527e-08,-7.515315873312317,Forward,0.9043220634367375,AS100IV.DAT
T100,100,88,0.1300007,2.5738e-08,-7.589425203457672,Forward,0.9043220634367375,AS100IV.DAT
T100,100,89,0.1200007,1.71606e-08,-7.765467531631036,Forward,0.9043220634367375,AS100IV.DAT
T100,100,90,0.1100007,1.15205e-08,-7.938528671734969,Forward,0.9043220634367375,AS100IV.DAT
T100,100,91,0.1000007,7.3538e-09,-8.133488185736875,Forward,0.9043220634367375,AS100IV.DAT
T100,100,92,0.09000066,4.7543e-09,-8.32291341742613,Forward,0.9043220634367375,AS100IV.DAT
T100,100,93,0.08000066,3.129e-09,-8.504594436853807,Forward,0.9043220634367375,AS100IV.DATT100,100,94,0.07000066,2.0807e-09,-8.68179053282862,Forward,0.9043220634367375,AS100IV.DAT
T100,100,95,0.06000067,1.92447e-09,-8.715688854606286,Forward,0.9043220634367375,AS100IV.DAT
T100,100,96,0.05000067,1.52192e-09,-8.81760817573344,Forward,0.9043220634367375,AS100IV.DAT
T100,100,97,0.04000067,1.03417e-09,-8.985408064730096,Forward,0.9043220634367375,AS100IV.DAT
T100,100,98,0.03000067,6.8581e-10,-9.163796186597633,Forward,0.9043220634367375,AS100IV.DAT
T100,100,99,0.02000067,4.069e-10,-9.390512310146715,Forward,0.9043220634367375,AS100IV.DAT
T100,100,100,0.01000067,1.7667e-10,-9.752837190960669,Forward,0.9043220634367375,AS100IV.DAT
T100,100,101,6.705523e-07,2.048e-11,-10.688670047696206,Forward,0.9043220634367375,AS100IV.DAT
T100,100,102,-0.009999329,1.488e-10,-9.82739706879014,Reverse,0.9043220634367375,AS100IV.DAT
T100,100,103,-0.01999933,3.5342e-10,-9.451708877455552,Reverse,0.9043220634367375,AS100IV.DAT
T100,100,104,-0.02999933,4.9968e-10,-9.301308033113877,Reverse,0.9043220634367375,AS100IV.DAT
T100,100,105,-0.03999933,6.7305e-10,-9.171952671411244,Reverse,0.9043220634367375,AS100IV.DAT
T100,100,106,-0.04999933,8.3956e-10,-9.075948261124774,Reverse,0.9043220634367375,AS100IV.DAT
T100,100,107,-0.05999932,1.01024e-09,-8.995575439787876,Reverse,0.9043220634367375,AS100IV.DAT
T100,100,108,-0.06999932,1.17816e-09,-8.928795726188525,Reverse,0.9043220634367375,AS100IV.DAT
T100,100,109,-0.07999932,1.37335e-09,-8.862218768154408,Reverse,0.9043220634367375,AS100IV.DAT
T100,100,110,-0.08999932,1.58184e-09,-8.800837446648222,Reverse,0.9043220634367375,AS100IV.DAT
T100,100,111,-0.09999932,1.77916e-09,-8.749784994022585,Reverse,0.9043220634367375,AS100IV.DAT
T100,100,112,-0.1099993,2.00303e-09,-8.698312546094897,Reverse,0.9043220634367375,AS100IV.DAT
T100,100,113,-0.1199993,2.1912e-09,-8.659317980754095,Reverse,0.9043220634367375,AS100IV.DAT
T100,100,114,-0.1299993,2.8845e-09,-8.539929456705838,Reverse,0.9043220634367375,AS100IV.DAT
T100,100,115,-0.1399993,3.1509e-09,-8.501565379795643,Reverse,0.9043220634367375,AS100IV.DAT
T100,100,116,-0.1499993,3.4558e-09,-8.461451399702911,Reverse,0.9043220634367375,AS100IV.DAT
T100,100,117,-0.1599993,3.7744e-09,-8.42315207645848,Reverse,0.9043220634367375,AS100IV.DAT
T100,100,118,-0.1699993,4.134e-09,-8.383629527708731,Reverse,0.9043220634367375,AS100IV.DAT
T100,100,119,-0.1799993,4.4833e-09,-8.348402199348495,Reverse,0.9043220634367375,AS100IV.DAT
T100,100,120,-0.1899993,4.884e-09,-8.311224344727155,Reverse,0.9043220634367375,AS100IV.DAT
T100,100,121,-0.1999993,4.9348e-09,-8.306730443937909,Reverse,0.9043220634367375,AS100IV.DAT
T100,100,122,-0.2099994,5.7602e-09,-8.239562437169072,Reverse,0.9043220634367375,AS100IV.DAT
T100,100,123,-0.2199994,6.2136e-09,-8.206656707853522,Reverse,0.9043220634367375,AS100IV.DAT
T100,100,124,-0.2299994,6.738e-09,-8.171468993354898,Reverse,0.9043220634367375,AS100IV.DAT
T100,100,125,-0.2399994,7.2633e-09,-8.138866017568764,Reverse,0.9043220634367375,AS100IV.DAT
T100,100,126,-0.2499994,7.8343e-09,-8.105999801967377,Reverse,0.9043220634367375,AS100IV.DAT
T100,100,127,-0.2599994,8.4164e-09,-8.074873632308133,Reverse,0.9043220634367375,AS100IV.DAT
T100,100,128,-0.2699994,9.0675e-09,-8.042512435747527,Reverse,0.9043220634367375,AS100IV.DAT
T100,100,129,-0.2799993,9.7517e-09,-8.010919667761765,Reverse,0.9043220634367375,AS100IV.DAT
T100,100,130,-0.2899993,1.04463e-08,-7.981037506119768,Reverse,0.9043220634367375,AS100IV.DAT
T100,100,131,-0.2999993,1.1205e-08,-7.95058813912892,Reverse,0.9043220634367375,AS100IV.DAT
T100,100,132,-0.3099993,1.2009e-08,-7.920493155175232,Reverse,0.9043220634367375,AS100IV.DAT
T100,100,133,-0.3199993,1.28405e-08,-7.891418064817546,Reverse,0.9043220634367375,AS100IV.DAT
T100,100,134,-0.3299993,1.37701e-08,-7.8610629058367225,Reverse,0.9043220634367375,AS100IV.DAT
T100,100,135,-0.3399993,1.46472e-08,-7.834245388331801,Reverse,0.9043220634367375,AS100IV.DAT
T100,100,136,-0.3499993,1.5628e-08,-7.806096597447253,Reverse,0.9043220634367375,AS100IV.DAT
T100,100,137,-0.3599993,1.66479e-08,-7.778640541492887,Reverse,0.9043220634367375,AS100IV.DAT
T100,100,138,-0.3699993,1.77328e-08,-7.751222684109209,Reverse,0.9043220634367375,AS100IV.DAT
T100,100,139,-0.3799993,1.88699e-08,-7.7242304013487555,Reverse,0.9043220634367375,AS100IV.DAT
T100,100,140,-0.3899992,2.00487e-08,-7.697913782701178,Reverse,0.9043220634367375,AS100IV.DAT
T100,100,141,-0.3999992,2.1155e-08,-7.674586970332687,Reverse,0.9043220634367375,AS100IV.DAT
T100,100,142,-0.4099992,2.2712e-08,-7.643744620482199,Reverse,0.9043220634367375,AS100IV.DAT
T100,100,143,-0.4199992,2.4047e-08,-7.618939096617109,Reverse,0.9043220634367375,AS100IV.DAT
T100,100,144,-0.4299992,2.5535e-08,-7.592864137808441,Reverse,0.9043220634367375,AS100IV.DAT
T100,100,145,-0.4399992,2.705e-08,-7.567832730557412,Reverse,0.9043220634367375,AS100IV.DAT
T100,100,146,-0.4499992,2.8597e-08,-7.5436795246256265,Reverse,0.9043220634367375,AS100IV.DAT
T100,100,147,-0.4599992,3.0192e-08,-7.520108117179144,Reverse,0.9043220634367375,AS100IV.DAT
T100,100,148,-0.4699992,3.1953e-08,-7.495488360595368,Reverse,0.9043220634367375,AS100IV.DAT
T100,100,149,-0.4799992,3.3644e-08,-7.473092375696501,Reverse,0.9043220634367375,AS100IV.DAT
T100,100,150,-0.4899991,3.5672e-08,-7.447672540658449,Reverse,0.9043220634367375,AS100IV.DAT
T100,100,151,-0.4999991,3.7729e-08,-7.423324705539458,Reverse,0.9043220634367375,AS100IV.DAT
T100,100,152,-0.5099992,3.9676e-08,-7.401472118410321,Reverse,0.9043220634367375,AS100IV.DAT
T100,100,153,-0.5199991,4.1815e-08,-7.378667898879192,Reverse,0.9043220634367375,AS100IV.DAT
T100,100,154,-0.5299991,4.4043e-08,-7.3561231066151,Reverse,0.9043220634367375,AS100IV.DAT
T100,100,155,-0.5399991,4.6272e-08,-7.334681728721582,Reverse,0.9043220634367375,AS100IV.DAT
T100,100,156,-0.5499991,4.8793e-08,-7.311642478805309,Reverse,0.9043220634367375,AS100IV.DAT
T100,100,157,-0.5599991,5.136e-08,-7.2893749849392036,Reverse,0.9043220634367375,AS100IV.DAT
T100,100,158,-0.5699991,5.4048e-08,-7.267220372109086,Reverse,0.9043220634367375,AS100IV.DAT
T100,100,159,-0.5799991,5.6754e-08,-7.246003524148789,Reverse,0.9043220634367375,AS100IV.DAT
T100,100,160,-0.5899991,5.9654e-08,-7.224360430121309,Reverse,0.9043220634367375,AS100IV.DAT
T100,100,161,-0.5999991,6.2555e-08,-7.203737971572085,Reverse,0.9043220634367375,AS100IV.DAT
T100,100,162,-0.6099991,6.5774e-08,-7.181945746021177,Reverse,0.9043220634367375,AS100IV.DAT
T100,100,163,-0.6199991,6.8934e-08,-7.1615665201780105,Reverse,0.9043220634367375,AS100IV.DAT
T100,100,164,-0.629999,7.2367e-08,-7.14045943083465,Reverse,0.9043220634367375,AS100IV.DAT
T100,100,165,-0.639999,7.5884e-08,-7.119849784634433,Reverse,0.9043220634367375,AS100IV.DAT
T100,100,166,-0.649999,7.9405e-08,-7.100152149914956,Reverse,0.9043220634367375,AS100IV.DAT
T100,100,167,-0.659999,8.3284e-08,-7.079438424513251,Reverse,0.9043220634367375,AS100IV.DAT
T100,100,168,-0.669999,8.7097e-08,-7.0599968037280885,Reverse,0.9043220634367375,AS100IV.DAT
T100,100,169,-0.679999,9.1239e-08,-7.039819483334691,Reverse,0.9043220634367375,AS100IV.DAT
T100,100,170,-0.689999,9.533e-08,-7.020770406977845,Reverse,0.9043220634367375,AS100IV.DAT
T100,100,171,-0.699999,9.9902e-08,-7.0004258172768274,Reverse,0.9043220634367375,AS100IV.DAT
T100,100,172,-0.709999,1.04304e-07,-6.981699036303889,Reverse,0.9043220634367375,AS100IV.DAT
T100,100,173,-0.719999,1.09148e-07,-6.9619842177828,Reverse,0.9043220634367375,AS100IV.DAT
T100,100,174,-0.7299989,1.13954e-07,-6.943270425661858,Reverse,0.9043220634367375,AS100IV.DAT
T100,100,175,-0.7399989,1.19094e-07,-6.924110117883554,Reverse,0.9043220634367375,AS100IV.DAT
T100,100,176,-0.7499989,1.24169e-07,-6.905986816473447,Reverse,0.9043220634367375,AS100IV.DAT
T100,100,177,-0.7599989,1.2963e-07,-6.887294478969108,Reverse,0.9043220634367375,AS100IV.DAT
T100,100,178,-0.7699989,1.35297e-07,-6.868711833098536,Reverse,0.9043220634367375,AS100IV.DAT
T100,100,179,-0.7799989,1.4131e-07,-6.849827103606868,Reverse,0.9043220634367375,AS100IV.DAT
T100,100,180,-0.7899989,1.47338e-07,-6.831685229654604,Reverse,0.9043220634367375,AS100IV.DAT
T100,100,181,-0.7999989,1.5352e-07,-6.813835038272585,Reverse,0.9043220634367375,AS100IV.DAT
T100,100,182,-0.8099989,1.59826e-07,-6.796352569590026,Reverse,0.9043220634367375,AS100IV.DAT
T100,100,183,-0.8199989,1.66464e-07,-6.77867967382024,Reverse,0.9043220634367375,AS100IV.DAT
T100,100,184,-0.8299989,1.73277e-07,-6.76125907973263,Reverse,0.9043220634367375,AS100IV.DAT
T100,100,185,-0.8399988,1.80633e-07,-6.743202905137208,Reverse,0.9043220634367375,AS100IV.DAT
T100,100,186,-0.8499988,1.87661e-07,-6.726625973754037,Reverse,0.9043220634367375,AS100IV.DAT
T100,100,187,-0.8599988,1.95195e-07,-6.709531311158163,Reverse,0.9043220634367375,AS100IV.DAT
T100,100,188,-0.8699988,2.03291e-07,-6.691881847809855,Reverse,0.9043220634367375,AS100IV.DAT
T100,100,189,-0.8799988,2.1133e-07,-6.675038846962646,Reverse,0.9043220634367375,AS100IV.DAT
T100,100,190,-0.8899988,2.1954e-07,-6.658486340129749,Reverse,0.9043220634367375,AS100IV.DAT
T100,100,191,-0.8999988,2.2845e-07,-6.641208837608276,Reverse,0.9043220634367375,AS100IV.DAT
T100,100,192,-0.9099988,2.3724e-07,-6.624812084638703,Reverse,0.9043220634367375,AS100IV.DAT
T100,100,193,-0.9199988,2.4661e-07,-6.607989316804501,Reverse,0.9043220634367375,AS100IV.DAT
T100,100,194,-0.9299988,2.559e-07,-6.591929714112815,Reverse,0.9043220634367375,AS100IV.DAT
T100,100,195,-0.9399987,2.6523e-07,-6.5763773547107505,Reverse,0.9043220634367375,AS100IV.DAT
T100,100,196,-0.9499987,2.7543e-07,-6.559988757888546,Reverse,0.9043220634367375,AS100IV.DAT
T100,100,197,-0.9599987,2.8595e-07,-6.543709899117309,Reverse,0.9043220634367375,AS100IV.DAT
T100,100,198,-0.9699987,2.9602e-07,-6.528678945710626,Reverse,0.9043220634367375,AS100IV.DAT
T100,100,199,-0.9799987,3.0695e-07,-6.512932362283684,Reverse,0.9043220634367375,AS100IV.DAT
T100,100,200,-0.9899987,3.1827e-07,-6.497204295869993,Reverse,0.9043220634367375,AS100IV.DAT
T100,100,201,-0.9999987,3.2983e-07,-6.481709845229056,Reverse,0.9043220634367375,AS100IV.DAT
T100,100,202,-1.009999,3.4143e-07,-6.466698321938197,Reverse,0.9043220634367375,AS100IV.DAT
T100,100,203,-1.019999,3.5381e-07,-6.4512298964589565,Reverse,0.9043220634367375,AS100IV.DAT
T100,100,204,-1.029999,3.6627e-07,-6.4361986515457135,Reverse,0.9043220634367375,AS100IV.DAT
T100,100,205,-1.039999,3.7931e-07,-6.421005707554076,Reverse,0.9043220634367375,AS100IV.DAT
T100,100,206,-1.049999,3.9216e-07,-6.406536706091997,Reverse,0.9043220634367375,AS100IV.DAT
T100,100,207,-1.059999,4.0875e-07,-6.388542234331657,Reverse,0.9043220634367375,AS100IV.DAT
T100,100,208,-1.069999,4.2039e-07,-6.376347623272892,Reverse,0.9043220634367375,AS100IV.DAT
T100,100,209,-1.079999,4.344e-07,-6.362110183419209,Reverse,0.9043220634367375,AS100IV.DAT
T100,100,210,-1.089999,4.4918e-07,-6.347579589193766,Reverse,0.9043220634367375,AS100IV.DAT
T100,100,211,-1.099999,4.6427e-07,-6.333229378481993,Reverse,0.9043220634367375,AS100IV.DAT
T100,100,212,-1.109999,4.8021e-07,-6.318568800339801,Reverse,0.9043220634367375,AS100IV.DAT
T100,100,213,-1.119999,4.9595e-07,-6.304562105402264,Reverse,0.9043220634367375,AS100IV.DAT
T100,100,214,-1.129999,5.113e-07,-6.291324207273463,Reverse,0.9043220634367375,AS100IV.DAT
T100,100,215,-1.139999,5.2776e-07,-6.277563528927604,Reverse,0.9043220634367375,AS100IV.DAT
T100,100,216,-1.149999,5.4502e-07,-6.2635875606036,Reverse,0.9043220634367375,AS100IV.DAT
T100,100,217,-1.159999,5.6221e-07,-6.250101433886538,Reverse,0.9043220634367375,AS100IV.DAT
T100,100,218,-1.169999,5.8104e-07,-6.235793968846661,Reverse,0.9043220634367375,AS100IV.DAT
T100,100,219,-1.179999,5.99e-07,-6.2225731776106885,Reverse,0.9043220634367375,AS100IV.DAT
T100,100,220,-1.189999,6.1863e-07,-6.208569023035491,Reverse,0.9043220634367375,AS100IV.DAT
T100,100,221,-1.199998,6.376e-07,-6.195451691611944,Reverse,0.9043220634367375,AS100IV.DAT
T100,100,222,-1.209998,6.5685e-07,-6.182533795752193,Reverse,0.9043220634367375,AS100IV.DAT
T100,100,223,-1.219998,6.7801e-07,-6.168763900656843,Reverse,0.9043220634367375,AS100IV.DAT
T100,100,224,-1.229998,6.9819e-07,-6.156026375768073,Reverse,0.9043220634367375,AS100IV.DAT
T100,100,225,-1.239998,7.2015e-07,-6.142577034975153,Reverse,0.9043220634367375,AS100IV.DAT
T100,100,226,-1.249998,7.4298e-07,-6.129022876692376,Reverse,0.9043220634367375,AS100IV.DAT
T100,100,227,-1.259998,7.6502e-07,-6.116327210890697,Reverse,0.9043220634367375,AS100IV.DAT
T100,100,228,-1.269998,7.8832e-07,-6.103297455069166,Reverse,0.9043220634367375,AS100IV.DAT
T100,100,229,-1.279998,8.1145e-07,-6.090738235410258,Reverse,0.9043220634367375,AS100IV.DAT
T100,100,230,-1.289998,8.3557e-07,-6.078017161162224,Reverse,0.9043220634367375,AS100IV.DAT
T100,100,231,-1.299998,8.5959e-07,-6.065708645495718,Reverse,0.9043220634367375,AS100IV.DAT
T100,100,232,-1.309998,8.8521e-07,-6.05295368859895,Reverse,0.9043220634367375,AS100IV.DAT
T100,100,233,-1.319998,9.0978e-07,-6.041063614642917,Reverse,0.9043220634367375,AS100IV.DAT
T100,100,234,-1.329998,9.3662e-07,-6.028436572801109,Reverse,0.9043220634367375,AS100IV.DAT
T100,100,235,-1.339998,9.630101e-07,-6.01636915799357,Reverse,0.9043220634367375,AS100IV.DAT
T100,100,236,-1.349998,9.9113e-07,-6.003869378229301,Reverse,0.9043220634367375,AS100IV.DAT
T100,100,237,-1.359998,1.01891e-06,-5.991864175394525,Reverse,0.9043220634367375,AS100IV.DAT
T100,100,238,-1.369998,1.04571e-06,-5.98058873885493,Reverse,0.9043220634367375,AS100IV.DAT
T100,100,239,-1.379998,1.07499e-06,-5.9685955757158355,Reverse,0.9043220634367375,AS100IV.DAT
T100,100,240,-1.389998,1.10401e-06,-5.9570269927978075,Reverse,0.9043220634367375,AS100IV.DAT
T100,100,241,-1.399998,1.13425e-06,-5.945291212061946,Reverse,0.9043220634367375,AS100IV.DAT
T100,100,242,-1.409998,1.16521e-06,-5.933595796850598,Reverse,0.9043220634367375,AS100IV.DAT
T100,100,243,-1.419998,1.19651e-06,-5.9220836673583825,Reverse,0.9043220634367375,AS100IV.DAT
T100,100,244,-1.429998,1.22815e-06,-5.910748587434318,Reverse,0.9043220634367375,AS100IV.DAT
T100,100,245,-1.439998,1.26047e-06,-5.899467486353663,Reverse,0.9043220634367375,AS100IV.DAT
T100,100,246,-1.449998,1.2945e-06,-5.887897945229109,Reverse,0.9043220634367375,AS100IV.DAT
T100,100,247,-1.459998,1.32747e-06,-5.876975284921957,Reverse,0.9043220634367375,AS100IV.DAT
T100,100,248,-1.469998,1.36267e-06,-5.865609305230113,Reverse,0.9043220634367375,AS100IV.DAT
T100,100,249,-1.479998,1.39757e-06,-5.854626430416578,Reverse,0.9043220634367375,AS100IV.DAT
T100,100,250,-1.489998,1.43405e-06,-5.8434357061678455,Reverse,0.9043220634367375,AS100IV.DAT
T100,100,251,-1.499998,1.47028e-06,-5.8325999503707235,Reverse,0.9043220634367375,AS100IV.DAT
T100,100,252,-1.509998,1.50604e-06,-5.8221634932425035,Reverse,0.9043220634367375,AS100IV.DAT
T100,100,253,-1.519998,1.54294e-06,-5.81165096193138,Reverse,0.9043220634367375,AS100IV.DAT
T100,100,254,-1.529998,1.57858e-06,-5.801733403839447,Reverse,0.9043220634367375,AS100IV.DAT
T100,100,255,-1.539998,1.62335e-06,-5.789587834652333,Reverse,0.9043220634367375,AS100IV.DAT
T100,100,256,-1.549998,1.66373e-06,-5.778917152218603,Reverse,0.9043220634367375,AS100IV.DAT
T100,100,257,-1.559998,1.70129e-06,-5.769221650723183,Reverse,0.9043220634367375,AS100IV.DAT
T100,100,258,-1.569998,1.74321e-06,-5.758650291405466,Reverse,0.9043220634367375,AS100IV.DAT
T100,100,259,-1.579998,1.78527e-06,-5.748296092917255,Reverse,0.9043220634367375,AS100IV.DAT
T100,100,260,-1.589998,1.82697e-06,-5.738268583978293,Reverse,0.9043220634367375,AS100IV.DAT
T100,100,261,-1.599998,1.87192e-06,-5.727712715587741,Reverse,0.9043220634367375,AS100IV.DAT
T100,100,262,-1.609998,1.91461e-06,-5.717919677098664,Reverse,0.9043220634367375,AS100IV.DAT
T100,100,263,-1.619998,1.96286e-06,-5.707110675130368,Reverse,0.9043220634367375,AS100IV.DAT
T100,100,264,-1.629998,2.00548e-06,-5.697781664738405,Reverse,0.9043220634367375,AS100IV.DAT
T100,100,265,-1.639998,2.053e-06,-5.687611050629408,Reverse,0.9043220634367375,AS100IV.DAT
T100,100,266,-1.649998,2.09901e-06,-5.677985492368303,Reverse,0.9043220634367375,AS100IV.DAT
T100,100,267,-1.659998,2.1488e-06,-5.66780400467536,Reverse,0.9043220634367375,AS100IV.DAT
T100,100,268,-1.669998,2.1995e-06,-5.657676033687118,Reverse,0.9043220634367375,AS100IV.DAT
T100,100,269,-1.679998,2.2487e-06,-5.648068480106874,Reverse,0.9043220634367375,AS100IV.DAT
T100,100,270,-1.689998,2.3022e-06,-5.63785695041804,Reverse,0.9043220634367375,AS100IV.DAT
T100,100,271,-1.699998,2.3551e-06,-5.627990647547336,Reverse,0.9043220634367375,AS100IV.DAT
T100,100,272,-1.709998,2.4105e-06,-5.617892864180974,Reverse,0.9043220634367375,AS100IV.DAT
T100,100,273,-1.719998,2.4613e-06,-5.608835448302873,Reverse,0.9043220634367375,AS100IV.DAT
T100,100,274,-1.729998,2.5174e-06,-5.599047772139097,Reverse,0.9043220634367375,AS100IV.DAT
T100,100,275,-1.739998,2.5758e-06,-5.5890878611369175,Reverse,0.9043220634367375,AS100IV.DAT
T100,100,276,-1.749998,2.6331e-06,-5.579532646923747,Reverse,0.9043220634367375,AS100IV.DAT
T100,100,277,-1.759998,2.6921e-06,-5.569908811966051,Reverse,0.9043220634367375,AS100IV.DAT
T100,100,278,-1.769998,2.7522e-06,-5.560320009484374,Reverse,0.9043220634367375,AS100IV.DAT
T100,100,279,-1.779998,2.813e-06,-5.550830267834799,Reverse,0.9043220634367375,AS100IV.DAT
T100,100,280,-1.789998,2.8752e-06,-5.541331940235102,Reverse,0.9043220634367375,AS100IV.DAT
T100,100,281,-1.799998,2.9355e-06,-5.532317915286318,Reverse,0.9043220634367375,AS100IV.DAT
T100,100,282,-1.809998,3.0008e-06,-5.522762948857333,Reverse,0.9043220634367375,AS100IV.DAT
T100,100,283,-1.819998,3.0672e-06,-5.513257904466013,Reverse,0.9043220634367375,AS100IV.DAT
T100,100,284,-1.829998,3.1331e-06,-5.504025743402652,Reverse,0.9043220634367375,AS100IV.DAT
T100,100,285,-1.839998,3.1982e-06,-5.495094381058685,Reverse,0.9043220634367375,AS100IV.DAT
T100,100,286,-1.849998,3.2688e-06,-5.485611650711627,Reverse,0.9043220634367375,AS100IV.DAT
T100,100,287,-1.859998,3.338e-06,-5.476513667656772,Reverse,0.9043220634367375,AS100IV.DAT
T100,100,288,-1.869998,3.409e-06,-5.467372998771109,Reverse,0.9043220634367375,AS100IV.DAT
T100,100,289,-1.879998,3.4833e-06,-5.458009120220531,Reverse,0.9043220634367375,AS100IV.DAT
T100,100,290,-1.889998,3.5565e-06,-5.448977186966131,Reverse,0.9043220634367375,AS100IV.DAT
T100,100,291,-1.899998,3.6298e-06,-5.440117303693715,Reverse,0.9043220634367375,AS100IV.DAT
T100,100,292,-1.909998,3.7042e-06,-5.43130557259716,Reverse,0.9043220634367375,AS100IV.DAT
T100,100,293,-1.919998,3.7928e-06,-5.421040057689099,Reverse,0.9043220634367375,AS100IV.DAT
T100,100,294,-1.929998,3.8614e-06,-5.413255207753109,Reverse,0.9043220634367375,AS100IV.DAT
T100,100,295,-1.939998,3.94e-06,-5.404503778174426,Reverse,0.9043220634367375,AS100IV.DAT
T100,100,296,-1.949998,4.0222e-06,-5.395536338329815,Reverse,0.9043220634367375,AS100IV.DAT
T100,100,297,-1.959998,4.1061e-06,-5.386570478024525,Reverse,0.9043220634367375,AS100IV.DAT
T100,100,298,-1.969998,4.1897e-06,-5.377817073217249,Reverse,0.9043220634367375,AS100IV.DAT
T100,100,299,-1.979998,4.2758e-06,-5.368982617057216,Reverse,0.9043220634367375,AS100IV.DAT
T100,100,300,-1.989998,4.3545e-06,-5.361061705112645,Reverse,0.9043220634367375,AS100IV.DAT
T100,100,301,-1.999998,4.443e-06,-5.352323686759129,Reverse,0.9043220634367375,AS100IV.DAT
T100,100,302,-2.009998,4.5319e-06,-5.343719681758186,Reverse,0.9043220634367375,AS100IV.DAT
T120,120,1,1.0,0.00068768,-3.1626136061886507,Forward,0.9043220634367375,AS120IV.DAT
T120,120,2,0.99,0.00067649,-3.169738618840073,Forward,0.9043220634367375,AS120IV.DAT
T120,120,3,0.98,0.00066527,-3.1770020603931464,Forward,0.9043220634367375,AS120IV.DAT
T120,120,4,0.97,0.00065421,-3.1842828217035066,Forward,0.9043220634367375,AS120IV.DAT
T120,120,5,0.96,0.00064325,-3.1916202051176157,Forward,0.9043220634367375,AS120IV.DAT
T120,120,6,0.95,0.00063239,-3.1990150061958,Forward,0.9043220634367375,AS120IV.DAT
T120,120,7,0.9400001,0.00062155,-3.206523929209526,Forward,0.9043220634367375,AS120IV.DAT
T120,120,8,0.9300001,0.00061078,-3.214115192361927,Forward,0.9043220634367375,AS120IV.DAT
T120,120,9,0.9200001,0.00060001,-3.221841511435309,Forward,0.9043220634367375,AS120IV.DAT
T120,120,10,0.9100001,0.00058923,-3.2297151496386785,Forward,0.9043220634367375,AS120IV.DAT
T120,120,11,0.9000001,0.00057851,-3.2376891295259167,Forward,0.9043220634367375,AS120IV.DAT
T120,120,12,0.8900001,0.00056777,-3.245827558584839,Forward,0.9043220634367375,AS120IV.DAT
T120,120,13,0.8800001,0.00055707,-3.2540902290567533,Forward,0.9043220634367375,AS120IV.DAT
T120,120,14,0.8700001,0.00054637,-3.2625131548465514,Forward,0.9043220634367375,AS120IV.DAT
T120,120,15,0.8600001,0.0005357,-3.2710783536271406,Forward,0.9043220634367375,AS120IV.DAT
T120,120,16,0.8500001,0.00052498,-3.279857241460877,Forward,0.9043220634367375,AS120IV.DAT
T120,120,17,0.8400002,0.00051436,-3.2887328123519723,Forward,0.9043220634367375,AS120IV.DAT
T120,120,18,0.8300002,0.00050375,-3.297784940850834,Forward,0.9043220634367375,AS120IV.DAT
T120,120,19,0.8200002,0.00049317,-3.307003349819062,Forward,0.9043220634367375,AS120IV.DAT
T120,120,20,0.8100002,0.00048258,-3.316430680913814,Forward,0.9043220634367375,AS120IV.DAT
T120,120,21,0.8000002,0.00047207,-3.32599359806152,Forward,0.9043220634367375,AS120IV.DAT
T120,120,22,0.7900002,0.0004615,-3.3358282946380693,Forward,0.9043220634367375,AS120IV.DAT
T120,120,23,0.7800002,0.00045103,-3.3457945703146232,Forward,0.9043220634367375,AS120IV.DAT
T120,120,24,0.7700002,0.00044055,-3.3560047944215183,Forward,0.9043220634367375,AS120IV.DAT
T120,120,25,0.7600002,0.00043011,-3.366420460039881,Forward,0.9043220634367375,AS120IV.DAT
T120,120,26,0.7500002,0.00041968,-3.3770817267537216,Forward,0.9043220634367375,AS120IV.DAT
T120,120,27,0.7400002,0.00040932,-3.387937034544978,Forward,0.9043220634367375,AS120IV.DAT
T120,120,28,0.7300003,0.00039896,-3.3990706447896932,Forward,0.9043220634367375,AS120IV.DAT
T120,120,29,0.7200003,0.00038858,-3.4105195560603825,Forward,0.9043220634367375,AS120IV.DAT
T120,120,30,0.7100003,0.00037831,-3.4221521786982176,Forward,0.9043220634367375,AS120IV.DAT
T120,120,31,0.7000003,0.00036806,-3.4340813782153994,Forward,0.9043220634367375,AS120IV.DAT
T120,120,32,0.6900003,0.00035783,-3.4463232515599214,Forward,0.9043220634367375,AS120IV.DAT
T120,120,33,0.6800003,0.00034766,-3.458845274167453,Forward,0.9043220634367375,AS120IV.DAT
T120,120,34,0.6700003,0.00033752,-3.4717004876261752,Forward,0.9043220634367375,AS120IV.DAT
T120,120,35,0.6600003,0.00032738,-3.484947855635586,Forward,0.9043220634367375,AS120IV.DAT
T120,120,36,0.6500003,0.00031734,-3.498475182597372,Forward,0.9043220634367375,AS120IV.DAT
T120,120,37,0.6400003,0.00030733,-3.512395044043876,Forward,0.9043220634367375,AS120IV.DAT
T120,120,38,0.6300004,0.00029733,-3.5267612691430497,Forward,0.9043220634367375,AS120IV.DAT
T120,120,39,0.6200004,0.00028741,-3.541498125313606,Forward,0.9043220634367375,AS120IV.DAT
T120,120,40,0.6100004,0.00027755,-3.5566587683321207,Forward,0.9043220634367375,AS120IV.DAT
T120,120,41,0.6000004,0.00026773,-3.5723029620051907,Forward,0.9043220634367375,AS120IV.DAT
T120,120,42,0.5900004,0.00026774,-3.5722867409477286,Forward,0.9043220634367375,AS120IV.DAT
T120,120,43,0.5800004,0.0002579,-3.5885486578620625,Forward,0.9043220634367375,AS120IV.DAT
T120,120,44,0.5700004,0.00024818,-3.6052332197736794,Forward,0.9043220634367375,AS120IV.DAT
T120,120,45,0.5600004,0.00023851,-3.622493407593366,Forward,0.9043220634367375,AS120IV.DAT
T120,120,46,0.5500004,0.00022894,-3.640278321516789,Forward,0.9043220634367375,AS120IV.DAT
T120,120,47,0.5400004,0.00021941,-3.6587435825687424,Forward,0.9043220634367375,AS120IV.DAT
T120,120,48,0.5300004,0.00020996,-3.677863435903897,Forward,0.9043220634367375,AS120IV.DAT
T120,120,49,0.5200005,0.00020053,-3.697820646186799,Forward,0.9043220634367375,AS120IV.DAT
T120,120,50,0.5100005,0.00019157,-3.717672500761474,Forward,0.9043220634367375,AS120IV.DAT
T120,120,51,0.5000005,0.000182218,-3.7394087244291336,Forward,0.9043220634367375,AS120IV.DAT
T120,120,52,0.4900005,0.000173029,-3.7618811021632195,Forward,0.9043220634367375,AS120IV.DAT
T120,120,53,0.4800005,0.000163977,-3.78521706337658,Forward,0.9043220634367375,AS120IV.DAT
T120,120,54,0.4700005,0.000155025,-3.8095982599810116,Forward,0.9043220634367375,AS120IV.DAT
T120,120,55,0.4600005,0.000146132,-3.8352546718023204,Forward,0.9043220634367375,AS120IV.DAT
T120,120,56,0.4500005,0.000137418,-3.8619563765292435,Forward,0.9043220634367375,AS120IV.DAT
T120,120,57,0.4400005,0.000128845,-3.8899324301557026,Forward,0.9043220634367375,AS120IV.DAT
T120,120,58,0.4300005,0.000120421,-3.9192977706459056,Forward,0.9043220634367375,AS120IV.DAT
T120,120,59,0.4200006,0.000112136,-3.9502549396670825,Forward,0.9043220634367375,AS120IV.DAT
T120,120,60,0.4100006,0.000103997,-3.982979188607351,Forward,0.9043220634367375,AS120IV.DAT
T120,120,61,0.4000006,9.6035e-05,-4.017570459286987,Forward,0.9043220634367375,AS120IV.DAT
T120,120,62,0.3900006,8.8233e-05,-4.054368954125916,Forward,0.9043220634367375,AS120IV.DAT
T120,120,63,0.3800006,8.0663e-05,-4.093325629846165,Forward,0.9043220634367375,AS120IV.DAT
T120,120,64,0.3700006,7.3311e-05,-4.134830856451902,Forward,0.9043220634367375,AS120IV.DAT
T120,120,65,0.3600006,6.6188e-05,-4.179220741771545,Forward,0.9043220634367375,AS120IV.DAT
T120,120,66,0.3500006,5.9355e-05,-4.226542690678291,Forward,0.9043220634367375,AS120IV.DAT
T120,120,67,0.3400006,5.2793e-05,-4.277423658203126,Forward,0.9043220634367375,AS120IV.DAT
T120,120,68,0.3300006,4.6507e-05,-4.332481674366509,Forward,0.9043220634367375,AS120IV.DAT
T120,120,69,0.3200006,4.0599e-05,-4.391484663462965,Forward,0.9043220634367375,AS120IV.DAT
T120,120,70,0.3100007,3.5073e-05,-4.455027084767985,Forward,0.9043220634367375,AS120IV.DAT
T120,120,71,0.3000007,2.9934e-05,-4.523835245677175,Forward,0.9043220634367375,AS120IV.DAT
T120,120,72,0.2900007,2.5237e-05,-4.597962272283748,Forward,0.9043220634367375,AS120IV.DAT
T120,120,73,0.2800007,2.0975e-05,-4.678298030499262,Forward,0.9043220634367375,AS120IV.DAT
T120,120,74,0.2700007,1.78212e-05,-4.749063055864137,Forward,0.9043220634367375,AS120IV.DAT
T120,120,75,0.2600007,1.40184e-05,-4.8533015520487,Forward,0.9043220634367375,AS120IV.DAT
T120,120,76,0.2500007,1.10649e-05,-4.956052506693292,Forward,0.9043220634367375,AS120IV.DAT
T120,120,77,0.2400007,8.6237e-06,-5.064306360066749,Forward,0.9043220634367375,AS120IV.DAT
T120,120,78,0.2300007,6.6133e-06,-5.179581775891303,Forward,0.9043220634367375,AS120IV.DAT
T120,120,79,0.2200007,4.9879e-06,-5.302082262066698,Forward,0.9043220634367375,AS120IV.DAT
T120,120,80,0.2100007,3.7035e-06,-5.431387651012386,Forward,0.9043220634367375,AS120IV.DAT
T120,120,81,0.2000007,2.7056e-06,-5.567736409746334,Forward,0.9043220634367375,AS120IV.DAT
T120,120,82,0.1900007,2.2107e-06,-5.655470188757547,Forward,0.9043220634367375,AS120IV.DAT
T120,120,83,0.1800007,1.56788e-06,-5.8046871797460575,Forward,0.9043220634367375,AS120IV.DAT
T120,120,84,0.1700007,1.02363e-06,-5.989856994528176,Forward,0.9043220634367375,AS120IV.DAT
T120,120,85,0.1600007,7.3639e-07,-6.132892117743127,Forward,0.9043220634367375,AS120IV.DAT
T120,120,86,0.1500007,4.765e-07,-6.321937095025655,Forward,0.9043220634367375,AS120IV.DAT
T120,120,87,0.1400007,3.1915e-07,-6.496005151234176,Forward,0.9043220634367375,AS120IV.DAT
T120,120,88,0.1300007,2.1177e-07,-6.674135563384654,Forward,0.9043220634367375,AS120IV.DAT
T120,120,89,0.1200007,1.54258e-07,-6.811752303691728,Forward,0.9043220634367375,AS120IV.DAT
T120,120,90,0.1100007,9.6262e-08,-7.016545119388968,Forward,0.9043220634367375,AS120IV.DAT
T120,120,91,0.1000007,6.1405e-08,-7.211796264298583,Forward,0.9043220634367375,AS120IV.DAT
T120,120,92,0.09000066,3.8733e-08,-7.411918864155459,Forward,0.9043220634367375,AS120IV.DAT
T120,120,93,0.08000066,2.4349e-08,-7.613518870317926,Forward,0.9043220634367375,AS120IV.DAT
T120,120,94,0.07000066,1.66376e-08,-7.7789093211901355,Forward,0.9043220634367375,AS120IV.DAT
T120,120,95,0.06000067,1.07518e-08,-7.968518822759766,Forward,0.9043220634367375,AS120IV.DAT
T120,120,96,0.05000067,6.5789e-09,-8.181846714876299,Forward,0.9043220634367375,AS120IV.DAT
T120,120,97,0.04000067,3.841e-09,-8.415555692834824,Forward,0.9043220634367375,AS120IV.DAT
T120,120,98,0.03000067,2.1718e-09,-8.663180171208262,Forward,0.9043220634367375,AS120IV.DAT
T120,120,99,0.02000067,1.59262e-09,-8.797887834738672,Forward,0.9043220634367375,AS120IV.DAT
T120,120,100,0.01000067,1.1359e-09,-8.944659900455818,Forward,0.9043220634367375,AS120IV.DAT
T120,120,101,6.705523e-07,4.7282e-10,-9.325304161344373,Forward,0.9043220634367375,AS120IV.DAT
T120,120,102,-0.009999329,6.4441e-10,-9.190837728788013,Reverse,0.9043220634367375,AS120IV.DAT
T120,120,103,-0.01999933,3.3898e-10,-9.46982592464609,Reverse,0.9043220634367375,AS120IV.DAT
T120,120,104,-0.02999933,6.3015e-10,-9.200556059406328,Reverse,0.9043220634367375,AS120IV.DAT
T120,120,105,-0.03999933,8.8888e-10,-9.051156865413915,Reverse,0.9043220634367375,AS120IV.DAT
T120,120,106,-0.04999933,1.12306e-09,-8.949597040735132,Reverse,0.9043220634367375,AS120IV.DAT
T120,120,107,-0.05999932,1.36241e-09,-8.865692177340758,Reverse,0.9043220634367375,AS120IV.DAT
T120,120,108,-0.06999932,1.60472e-09,-8.794600734638072,Reverse,0.9043220634367375,AS120IV.DAT
T120,120,109,-0.07999932,1.84728e-09,-8.733467271728914,Reverse,0.9043220634367375,AS120IV.DAT
T120,120,110,-0.08999932,2.0659e-09,-8.684890704355254,Reverse,0.9043220634367375,AS120IV.DAT
T120,120,111,-0.09999932,2.7882e-09,-8.554676077137488,Reverse,0.9043220634367375,AS120IV.DAT
T120,120,112,-0.1099993,3.0432e-09,-8.51666950474268,Reverse,0.9043220634367375,AS120IV.DAT
T120,120,113,-0.1199993,3.3628e-09,-8.473298961254875,Reverse,0.9043220634367375,AS120IV.DAT
T120,120,114,-0.1299993,3.6849e-09,-8.433574293432466,Reverse,0.9043220634367375,AS120IV.DAT
T120,120,115,-0.1399993,4.0059e-09,-8.397299896278152,Reverse,0.9043220634367375,AS120IV.DAT
T120,120,116,-0.1499993,4.371e-09,-8.359419193510348,Reverse,0.9043220634367375,AS120IV.DAT
T120,120,117,-0.1599993,4.7476e-09,-8.323525878830901,Reverse,0.9043220634367375,AS120IV.DAT
T120,120,118,-0.1699993,5.1563e-09,-8.287661822785987,Reverse,0.9043220634367375,AS120IV.DAT
T120,120,119,-0.1799993,5.5945e-09,-8.252238721815571,Reverse,0.9043220634367375,AS120IV.DAT
T120,120,120,-0.1899993,6.043e-09,-8.218747405751543,Reverse,0.9043220634367375,AS120IV.DAT
T120,120,121,-0.1999993,6.5257e-09,-8.185372895509735,Reverse,0.9043220634367375,AS120IV.DAT
T120,120,122,-0.2099994,7.0114e-09,-8.15419525570406,Reverse,0.9043220634367375,AS120IV.DAT
T120,120,123,-0.2199994,7.5486e-09,-8.122133587265333,Reverse,0.9043220634367375,AS120IV.DAT
T120,120,124,-0.2299994,7.7796e-09,-8.109042732349472,Reverse,0.9043220634367375,AS120IV.DAT
T120,120,125,-0.2399994,8.7149e-09,-8.05973759188128,Reverse,0.9043220634367375,AS120IV.DAT
T120,120,126,-0.2499994,9.346e-09,-8.029374223311706,Reverse,0.9043220634367375,AS120IV.DAT
T120,120,127,-0.2599994,1.00211e-08,-7.9990846040466534,Reverse,0.9043220634367375,AS120IV.DAT
T120,120,128,-0.2699994,1.07251e-08,-7.969598649796318,Reverse,0.9043220634367375,AS120IV.DAT
T120,120,129,-0.2799993,1.14499e-08,-7.941198306305564,Reverse,0.9043220634367375,AS120IV.DAT
T120,120,130,-0.2899993,1.22591e-08,-7.911541412311976,Reverse,0.9043220634367375,AS120IV.DAT
T120,120,131,-0.2999993,1.30821e-08,-7.883322535430151,Reverse,0.9043220634367375,AS120IV.DAT
T120,120,132,-0.3099993,1.39198e-08,-7.85636700463353,Reverse,0.9043220634367375,AS120IV.DAT
T120,120,133,-0.3199993,1.48406e-08,-7.828548540335862,Reverse,0.9043220634367375,AS120IV.DAT
T120,120,134,-0.3299993,1.58029e-08,-7.801263208081726,Reverse,0.9043220634367375,AS120IV.DAT
T120,120,135,-0.3399993,1.67859e-08,-7.775055368472857,Reverse,0.9043220634367375,AS120IV.DAT
T120,120,136,-0.3499993,1.78625e-08,-7.748057758200973,Reverse,0.9043220634367375,AS120IV.DAT
T120,120,137,-0.3599993,1.89654e-08,-7.722037993142535,Reverse,0.9043220634367375,AS120IV.DAT
T120,120,138,-0.3699993,2.01323e-08,-7.696106606619135,Reverse,0.9043220634367375,AS120IV.DAT
T120,120,139,-0.3799993,2.1296e-08,-7.6717019618694,Reverse,0.9043220634367375,AS120IV.DAT
T120,120,140,-0.3899992,2.2754e-08,-7.642942246249657,Reverse,0.9043220634367375,AS120IV.DAT
T120,120,141,-0.3999992,2.4099e-08,-7.618000978316933,Reverse,0.9043220634367375,AS120IV.DAT
T120,120,142,-0.4099992,2.5499e-08,-7.593476851056151,Reverse,0.9043220634367375,AS120IV.DAT
T120,120,143,-0.4199992,2.6979e-08,-7.568974151866878,Reverse,0.9043220634367375,AS120IV.DAT
T120,120,144,-0.4299992,2.8512e-08,-7.544972317643219,Reverse,0.9043220634367375,AS120IV.DAT
T120,120,145,-0.4399992,3.0142e-08,-7.520827934498275,Reverse,0.9043220634367375,AS120IV.DAT
T120,120,146,-0.4499992,3.1827e-08,-7.497204295869993,Reverse,0.9043220634367375,AS120IV.DAT
T120,120,147,-0.4599992,3.3656e-08,-7.47293750099106,Reverse,0.9043220634367375,AS120IV.DAT
T120,120,148,-0.4699992,3.547e-08,-7.450138811528057,Reverse,0.9043220634367375,AS120IV.DAT
T120,120,149,-0.4799992,3.7458e-08,-7.426455414685067,Reverse,0.9043220634367375,AS120IV.DAT
T120,120,150,-0.4899991,3.9413e-08,-7.404360506675665,Reverse,0.9043220634367375,AS120IV.DAT
T120,120,151,-0.4999991,4.1554e-08,-7.38138716455582,Reverse,0.9043220634367375,AS120IV.DAT
T120,120,152,-0.5099992,4.3682e-08,-7.359697485480079,Reverse,0.9043220634367375,AS120IV.DAT
T120,120,153,-0.5199991,4.5955e-08,-7.337667229560245,Reverse,0.9043220634367375,AS120IV.DAT
T120,120,154,-0.5299991,4.8282e-08,-7.3162147482894015,Reverse,0.9043220634367375,AS120IV.DAT
T120,120,155,-0.5399991,5.0786e-08,-7.29425599166712,Reverse,0.9043220634367375,AS120IV.DAT
T120,120,156,-0.5499991,5.3321e-08,-7.2731017142767564,Reverse,0.9043220634367375,AS120IV.DAT
T120,120,157,-0.5599991,5.6005e-08,-7.251773198431754,Reverse,0.9043220634367375,AS120IV.DAT
T120,120,158,-0.5699991,5.9001e-08,-7.229140627496814,Reverse,0.9043220634367375,AS120IV.DAT
T120,120,159,-0.5799991,6.1642e-08,-7.210123278862236,Reverse,0.9043220634367375,AS120IV.DAT
T120,120,160,-0.5899991,6.4721e-08,-7.188954781087892,Reverse,0.9043220634367375,AS120IV.DAT
T120,120,161,-0.5999991,6.7881e-08,-7.168251768427389,Reverse,0.9043220634367375,AS120IV.DAT
T120,120,162,-0.6099991,7.1133e-08,-7.147928874755388,Reverse,0.9043220634367375,AS120IV.DAT
T120,120,163,-0.6199991,7.458e-08,-7.127377620974712,Reverse,0.9043220634367375,AS120IV.DAT
T120,120,164,-0.629999,7.8144e-08,-7.10710436207123,Reverse,0.9043220634367375,AS120IV.DAT
T120,120,165,-0.639999,8.19e-08,-7.086716098239582,Reverse,0.9043220634367375,AS120IV.DAT
T120,120,166,-0.649999,8.5519e-08,-7.067937386108692,Reverse,0.9043220634367375,AS120IV.DAT
T120,120,167,-0.659999,8.9613e-08,-7.047628983432409,Reverse,0.9043220634367375,AS120IV.DAT
T120,120,168,-0.669999,9.3977e-08,-7.026978422946194,Reverse,0.9043220634367375,AS120IV.DAT
T120,120,169,-0.679999,9.7991e-08,-7.0088138103261475,Reverse,0.9043220634367375,AS120IV.DAT
T120,120,170,-0.689999,1.02356e-07,-6.989886694374057,Reverse,0.9043220634367375,AS120IV.DAT
T120,120,171,-0.699999,1.07109e-07,-6.970174035366862,Reverse,0.9043220634367375,AS120IV.DAT
T120,120,172,-0.709999,1.1179e-07,-6.9515970438472605,Reverse,0.9043220634367375,AS120IV.DAT
T120,120,173,-0.719999,1.16806e-07,-6.9325348481485785,Reverse,0.9043220634367375,AS120IV.DAT
T120,120,174,-0.7299989,1.21933e-07,-6.9138787408266005,Reverse,0.9043220634367375,AS120IV.DAT
T120,120,175,-0.7399989,1.2725e-07,-6.895342208991203,Reverse,0.9043220634367375,AS120IV.DAT
T120,120,176,-0.7499989,1.32509e-07,-6.877754623481162,Reverse,0.9043220634367375,AS120IV.DAT
T120,120,177,-0.7599989,1.3816e-07,-6.859617675440598,Reverse,0.9043220634367375,AS120IV.DAT
T120,120,178,-0.7699989,1.44411e-07,-6.840399724651756,Reverse,0.9043220634367375,AS120IV.DAT
T120,120,179,-0.7799989,1.50021e-07,-6.823847943972541,Reverse,0.9043220634367375,AS120IV.DAT
T120,120,180,-0.7899989,1.56147e-07,-6.806466355308016,Reverse,0.9043220634367375,AS120IV.DAT
T120,120,181,-0.7999989,1.62894e-07,-6.7880949120995995,Reverse,0.9043220634367375,AS120IV.DAT
T120,120,182,-0.8099989,1.69841e-07,-6.769957461769499,Reverse,0.9043220634367375,AS120IV.DAT
T120,120,183,-0.8199989,1.76436e-07,-6.753412796720083,Reverse,0.9043220634367375,AS120IV.DAT
T120,120,184,-0.8299989,1.83628e-07,-6.736061095910726,Reverse,0.9043220634367375,AS120IV.DAT
T120,120,185,-0.8399988,1.91045e-07,-6.71886432411441,Reverse,0.9043220634367375,AS120IV.DAT
T120,120,186,-0.8499988,1.98703e-07,-6.701795575901708,Reverse,0.9043220634367375,AS120IV.DAT
T120,120,187,-0.8599988,2.06573e-07,-6.684926443306692,Reverse,0.9043220634367375,AS120IV.DAT
T120,120,188,-0.8699988,2.145e-07,-6.668572703479257,Reverse,0.9043220634367375,AS120IV.DAT
T120,120,189,-0.8799988,2.2314e-07,-6.651422571257384,Reverse,0.9043220634367375,AS120IV.DAT
T120,120,190,-0.8899988,2.3187e-07,-6.634755437982429,Reverse,0.9043220634367375,AS120IV.DAT
T120,120,191,-0.8999988,2.4046e-07,-6.618957157228091,Reverse,0.9043220634367375,AS120IV.DAT
T120,120,192,-0.9099988,2.4987e-07,-6.602285883195529,Reverse,0.9043220634367375,AS120IV.DAT
T120,120,193,-0.9199988,2.5934e-07,-6.586130493490904,Reverse,0.9043220634367375,AS120IV.DAT
T120,120,194,-0.9299988,2.6868e-07,-6.570764660373345,Reverse,0.9043220634367375,AS120IV.DAT
T120,120,195,-0.9399987,2.7877e-07,-6.5547539649193824,Reverse,0.9043220634367375,AS120IV.DAT
T120,120,196,-0.9499987,2.8919e-07,-6.538816728735412,Reverse,0.9043220634367375,AS120IV.DAT
T120,120,197,-0.9599987,2.9957e-07,-6.523501680581424,Reverse,0.9043220634367375,AS120IV.DAT
T120,120,198,-0.9699987,3.1051e-07,-6.5079244087727925,Reverse,0.9043220634367375,AS120IV.DAT
T120,120,199,-0.9799987,3.2244e-07,-6.491551087519206,Reverse,0.9043220634367375,AS120IV.DAT
T120,120,200,-0.9899987,3.3347e-07,-6.476943230474559,Reverse,0.9043220634367375,AS120IV.DAT
T120,120,201,-0.9999987,3.4519e-07,-6.461941794091605,Reverse,0.9043220634367375,AS120IV.DAT
T120,120,202,-1.009999,3.5715e-07,-6.447149345539439,Reverse,0.9043220634367375,AS120IV.DAT
T120,120,203,-1.019999,3.7104e-07,-6.430579268706087,Reverse,0.9043220634367375,AS120IV.DAT
T120,120,204,-1.029999,3.8314e-07,-6.416642505097492,Reverse,0.9043220634367375,AS120IV.DAT
T120,120,205,-1.039999,3.9629e-07,-6.401986886534378,Reverse,0.9043220634367375,AS120IV.DAT
T120,120,206,-1.049999,4.0974e-07,-6.387491636897951,Reverse,0.9043220634367375,AS120IV.DAT
T120,120,207,-1.059999,4.2345e-07,-6.373197862797399,Reverse,0.9043220634367375,AS120IV.DAT
T120,120,208,-1.069999,4.3819e-07,-6.358337537762019,Reverse,0.9043220634367375,AS120IV.DAT
T120,120,209,-1.079999,4.5278e-07,-6.344112764861901,Reverse,0.9043220634367375,AS120IV.DAT
T120,120,210,-1.089999,4.6879e-07,-6.3290216610495635,Reverse,0.9043220634367375,AS120IV.DAT
T120,120,211,-1.099999,4.835e-07,-6.31560352158098,Reverse,0.9043220634367375,AS120IV.DAT
T120,120,212,-1.109999,4.9956e-07,-6.301412343065598,Reverse,0.9043220634367375,AS120IV.DAT
T120,120,213,-1.119999,5.1592e-07,-6.287417636070715,Reverse,0.9043220634367375,AS120IV.DAT
T120,120,214,-1.129999,5.3301e-07,-6.273264642935756,Reverse,0.9043220634367375,AS120IV.DAT
T120,120,215,-1.139999,5.4974e-07,-6.259842661893172,Reverse,0.9043220634367375,AS120IV.DAT
T120,120,216,-1.149999,5.6718e-07,-6.246279091722695,Reverse,0.9043220634367375,AS120IV.DAT
T120,120,217,-1.159999,5.8524e-07,-6.232665998360809,Reverse,0.9043220634367375,AS120IV.DAT
T120,120,218,-1.169999,6.0401e-07,-6.2189558711323984,Reverse,0.9043220634367375,AS120IV.DAT
T120,120,219,-1.179999,6.2274e-07,-6.205693237664902,Reverse,0.9043220634367375,AS120IV.DAT
T120,120,220,-1.189999,6.4383e-07,-6.191228790727594,Reverse,0.9043220634367375,AS120IV.DAT
T120,120,221,-1.199998,6.6195e-07,-6.179174813497126,Reverse,0.9043220634367375,AS120IV.DAT
T120,120,222,-1.209998,6.8206e-07,-6.1661774192984335,Reverse,0.9043220634367375,AS120IV.DAT
T120,120,223,-1.219998,7.031e-07,-6.152982902064646,Reverse,0.9043220634367375,AS120IV.DAT
T120,120,224,-1.229998,7.2444e-07,-6.139997578098902,Reverse,0.9043220634367375,AS120IV.DAT
T120,120,225,-1.239998,7.4657e-07,-6.126929465650308,Reverse,0.9043220634367375,AS120IV.DAT
T120,120,226,-1.249998,7.6902e-07,-6.114062365300403,Reverse,0.9043220634367375,AS120IV.DAT
T120,120,227,-1.259998,7.9199e-07,-6.10128030196131,Reverse,0.9043220634367375,AS120IV.DAT
T120,120,228,-1.269998,8.1527e-07,-6.088698538387572,Reverse,0.9043220634367375,AS120IV.DAT
T120,120,229,-1.279998,8.3929e-07,-6.076087951402195,Reverse,0.9043220634367375,AS120IV.DAT
T120,120,230,-1.289998,8.6484e-07,-6.063064231892933,Reverse,0.9043220634367375,AS120IV.DAT
T120,120,231,-1.299998,8.8901e-07,-6.0510933538549905,Reverse,0.9043220634367375,AS120IV.DAT
T120,120,232,-1.309998,9.1455e-07,-6.038792545922399,Reverse,0.9043220634367375,AS120IV.DAT
T120,120,233,-1.319998,9.4253e-07,-6.025704817645134,Reverse,0.9043220634367375,AS120IV.DAT
T120,120,234,-1.329998,9.6801e-07,-6.014120156201537,Reverse,0.9043220634367375,AS120IV.DAT
T120,120,235,-1.339998,9.9698e-07,-6.0013135538014435,Reverse,0.9043220634367375,AS120IV.DAT
T120,120,236,-1.349998,1.02847e-06,-5.98780837195611,Reverse,0.9043220634367375,AS120IV.DAT
T120,120,237,-1.359998,1.05217e-06,-5.977914085184932,Reverse,0.9043220634367375,AS120IV.DAT
T120,120,238,-1.369998,1.08185e-06,-5.965832950586419,Reverse,0.9043220634367375,AS120IV.DAT
T120,120,239,-1.379998,1.11181e-06,-5.953969424086551,Reverse,0.9043220634367375,AS120IV.DAT
T120,120,240,-1.389998,1.14187e-06,-5.942383336980159,Reverse,0.9043220634367375,AS120IV.DAT
T120,120,241,-1.399998,1.17366e-06,-5.93045769653795,Reverse,0.9043220634367375,AS120IV.DAT
T120,120,242,-1.409998,1.20505e-06,-5.918994932945051,Reverse,0.9043220634367375,AS120IV.DAT
T120,120,243,-1.419998,1.238e-06,-5.907279355315901,Reverse,0.9043220634367375,AS120IV.DAT
T120,120,244,-1.429998,1.26999e-06,-5.896199698699096,Reverse,0.9043220634367375,AS120IV.DAT
T120,120,245,-1.439998,1.30364e-06,-5.884842322406985,Reverse,0.9043220634367375,AS120IV.DAT
T120,120,246,-1.449998,1.33823e-06,-5.873469238476601,Reverse,0.9043220634367375,AS120IV.DAT
T120,120,247,-1.459998,1.37252e-06,-5.862481318406939,Reverse,0.9043220634367375,AS120IV.DAT
T120,120,248,-1.469998,1.40905e-06,-5.851073595720439,Reverse,0.9043220634367375,AS120IV.DAT
T120,120,249,-1.479998,1.44239e-06,-5.840917297211801,Reverse,0.9043220634367375,AS120IV.DAT
T120,120,250,-1.489998,1.47877e-06,-5.8300993685984,Reverse,0.9043220634367375,AS120IV.DAT
T120,120,251,-1.499998,1.51633e-06,-5.819206272593949,Reverse,0.9043220634367375,AS120IV.DAT
T120,120,252,-1.509998,1.55396e-06,-5.808560164430121,Reverse,0.9043220634367375,AS120IV.DAT
T120,120,253,-1.519998,1.5936e-06,-5.797620678920376,Reverse,0.9043220634367375,AS120IV.DAT
T120,120,254,-1.529998,1.63369e-06,-5.786830349310352,Reverse,0.9043220634367375,AS120IV.DAT
T120,120,255,-1.539998,1.67117e-06,-5.776979369193018,Reverse,0.9043220634367375,AS120IV.DAT
T120,120,256,-1.549998,1.7159e-06,-5.765508025761012,Reverse,0.9043220634367375,AS120IV.DAT
T120,120,257,-1.559998,1.75513e-06,-5.755690710427956,Reverse,0.9043220634367375,AS120IV.DAT
T120,120,258,-1.569998,1.79747e-06,-5.745338349314027,Reverse,0.9043220634367375,AS120IV.DAT
T120,120,259,-1.579998,1.84011e-06,-5.735156214509438,Reverse,0.9043220634367375,AS120IV.DAT
T120,120,260,-1.589998,1.88421e-06,-5.72487069562028,Reverse,0.9043220634367375,AS120IV.DAT
T120,120,261,-1.599998,1.92852e-06,-5.714775852859853,Reverse,0.9043220634367375,AS120IV.DAT
T120,120,262,-1.609998,1.97461e-06,-5.7045186679227005,Reverse,0.9043220634367375,AS120IV.DAT
T120,120,263,-1.619998,2.02524e-06,-5.693523503560665,Reverse,0.9043220634367375,AS120IV.DAT
T120,120,264,-1.629998,2.07044e-06,-5.683937350549904,Reverse,0.9043220634367375,AS120IV.DAT
T120,120,265,-1.639998,2.1645e-06,-5.664642409850824,Reverse,0.9043220634367375,AS120IV.DAT
T120,120,266,-1.649998,2.1645e-06,-5.664642409850824,Reverse,0.9043220634367375,AS120IV.DAT
T120,120,267,-1.659998,2.2173e-06,-5.654175543001801,Reverse,0.9043220634367375,AS120IV.DAT
T120,120,268,-1.669998,2.2661e-06,-5.644720929207867,Reverse,0.9043220634367375,AS120IV.DAT
T120,120,269,-1.679998,2.3163e-06,-5.63520519282589,Reverse,0.9043220634367375,AS120IV.DAT
T120,120,270,-1.689998,2.3717e-06,-5.624940246414187,Reverse,0.9043220634367375,AS120IV.DAT
T120,120,271,-1.699998,2.4222e-06,-5.615790000206042,Reverse,0.9043220634367375,AS120IV.DAT
T120,120,272,-1.709998,2.4821e-06,-5.605180725426602,Reverse,0.9043220634367375,AS120IV.DAT
T120,120,273,-1.719998,2.5405e-06,-5.595080800753686,Reverse,0.9043220634367375,AS120IV.DAT
T120,120,274,-1.729998,2.5949e-06,-5.585879373956179,Reverse,0.9043220634367375,AS120IV.DAT
T120,120,275,-1.739998,2.6542e-06,-5.576066355162695,Reverse,0.9043220634367375,AS120IV.DAT
T120,120,276,-1.749998,2.7092e-06,-5.567158933065676,Reverse,0.9043220634367375,AS120IV.DAT
T120,120,277,-1.759998,2.7695e-06,-5.5575986305172975,Reverse,0.9043220634367375,AS120IV.DAT
T120,120,278,-1.769998,2.8316e-06,-5.547968096343188,Reverse,0.9043220634367375,AS120IV.DAT
T120,120,279,-1.779998,2.8991e-06,-5.53773680406578,Reverse,0.9043220634367375,AS120IV.DAT
T120,120,280,-1.789998,2.9684e-06,-5.5274775770831175,Reverse,0.9043220634367375,AS120IV.DAT
T120,120,281,-1.799998,3.0273e-06,-5.518944539106629,Reverse,0.9043220634367375,AS120IV.DAT
T120,120,282,-1.809998,3.0887e-06,-5.510224271909525,Reverse,0.9043220634367375,AS120IV.DAT
T120,120,283,-1.819998,3.1528e-06,-5.501303578142453,Reverse,0.9043220634367375,AS120IV.DAT
T120,120,284,-1.829998,3.225e-06,-5.491470281028714,Reverse,0.9043220634367375,AS120IV.DAT
T120,120,285,-1.839998,3.2962e-06,-5.481986444953925,Reverse,0.9043220634367375,AS120IV.DAT
T120,120,286,-1.849998,3.3641e-06,-5.473131103004119,Reverse,0.9043220634367375,AS120IV.DAT
T120,120,287,-1.859998,3.4352e-06,-5.464047972907826,Reverse,0.9043220634367375,AS120IV.DAT
T120,120,288,-1.869998,3.5154e-06,-5.454025251608839,Reverse,0.9043220634367375,AS120IV.DAT
T120,120,289,-1.879998,3.5929e-06,-5.444554870202131,Reverse,0.9043220634367375,AS120IV.DAT
T120,120,290,-1.889998,3.6601e-06,-5.436507048798239,Reverse,0.9043220634367375,AS120IV.DAT
T120,120,291,-1.899998,3.7339e-06,-5.427837317353663,Reverse,0.9043220634367375,AS120IV.DAT
T120,120,292,-1.909998,3.8153e-06,-5.418471307454291,Reverse,0.9043220634367375,AS120IV.DAT
T120,120,293,-1.919998,3.8927e-06,-5.409749064908842,Reverse,0.9043220634367375,AS120IV.DAT
T120,120,294,-1.929998,3.974e-06,-5.400772137226204,Reverse,0.9043220634367375,AS120IV.DAT
T120,120,295,-1.939998,4.0545e-06,-5.392062695245594,Reverse,0.9043220634367375,AS120IV.DAT
T120,120,296,-1.949998,4.1386e-06,-5.383146546584863,Reverse,0.9043220634367375,AS120IV.DAT
T120,120,297,-1.959998,4.2268e-06,-5.37398830124865,Reverse,0.9043220634367375,AS120IV.DAT
T120,120,298,-1.969998,4.3058e-06,-5.3659461465779295,Reverse,0.9043220634367375,AS120IV.DAT
T120,120,299,-1.979998,4.3955e-06,-5.3569917156095626,Reverse,0.9043220634367375,AS120IV.DAT
T120,120,300,-1.989998,4.4742e-06,-5.349284606525705,Reverse,0.9043220634367375,AS120IV.DAT
T120,120,301,-1.999998,4.5758e-06,-5.339532966032029,Reverse,0.9043220634367375,AS120IV.DAT
T120,120,302,-2.009998,4.6561e-06,-5.331977700827709,Reverse,0.9043220634367375,AS120IV.DAT
T140,140,1,1.0,0.0008881,-3.0515381299387165,Forward,0.9043220634367375,AS140IV.DAT
T140,140,2,0.99,0.00087806,-3.056475806669522,Forward,0.9043220634367375,AS140IV.DAT
T140,140,3,0.98,0.0008658,-3.062582418522862,Forward,0.9043220634367375,AS140IV.DAT
T140,140,4,0.97,0.00085299,-3.0690560602396,Forward,0.9043220634367375,AS140IV.DAT
T140,140,5,0.96,0.00084006,-3.075689694011538,Forward,0.9043220634367375,AS140IV.DAT
T140,140,6,0.95,0.00082709,-3.0824472300161467,Forward,0.9043220634367375,AS140IV.DAT
T140,140,7,0.9400001,0.00081408,-3.089332914703718,Forward,0.9043220634367375,AS140IV.DAT
T140,140,8,0.9300001,0.00080105,-3.0963403752436207,Forward,0.9043220634367375,AS140IV.DAT
T140,140,9,0.9200001,0.00078804,-3.103451737664781,Forward,0.9043220634367375,AS140IV.DAT
T140,140,10,0.9100001,0.00077505,-3.110670279398657,Forward,0.9043220634367375,AS140IV.DAT
T140,140,11,0.9000001,0.00076208,-3.1179994358324845,Forward,0.9043220634367375,AS140IV.DAT
T140,140,12,0.8900001,0.00074911,-3.125454405417534,Forward,0.9043220634367375,AS140IV.DAT
T140,140,13,0.8800001,0.00073612,-3.133051382551418,Forward,0.9043220634367375,AS140IV.DAT
T140,140,14,0.8700001,0.00072323,-3.1407235673719747,Forward,0.9043220634367375,AS140IV.DAT
T140,140,15,0.8600001,0.00071028,-3.1485704139805217,Forward,0.9043220634367375,AS140IV.DAT
T140,140,16,0.8500001,0.0006973,-3.156580334795082,Forward,0.9043220634367375,AS140IV.DAT
T140,140,17,0.8400002,0.0006844,-3.164689999130937,Forward,0.9043220634367375,AS140IV.DAT
T140,140,18,0.8300002,0.00067154,-3.17292811365514,Forward,0.9043220634367375,AS140IV.DAT
T140,140,19,0.8200002,0.00065868,-3.1813255231707602,Forward,0.9043220634367375,AS140IV.DAT
T140,140,20,0.8100002,0.00064583,-3.189881785067006,Forward,0.9043220634367375,AS140IV.DAT
T140,140,21,0.8000002,0.00063305,-3.1985619868759643,Forward,0.9043220634367375,AS140IV.DAT
T140,140,22,0.7900002,0.00062021,-3.2074612356643053,Forward,0.9043220634367375,AS140IV.DAT
T140,140,23,0.7800002,0.00060744,-3.21649661313014,Forward,0.9043220634367375,AS140IV.DAT
T140,140,24,0.7700002,0.00059468,-3.2257166672442845,Forward,0.9043220634367375,AS140IV.DAT
T140,140,25,0.7600002,0.00058193,-3.2351292532231275,Forward,0.9043220634367375,AS140IV.DAT
T140,140,26,0.7500002,0.00056921,-3.244727478744693,Forward,0.9043220634367375,AS140IV.DAT
T140,140,27,0.7400002,0.00055653,-3.254511419858854,Forward,0.9043220634367375,AS140IV.DAT
T140,140,28,0.7300003,0.00054383,-3.264536838537619,Forward,0.9043220634367375,AS140IV.DAT
T140,140,29,0.7200003,0.00053112,-3.274807344361136,Forward,0.9043220634367375,AS140IV.DAT
T140,140,30,0.7100003,0.00051853,-3.2852261120665456,Forward,0.9043220634367375,AS140IV.DAT
T140,140,31,0.7000003,0.00050592,-3.295918151747885,Forward,0.9043220634367375,AS140IV.DAT
T140,140,32,0.6900003,0.00049335,-3.306844867461664,Forward,0.9043220634367375,AS140IV.DAT
T140,140,33,0.6800003,0.00048083,-3.3180084436093096,Forward,0.9043220634367375,AS140IV.DAT
T140,140,34,0.6700003,0.00046832,-3.3294572949102834,Forward,0.9043220634367375,AS140IV.DAT
T140,140,35,0.6600003,0.00045581,-3.3412161510793403,Forward,0.9043220634367375,AS140IV.DAT
T140,140,36,0.6500003,0.00044338,-3.35322390094985,Forward,0.9043220634367375,AS140IV.DAT
T140,140,37,0.6400003,0.00043099,-3.3655328063942616,Forward,0.9043220634367375,AS140IV.DAT
T140,140,38,0.6300004,0.00041861,-3.378190401193354,Forward,0.9043220634367375,AS140IV.DAT
T140,140,39,0.6200004,0.00040631,-3.3911424887949893,Forward,0.9043220634367375,AS140IV.DAT
T140,140,40,0.6100004,0.00039403,-3.404470711325541,Forward,0.9043220634367375,AS140IV.DAT
T140,140,41,0.6000004,0.00039403,-3.404470711325541,Forward,0.9043220634367375,AS140IV.DAT
T140,140,42,0.5900004,0.00038176,-3.418209578009752,Forward,0.9043220634367375,AS140IV.DAT
T140,140,43,0.5800004,0.00036953,-3.432350297984785,Forward,0.9043220634367375,AS140IV.DAT
T140,140,44,0.5700004,0.00035742,-3.4468211495175116,Forward,0.9043220634367375,AS140IV.DAT
T140,140,45,0.5600004,0.00034533,-3.4617656913623587,Forward,0.9043220634367375,AS140IV.DAT
T140,140,46,0.5500004,0.00033326,-3.477216810017149,Forward,0.9043220634367375,AS140IV.DAT
T140,140,47,0.5400004,0.00032131,-3.493075757868225,Forward,0.9043220634367375,AS140IV.DAT
T140,140,48,0.5300004,0.00030939,-3.509493727530652,Forward,0.9043220634367375,AS140IV.DAT
T140,140,49,0.5200005,0.0002975,-3.5265130299354315,Forward,0.9043220634367375,AS140IV.DAT
T140,140,50,0.5100005,0.00028573,-3.544044158810617,Forward,0.9043220634367375,AS140IV.DAT
T140,140,51,0.5000005,0.00027404,-3.5621860411526542,Forward,0.9043220634367375,AS140IV.DAT
T140,140,52,0.4900005,0.00026239,-3.5810527204685396,Forward,0.9043220634367375,AS140IV.DAT
T140,140,53,0.4800005,0.00025083,-3.600620521847371,Forward,0.9043220634367375,AS140IV.DAT
T140,140,54,0.4700005,0.00023938,-3.620912137356832,Forward,0.9043220634367375,AS140IV.DAT
T140,140,55,0.4600005,0.00022793,-3.6421985094971316,Forward,0.9043220634367375,AS140IV.DAT
T140,140,56,0.4500005,0.00021664,-3.6642613529949495,Forward,0.9043220634367375,AS140IV.DAT
T140,140,57,0.4400005,0.00020548,-3.6872304429477003,Forward,0.9043220634367375,AS140IV.DAT
T140,140,58,0.4300005,0.000194638,-3.710772366641081,Forward,0.9043220634367375,AS140IV.DAT
T140,140,59,0.4200006,0.000183569,-3.73620065791506,Forward,0.9043220634367375,AS140IV.DAT
T140,140,60,0.4100006,0.000172788,-3.7624864222433945,Forward,0.9043220634367375,AS140IV.DAT
T140,140,61,0.4000006,0.000162144,-3.7900991173894227,Forward,0.9043220634367375,AS140IV.DAT
T140,140,62,0.3900006,0.000151639,-3.8191890882387045,Forward,0.9043220634367375,AS140IV.DAT
T140,140,63,0.3800006,0.000141378,-3.849618166366243,Forward,0.9043220634367375,AS140IV.DAT
T140,140,64,0.3700006,0.000131257,-3.881877526167279,Forward,0.9043220634367375,AS140IV.DAT
T140,140,65,0.3600006,0.000121329,-3.9160353818647975,Forward,0.9043220634367375,AS140IV.DAT
T140,140,66,0.3500006,0.000111648,-3.952149052231983,Forward,0.9043220634367375,AS140IV.DAT
T140,140,67,0.3400006,0.000102215,-3.9904853670270257,Forward,0.9043220634367375,AS140IV.DAT
T140,140,68,0.3300006,9.3006e-05,-4.031489033351032,Forward,0.9043220634367375,AS140IV.DAT
T140,140,69,0.3200006,8.4129e-05,-4.07505427329838,Forward,0.9043220634367375,AS140IV.DAT
T140,140,70,0.3100007,7.557e-05,-4.1216505777822245,Forward,0.9043220634367375,AS140IV.DAT
T140,140,71,0.3000007,6.7357e-05,-4.1716172640330464,Forward,0.9043220634367375,AS140IV.DAT
T140,140,72,0.2900007,5.9537e-05,-4.225213052730452,Forward,0.9043220634367375,AS140IV.DAT
T140,140,73,0.2800007,5.2125e-05,-4.282953932018186,Forward,0.9043220634367375,AS140IV.DAT
T140,140,74,0.2700007,4.5146e-05,-4.345380722756534,Forward,0.9043220634367375,AS140IV.DAT
T140,140,75,0.2600007,3.8657e-05,-4.412771852687185,Forward,0.9043220634367375,AS140IV.DAT
T140,140,76,0.2500007,3.2709e-05,-4.485332733194511,Forward,0.9043220634367375,AS140IV.DAT
T140,140,77,0.2400007,2.7299e-05,-4.56385326147339,Forward,0.9043220634367375,AS140IV.DAT
T140,140,78,0.2300007,2.245e-05,-4.648783654660658,Forward,0.9043220634367375,AS140IV.DAT
T140,140,79,0.2200007,1.84995e-05,-4.732840009444306,Forward,0.9043220634367375,AS140IV.DAT
T140,140,80,0.2100007,1.45109e-05,-4.838305650766104,Forward,0.9043220634367375,AS140IV.DAT
T140,140,81,0.2000007,1.13305e-05,-4.945750924871848,Forward,0.9043220634367375,AS140IV.DAT
T140,140,82,0.1900007,8.7431e-06,-5.058334554300636,Forward,0.9043220634367375,AS140IV.DAT
T140,140,83,0.1800007,6.6392e-06,-5.177884248420696,Forward,0.9043220634367375,AS140IV.DAT
T140,140,84,0.1700007,4.9426e-06,-5.306044535163739,Forward,0.9043220634367375,AS140IV.DAT
T140,140,85,0.1600007,3.606e-06,-5.442974277613617,Forward,0.9043220634367375,AS140IV.DAT
T140,140,86,0.1500007,2.5866e-06,-5.587270726762468,Forward,0.9043220634367375,AS140IV.DAT
T140,140,87,0.1400007,1.89526e-06,-5.722331203205276,Forward,0.9043220634367375,AS140IV.DAT
T140,140,88,0.1300007,1.317e-06,-5.8804142250382165,Forward,0.9043220634367375,AS140IV.DAT
T140,140,89,0.1200007,8.7269e-07,-6.0591400005082425,Forward,0.9043220634367375,AS140IV.DAT
T140,140,90,0.1100007,5.8514e-07,-6.232740212630184,Forward,0.9043220634367375,AS140IV.DAT
T140,140,91,0.1000007,3.8396e-07,-6.415714016997363,Forward,0.9043220634367375,AS140IV.DAT
T140,140,92,0.09000066,2.4969e-07,-6.602598850647389,Forward,0.9043220634367375,AS140IV.DAT
T140,140,93,0.08000066,1.69022e-07,-6.772056763689482,Forward,0.9043220634367375,AS140IV.DAT
T140,140,94,0.07000066,1.04636e-07,-6.980318870808143,Forward,0.9043220634367375,AS140IV.DAT
T140,140,95,0.06000067,6.4458e-08,-7.190723173884791,Forward,0.9043220634367375,AS140IV.DAT
T140,140,96,0.05000067,3.9594e-08,-7.402370621254234,Forward,0.9043220634367375,AS140IV.DAT
T140,140,97,0.04000067,2.3755e-08,-7.624244965244776,Forward,0.9043220634367375,AS140IV.DAT
T140,140,98,0.03000067,1.45583e-08,-7.836889335443582,Forward,0.9043220634367375,AS140IV.DAT
T140,140,99,0.02000067,8.8735e-09,-8.051905046360808,Forward,0.9043220634367375,AS140IV.DAT
T140,140,100,0.01000067,4.3726e-09,-8.359260249556186,Forward,0.9043220634367375,AS140IV.DAT
T140,140,101,6.705523e-07,1.80765e-09,-8.742885654492985,Forward,0.9043220634367375,AS140IV.DAT
T140,140,102,-0.009999329,1.63e-11,-10.787812395596042,Reverse,0.9043220634367375,AS140IV.DAT
T140,140,103,-0.01999933,1.03177e-09,-8.986417103933025,Reverse,0.9043220634367375,AS140IV.DAT
T140,140,104,-0.02999933,1.51144e-09,-8.820609088437283,Reverse,0.9043220634367375,AS140IV.DAT
T140,140,105,-0.03999933,2.5545e-09,-8.592694092981718,Reverse,0.9043220634367375,AS140IV.DAT
T140,140,106,-0.04999933,3.5219e-09,-8.453222979449022,Reverse,0.9043220634367375,AS140IV.DAT
T140,140,107,-0.05999932,4.0424e-09,-8.393360714769827,Reverse,0.9043220634367375,AS140IV.DAT
T140,140,108,-0.06999932,4.5176e-09,-8.345092225271177,Reverse,0.9043220634367375,AS140IV.DAT
T140,140,109,-0.07999932,5.0222e-09,-8.299105996289194,Reverse,0.9043220634367375,AS140IV.DAT
T140,140,110,-0.08999932,5.5089e-09,-8.258935111061488,Reverse,0.9043220634367375,AS140IV.DAT
T140,140,111,-0.09999932,5.9951e-09,-8.222203568347288,Reverse,0.9043220634367375,AS140IV.DAT
T140,140,112,-0.1099993,6.4586e-09,-8.189861611752264,Reverse,0.9043220634367375,AS140IV.DAT
T140,140,113,-0.1199993,7.0084e-09,-8.154381119049557,Reverse,0.9043220634367375,AS140IV.DAT
T140,140,114,-0.1299993,7.5448e-09,-8.122352268154476,Reverse,0.9043220634367375,AS140IV.DAT
T140,140,115,-0.1399993,8.0498e-09,-8.094214909691186,Reverse,0.9043220634367375,AS140IV.DAT
T140,140,116,-0.1499993,8.6261e-09,-8.064185511504645,Reverse,0.9043220634367375,AS140IV.DAT
T140,140,117,-0.1599993,9.1539e-09,-8.038393836248396,Reverse,0.9043220634367375,AS140IV.DAT
T140,140,118,-0.1699993,9.8275e-09,-8.007556947507874,Reverse,0.9043220634367375,AS140IV.DAT
T140,140,119,-0.1799993,1.01075e-08,-7.9953562499942885,Reverse,0.9043220634367375,AS140IV.DAT
T140,140,120,-0.1899993,1.10718e-08,-7.9557817678729466,Reverse,0.9043220634367375,AS140IV.DAT
T140,140,121,-0.1999993,1.17482e-08,-7.930028668707202,Reverse,0.9043220634367375,AS140IV.DAT
T140,140,122,-0.2099994,1.24971e-08,-7.903190755001286,Reverse,0.9043220634367375,AS140IV.DAT
T140,140,123,-0.2199994,1.31568e-08,-7.8808497270849145,Reverse,0.9043220634367375,AS140IV.DAT
T140,140,124,-0.2299994,1.39649e-08,-7.854962169852248,Reverse,0.9043220634367375,AS140IV.DAT
T140,140,125,-0.2399994,1.47806e-08,-7.830307935941181,Reverse,0.9043220634367375,AS140IV.DAT
T140,140,126,-0.2499994,1.56152e-08,-7.806452448940018,Reverse,0.9043220634367375,AS140IV.DAT
T140,140,127,-0.2599994,1.64823e-08,-7.782982185380915,Reverse,0.9043220634367375,AS140IV.DAT
T140,140,128,-0.2699994,1.73644e-08,-7.760340218468451,Reverse,0.9043220634367375,AS140IV.DAT
T140,140,129,-0.2799993,1.83513e-08,-7.736333165045212,Reverse,0.9043220634367375,AS140IV.DAT
T140,140,130,-0.2899993,1.94108e-08,-7.711956565156418,Reverse,0.9043220634367375,AS140IV.DAT
T140,140,131,-0.2999993,2.04747e-08,-7.688782452903274,Reverse,0.9043220634367375,AS140IV.DAT
T140,140,132,-0.3099993,2.1286e-08,-7.671905942184973,Reverse,0.9043220634367375,AS140IV.DAT
T140,140,133,-0.3199993,2.2668e-08,-7.644586796030541,Reverse,0.9043220634367375,AS140IV.DAT
T140,140,134,-0.3299993,2.3856e-08,-7.622402373891081,Reverse,0.9043220634367375,AS140IV.DAT
T140,140,135,-0.3399993,2.5123e-08,-7.599928501652503,Reverse,0.9043220634367375,AS140IV.DAT
T140,140,136,-0.3499993,2.6501e-08,-7.576737737901386,Reverse,0.9043220634367375,AS140IV.DAT
T140,140,137,-0.3599993,2.7845e-08,-7.555252777774222,Reverse,0.9043220634367375,AS140IV.DAT
T140,140,138,-0.3699993,2.9357e-08,-7.532288327162454,Reverse,0.9043220634367375,AS140IV.DAT
T140,140,139,-0.3799993,3.0857e-08,-7.510646299490581,Reverse,0.9043220634367375,AS140IV.DAT
T140,140,140,-0.3899992,3.2399e-08,-7.489468394150922,Reverse,0.9043220634367375,AS140IV.DAT
T140,140,141,-0.3999992,3.391e-08,-7.469672210221914,Reverse,0.9043220634367375,AS140IV.DAT
T140,140,142,-0.4099992,3.5752e-08,-7.446699658347697,Reverse,0.9043220634367375,AS140IV.DAT
T140,140,143,-0.4199992,3.7538e-08,-7.425528870023205,Reverse,0.9043220634367375,AS140IV.DAT
T140,140,144,-0.4299992,3.9348e-08,-7.40507733728301,Reverse,0.9043220634367375,AS140IV.DAT
T140,140,145,-0.4399992,4.1458e-08,-7.382391652794848,Reverse,0.9043220634367375,AS140IV.DAT
T140,140,146,-0.4499992,4.3632e-08,-7.360194879402445,Reverse,0.9043220634367375,AS140IV.DAT
T140,140,147,-0.4599992,4.565e-08,-7.340559218129682,Reverse,0.9043220634367375,AS140IV.DAT
T140,140,148,-0.4699992,4.7916e-08,-7.319519443758038,Reverse,0.9043220634367375,AS140IV.DAT
T140,140,149,-0.4799992,5.0291e-08,-7.298509728662945,Reverse,0.9043220634367375,AS140IV.DAT
T140,140,150,-0.4899991,5.2762e-08,-7.2776787504171585,Reverse,0.9043220634367375,AS140IV.DAT
T140,140,151,-0.4999991,5.522e-08,-7.257903597696756,Reverse,0.9043220634367375,AS140IV.DAT
T140,140,152,-0.5099992,5.7672e-08,-7.2390349874844935,Reverse,0.9043220634367375,AS140IV.DAT
T140,140,153,-0.5199991,6.0611e-08,-7.217448550655899,Reverse,0.9043220634367375,AS140IV.DAT
T140,140,154,-0.5299991,6.3269e-08,-7.198809029740535,Reverse,0.9043220634367375,AS140IV.DAT
T140,140,155,-0.5399991,6.6268e-08,-7.178696136426722,Reverse,0.9043220634367375,AS140IV.DAT
T140,140,156,-0.5499991,6.9282e-08,-7.159379583802103,Reverse,0.9043220634367375,AS140IV.DAT
T140,140,157,-0.5599991,7.2354e-08,-7.140537454456376,Reverse,0.9043220634367375,AS140IV.DAT
T140,140,158,-0.5699991,7.5971e-08,-7.119352156975686,Reverse,0.9043220634367375,AS140IV.DAT
T140,140,159,-0.5799991,7.9444e-08,-7.099938897264519,Reverse,0.9043220634367375,AS140IV.DAT
T140,140,160,-0.5899991,8.313e-08,-7.080242219498106,Reverse,0.9043220634367375,AS140IV.DAT
T140,140,161,-0.5999991,8.6834e-08,-7.061310192782279,Reverse,0.9043220634367375,AS140IV.DAT
T140,140,162,-0.6099991,9.0093e-08,-7.045308951301434,Reverse,0.9043220634367375,AS140IV.DAT
T140,140,163,-0.6199991,9.4339e-08,-7.02530873161781,Reverse,0.9043220634367375,AS140IV.DAT
T140,140,164,-0.629999,9.8455e-08,-7.0067622234845235,Reverse,0.9043220634367375,AS140IV.DAT
T140,140,165,-0.639999,1.03039e-07,-6.986998364819175,Reverse,0.9043220634367375,AS140IV.DAT
T140,140,166,-0.649999,1.07449e-07,-6.9687976220199355,Reverse,0.9043220634367375,AS140IV.DAT
T140,140,167,-0.659999,1.1213e-07,-6.950278177847565,Reverse,0.9043220634367375,AS140IV.DAT
T140,140,168,-0.669999,1.17592e-07,-6.929622223107125,Reverse,0.9043220634367375,AS140IV.DAT
T140,140,169,-0.679999,1.21918e-07,-6.9139321703162215,Reverse,0.9043220634367375,AS140IV.DAT
T140,140,170,-0.689999,1.26778e-07,-6.896956103769399,Reverse,0.9043220634367375,AS140IV.DAT
T140,140,171,-0.699999,1.32639e-07,-6.877328761040778,Reverse,0.9043220634367375,AS140IV.DAT
T140,140,172,-0.709999,1.37957e-07,-6.860256258329088,Reverse,0.9043220634367375,AS140IV.DAT
T140,140,173,-0.719999,1.44674e-07,-6.839609510837461,Reverse,0.9043220634367375,AS140IV.DAT
T140,140,174,-0.7299989,1.50277e-07,-6.823107483401376,Reverse,0.9043220634367375,AS140IV.DAT
T140,140,175,-0.7399989,1.56305e-07,-6.806027129225357,Reverse,0.9043220634367375,AS140IV.DAT
T140,140,176,-0.7499989,1.63577e-07,-6.786277761027131,Reverse,0.9043220634367375,AS140IV.DAT
T140,140,177,-0.7599989,1.70299e-07,-6.768787902218004,Reverse,0.9043220634367375,AS140IV.DAT
T140,140,178,-0.7699989,1.7777e-07,-6.750141527582629,Reverse,0.9043220634367375,AS140IV.DAT
T140,140,179,-0.7799989,1.83616e-07,-6.736089477770115,Reverse,0.9043220634367375,AS140IV.DAT
T140,140,180,-0.7899989,1.9037e-07,-6.7204014900954325,Reverse,0.9043220634367375,AS140IV.DAT
T140,140,181,-0.7999989,1.98756e-07,-6.701679752092574,Reverse,0.9043220634367375,AS140IV.DAT
T140,140,182,-0.8099989,2.05669e-07,-6.686831163548449,Reverse,0.9043220634367375,AS140IV.DAT
T140,140,183,-0.8199989,2.1476e-07,-6.6680466047088,Reverse,0.9043220634367375,AS140IV.DAT
T140,140,184,-0.8299989,2.2355e-07,-6.650625325795949,Reverse,0.9043220634367375,AS140IV.DAT
T140,140,185,-0.8399988,2.3305e-07,-6.632550892731396,Reverse,0.9043220634367375,AS140IV.DAT
T140,140,186,-0.8499988,2.4101e-07,-6.617964937281069,Reverse,0.9043220634367375,AS140IV.DAT
T140,140,187,-0.8599988,2.5053e-07,-6.601140261595739,Reverse,0.9043220634367375,AS140IV.DAT
T140,140,188,-0.8699988,2.6248e-07,-6.580903782622009,Reverse,0.9043220634367375,AS140IV.DAT
T140,140,189,-0.8799988,2.7211e-07,-6.565255497672588,Reverse,0.9043220634367375,AS140IV.DAT
T140,140,190,-0.8899988,2.8168e-07,-6.550243987937872,Reverse,0.9043220634367375,AS140IV.DAT
T140,140,191,-0.8999988,2.9273e-07,-6.533532767259362,Reverse,0.9043220634367375,AS140IV.DAT
T140,140,192,-0.9099988,3.0296e-07,-6.51861470788723,Reverse,0.9043220634367375,AS140IV.DAT
T140,140,193,-0.9199988,3.1384e-07,-6.503291704878521,Reverse,0.9043220634367375,AS140IV.DAT
T140,140,194,-0.9299988,3.2574e-07,-6.487128907960677,Reverse,0.9043220634367375,AS140IV.DAT
T140,140,195,-0.9399987,3.3695e-07,-6.472434539292279,Reverse,0.9043220634367375,AS140IV.DAT
T140,140,196,-0.9499987,3.4852e-07,-6.457772294637962,Reverse,0.9043220634367375,AS140IV.DAT
T140,140,197,-0.9599987,3.6438e-07,-6.438445468493793,Reverse,0.9043220634367375,AS140IV.DAT
T140,140,198,-0.9699987,3.7302e-07,-6.428267882248201,Reverse,0.9043220634367375,AS140IV.DAT
T140,140,199,-0.9799987,3.8598e-07,-6.413435198215988,Reverse,0.9043220634367375,AS140IV.DAT
T140,140,200,-0.9899987,4.0211e-07,-6.3956551263728,Reverse,0.9043220634367375,AS140IV.DAT
T140,140,201,-0.9999987,4.1688e-07,-6.3799889398412954,Reverse,0.9043220634367375,AS140IV.DAT
T140,140,202,-1.009999,4.2688e-07,-6.369694192099564,Reverse,0.9043220634367375,AS140IV.DAT
T140,140,203,-1.019999,4.4242e-07,-6.354165248581052,Reverse,0.9043220634367375,AS140IV.DAT
T140,140,204,-1.029999,4.5816e-07,-6.338982829894727,Reverse,0.9043220634367375,AS140IV.DAT
T140,140,205,-1.039999,4.7336e-07,-6.324808443731045,Reverse,0.9043220634367375,AS140IV.DAT
T140,140,206,-1.049999,4.8742e-07,-6.31209665465184,Reverse,0.9043220634367375,AS140IV.DAT
T140,140,207,-1.059999,5.0593e-07,-6.295909567580629,Reverse,0.9043220634367375,AS140IV.DAT
T140,140,208,-1.069999,5.2194e-07,-6.282379418772826,Reverse,0.9043220634367375,AS140IV.DAT
T140,140,209,-1.079999,5.3403e-07,-6.272434345090372,Reverse,0.9043220634367375,AS140IV.DAT
T140,140,210,-1.089999,5.5182e-07,-6.258202563131513,Reverse,0.9043220634367375,AS140IV.DAT
T140,140,211,-1.099999,5.7374e-07,-6.241284870923383,Reverse,0.9043220634367375,AS140IV.DAT
T140,140,212,-1.109999,5.9012e-07,-6.229059666258395,Reverse,0.9043220634367375,AS140IV.DAT
T140,140,213,-1.119999,6.0862e-07,-6.215653780293787,Reverse,0.9043220634367375,AS140IV.DAT
T140,140,214,-1.129999,6.2861e-07,-6.201618714457041,Reverse,0.9043220634367375,AS140IV.DAT
T140,140,215,-1.139999,6.4485e-07,-6.190541295827312,Reverse,0.9043220634367375,AS140IV.DAT
T140,140,216,-1.149999,6.6761e-07,-6.175477166731717,Reverse,0.9043220634367375,AS140IV.DAT
T140,140,217,-1.159999,6.8786e-07,-6.1624999446343685,Reverse,0.9043220634367375,AS140IV.DAT
T140,140,218,-1.169999,7.0892e-07,-6.14940277119048,Reverse,0.9043220634367375,AS140IV.DAT
T140,140,219,-1.179999,7.3277e-07,-6.1350323192271565,Reverse,0.9043220634367375,AS140IV.DAT
T140,140,220,-1.189999,7.5315e-07,-6.123118519569972,Reverse,0.9043220634367375,AS140IV.DAT
T140,140,221,-1.199998,7.7698e-07,-6.109590160094101,Reverse,0.9043220634367375,AS140IV.DAT
T140,140,222,-1.209998,8.0275e-07,-6.09541968576146,Reverse,0.9043220634367375,AS140IV.DAT
T140,140,223,-1.219998,8.2496e-07,-6.083567108662709,Reverse,0.9043220634367375,AS140IV.DAT
T140,140,224,-1.229998,8.4089e-07,-6.075260812189622,Reverse,0.9043220634367375,AS140IV.DAT
T140,140,225,-1.239998,8.6506e-07,-6.0629537691071835,Reverse,0.9043220634367375,AS140IV.DAT
T140,140,226,-1.249998,8.9401e-07,-6.048657623351141,Reverse,0.9043220634367375,AS140IV.DAT
T140,140,227,-1.259998,9.1737e-07,-6.037455466348674,Reverse,0.9043220634367375,AS140IV.DAT
T140,140,228,-1.269998,9.3938e-07,-6.027158690461159,Reverse,0.9043220634367375,AS140IV.DAT
T140,140,229,-1.279998,9.6294e-07,-6.01640077256468,Reverse,0.9043220634367375,AS140IV.DAT
T140,140,230,-1.289998,9.906e-07,-6.004101676353563,Reverse,0.9043220634367375,AS140IV.DAT
T140,140,231,-1.299998,1.02e-06,-5.991399828238082,Reverse,0.9043220634367375,AS140IV.DAT
T140,140,232,-1.309998,1.04876e-06,-5.979323885115221,Reverse,0.9043220634367375,AS140IV.DAT
T140,140,233,-1.319998,1.08386e-06,-5.965026811113207,Reverse,0.9043220634367375,AS140IV.DAT
T140,140,234,-1.329998,1.10088e-06,-5.958260018156412,Reverse,0.9043220634367375,AS140IV.DAT
T140,140,235,-1.339998,1.13344e-06,-5.945601464826038,Reverse,0.9043220634367375,AS140IV.DAT
T140,140,236,-1.349998,1.16369e-06,-5.934162697710426,Reverse,0.9043220634367375,AS140IV.DAT
T140,140,237,-1.359998,1.19389e-06,-5.923035685429192,Reverse,0.9043220634367375,AS140IV.DAT
T140,140,238,-1.369998,1.2264e-06,-5.911367858153681,Reverse,0.9043220634367375,AS140IV.DAT
T140,140,239,-1.379998,1.25653e-06,-5.900827138047193,Reverse,0.9043220634367375,AS140IV.DAT
T140,140,240,-1.389998,1.30178e-06,-5.885462405060506,Reverse,0.9043220634367375,AS140IV.DAT
T140,140,241,-1.399998,1.33896e-06,-5.8732323968780245,Reverse,0.9043220634367375,AS140IV.DAT
T140,140,242,-1.409998,1.37105e-06,-5.862946706896746,Reverse,0.9043220634367375,AS140IV.DAT
T140,140,243,-1.419998,1.39862e-06,-5.854300265722882,Reverse,0.9043220634367375,AS140IV.DAT
T140,140,244,-1.429998,1.44982e-06,-5.838685913530033,Reverse,0.9043220634367375,AS140IV.DAT
T140,140,245,-1.439998,1.48451e-06,-5.8284168725507985,Reverse,0.9043220634367375,AS140IV.DAT
T140,140,246,-1.449998,1.52207e-06,-5.817565373902726,Reverse,0.9043220634367375,AS140IV.DAT
T140,140,247,-1.459998,1.55981e-06,-5.806928299707705,Reverse,0.9043220634367375,AS140IV.DAT
T140,140,248,-1.469998,1.59524e-06,-5.797173969136808,Reverse,0.9043220634367375,AS140IV.DAT
T140,140,249,-1.479998,1.62695e-06,-5.788625793748921,Reverse,0.9043220634367375,AS140IV.DAT
T140,140,250,-1.489998,1.66293e-06,-5.779126031750758,Reverse,0.9043220634367375,AS140IV.DAT
T140,140,251,-1.499998,1.71766e-06,-5.765062797860469,Reverse,0.9043220634367375,AS140IV.DAT
T140,140,252,-1.509998,1.74773e-06,-5.7575256589825825,Reverse,0.9043220634367375,AS140IV.DAT
T140,140,253,-1.519998,1.79167e-06,-5.746741978143038,Reverse,0.9043220634367375,AS140IV.DAT
T140,140,254,-1.529998,1.82874e-06,-5.737848035689158,Reverse,0.9043220634367375,AS140IV.DAT
T140,140,255,-1.539998,1.87229e-06,-5.727626882283078,Reverse,0.9043220634367375,AS140IV.DAT
T140,140,256,-1.549998,1.91973e-06,-5.716759848252542,Reverse,0.9043220634367375,AS140IV.DAT
T140,140,257,-1.559998,1.96626e-06,-5.706359055629292,Reverse,0.9043220634367375,AS140IV.DAT
T140,140,258,-1.569998,2.01401e-06,-5.695938377409989,Reverse,0.9043220634367375,AS140IV.DAT
T140,140,259,-1.579998,2.04898e-06,-5.688462280706677,Reverse,0.9043220634367375,AS140IV.DAT
T140,140,260,-1.589998,2.09515e-06,-5.678784878740518,Reverse,0.9043220634367375,AS140IV.DAT
T140,140,261,-1.599998,2.1362e-06,-5.670358089269789,Reverse,0.9043220634367375,AS140IV.DAT
T140,140,262,-1.609998,2.1795e-06,-5.661643126646297,Reverse,0.9043220634367375,AS140IV.DAT
T140,140,263,-1.619998,2.236e-06,-5.650528200785614,Reverse,0.9043220634367375,AS140IV.DAT
T140,140,264,-1.629998,2.2839e-06,-5.641322915487026,Reverse,0.9043220634367375,AS140IV.DAT
T140,140,265,-1.639998,2.3384e-06,-5.63108119765062,Reverse,0.9043220634367375,AS140IV.DAT
T140,140,266,-1.649998,2.3884e-06,-5.621892937490258,Reverse,0.9043220634367375,AS140IV.DAT
T140,140,267,-1.659998,2.4524e-06,-5.610408692544803,Reverse,0.9043220634367375,AS140IV.DAT
T140,140,268,-1.669998,2.5039e-06,-5.601383019836773,Reverse,0.9043220634367375,AS140IV.DAT
T140,140,269,-1.679998,2.5614e-06,-5.591522594812409,Reverse,0.9043220634367375,AS140IV.DAT
T140,140,270,-1.689998,2.6134e-06,-5.5827941132356695,Reverse,0.9043220634367375,AS140IV.DAT
T140,140,271,-1.699998,2.6758e-06,-5.572546350598681,Reverse,0.9043220634367375,AS140IV.DAT
T140,140,272,-1.709998,2.7378e-06,-5.562598280843695,Reverse,0.9043220634367375,AS140IV.DAT
T140,140,273,-1.719998,2.8046e-06,-5.552129070300952,Reverse,0.9043220634367375,AS140IV.DAT
T140,140,274,-1.729998,2.8481e-06,-5.545444766198892,Reverse,0.9043220634367375,AS140IV.DAT
T140,140,275,-1.739998,2.911e-06,-5.535957794561189,Reverse,0.9043220634367375,AS140IV.DAT
T140,140,276,-1.749998,2.9922e-06,-5.524009381397994,Reverse,0.9043220634367375,AS140IV.DAT
T140,140,277,-1.759998,3.0506e-06,-5.515614734075506,Reverse,0.9043220634367375,AS140IV.DAT
T140,140,278,-1.769998,3.1114e-06,-5.507044152624583,Reverse,0.9043220634367375,AS140IV.DAT
T140,140,279,-1.779998,3.1768e-06,-5.498010125944173,Reverse,0.9043220634367375,AS140IV.DAT
T140,140,280,-1.789998,3.2442e-06,-5.488892380040732,Reverse,0.9043220634367375,AS140IV.DAT
T140,140,281,-1.799998,3.3168e-06,-5.479280715250215,Reverse,0.9043220634367375,AS140IV.DAT
T140,140,282,-1.809998,3.3875e-06,-5.4701206961175375,Reverse,0.9043220634367375,AS140IV.DAT
T140,140,283,-1.819998,3.4523e-06,-5.461891471739137,Reverse,0.9043220634367375,AS140IV.DAT
T140,140,284,-1.829998,3.5361e-06,-5.451475461748869,Reverse,0.9043220634367375,AS140IV.DAT
T140,140,285,-1.839998,3.6147e-06,-5.441927740900854,Reverse,0.9043220634367375,AS140IV.DAT
T140,140,286,-1.849998,3.7068e-06,-5.4310008456509244,Reverse,0.9043220634367375,AS140IV.DAT
T140,140,287,-1.859998,3.7714e-06,-5.4234974032666,Reverse,0.9043220634367375,AS140IV.DAT
T140,140,288,-1.869998,3.8525e-06,-5.414257352609543,Reverse,0.9043220634367375,AS140IV.DAT
T140,140,289,-1.879998,3.9202e-06,-5.406691775663046,Reverse,0.9043220634367375,AS140IV.DAT
T140,140,290,-1.889998,4.0083e-06,-5.397039781285333,Reverse,0.9043220634367375,AS140IV.DAT
T140,140,291,-1.899998,4.0885e-06,-5.388435997911875,Reverse,0.9043220634367375,AS140IV.DAT
T140,140,292,-1.909998,4.1731e-06,-5.379541208164438,Reverse,0.9043220634367375,AS140IV.DAT
T140,140,293,-1.919998,4.2563e-06,-5.370967768928972,Reverse,0.9043220634367375,AS140IV.DAT
T140,140,294,-1.929998,4.3415e-06,-5.362360194641302,Reverse,0.9043220634367375,AS140IV.DAT
T140,140,295,-1.939998,4.4231e-06,-5.354273241738864,Reverse,0.9043220634367375,AS140IV.DAT
T140,140,296,-1.949998,4.5208e-06,-5.3447847057101585,Reverse,0.9043220634367375,AS140IV.DAT
T140,140,297,-1.959998,4.6095e-06,-5.336346180687941,Reverse,0.9043220634367375,AS140IV.DAT
T140,140,298,-1.969998,4.6976e-06,-5.328123966100042,Reverse,0.9043220634367375,AS140IV.DAT
T140,140,299,-1.979998,4.7875e-06,-5.319891213023321,Reverse,0.9043220634367375,AS140IV.DAT
T140,140,300,-1.989998,4.8649e-06,-5.312926082403758,Reverse,0.9043220634367375,AS140IV.DAT
T140,140,301,-1.999998,4.9638e-06,-5.304185725288981,Reverse,0.9043220634367375,AS140IV.DAT
T140,140,302,-2.009998,5.0586e-06,-5.295969660314856,Reverse,0.9043220634367375,AS140IV.DAT
T160,160,1,1.0,0.00113845,-2.9436860385674475,Forward,0.9043220634367375,AS160IV.DAT
T160,160,2,0.99,0.0011231,-2.9495815727548647,Forward,0.9043220634367375,AS160IV.DAT
T160,160,3,0.98,0.00110717,-2.955785690418902,Forward,0.9043220634367375,AS160IV.DAT
T160,160,4,0.97,0.00109128,-2.962063804083286,Forward,0.9043220634367375,AS160IV.DAT
T160,160,5,0.96,0.00107534,-2.968454199210826,Forward,0.9043220634367375,AS160IV.DAT
T160,160,6,0.95,0.00105945,-2.9749195346931514,Forward,0.9043220634367375,AS160IV.DAT
T160,160,7,0.9400001,0.00104356,-2.981482575903941,Forward,0.9043220634367375,AS160IV.DAT
T160,160,8,0.9300001,0.00102769,-2.988137869380565,Forward,0.9043220634367375,AS160IV.DAT
T160,160,9,0.9200001,0.00101181,-2.9949010326529333,Forward,0.9043220634367375,AS160IV.DAT
T160,160,10,0.9100001,0.0009959,-3.001784267629042,Forward,0.9043220634367375,AS160IV.DAT
T160,160,11,0.9000001,0.00098006,-3.008747335663359,Forward,0.9043220634367375,AS160IV.DAT
T160,160,12,0.8900001,0.00096419,-3.015837377071369,Forward,0.9043220634367375,AS160IV.DAT
T160,160,13,0.8800001,0.00094833,-3.023040510509645,Forward,0.9043220634367375,AS160IV.DAT
T160,160,14,0.8700001,0.00093254,-3.030332530664903,Forward,0.9043220634367375,AS160IV.DAT
T160,160,15,0.8600001,0.00091676,-3.037744344065879,Forward,0.9043220634367375,AS160IV.DAT
T160,160,16,0.8500001,0.00090086,-3.0453426962037247,Forward,0.9043220634367375,AS160IV.DAT
T160,160,17,0.8400002,0.00088508,-3.053017472818201,Forward,0.9043220634367375,AS160IV.DAT
T160,160,18,0.8300002,0.00086933,-3.0608153329025503,Forward,0.9043220634367375,AS160IV.DAT
T160,160,19,0.8200002,0.00085352,-3.068786297879216,Forward,0.9043220634367375,AS160IV.DAT
T160,160,20,0.8100002,0.00083782,-3.0768492766007665,Forward,0.9043220634367375,AS160IV.DAT
T160,160,21,0.8000002,0.0008221,-3.0850753517948517,Forward,0.9043220634367375,AS160IV.DAT
T160,160,22,0.7900002,0.00080634,-3.093481795678274,Forward,0.9043220634367375,AS160IV.DAT
T160,160,23,0.7800002,0.00079062,-3.1020322036791406,Forward,0.9043220634367375,AS160IV.DAT
T160,160,24,0.7700002,0.00077497,-3.1107151092183796,Forward,0.9043220634367375,AS160IV.DAT
T160,160,25,0.7600002,0.0007593,-3.1195866001220836,Forward,0.9043220634367375,AS160IV.DAT
T160,160,26,0.7500002,0.00074364,-3.1286372578026964,Forward,0.9043220634367375,AS160IV.DAT
T160,160,27,0.7400002,0.00072803,-3.1378507243050766,Forward,0.9043220634367375,AS160IV.DAT
T160,160,28,0.7300003,0.00071239,-3.14728218546834,Forward,0.9043220634367375,AS160IV.DAT
T160,160,29,0.7200003,0.00069675,-3.156923022614658,Forward,0.9043220634367375,AS160IV.DAT
T160,160,30,0.7100003,0.00068123,-3.166706234832204,Forward,0.9043220634367375,AS160IV.DAT
T160,160,31,0.7000003,0.00066569,-3.17672796697418,Forward,0.9043220634367375,AS160IV.DAT
T160,160,32,0.6900003,0.00065018,-3.1869663938420896,Forward,0.9043220634367375,AS160IV.DAT
T160,160,33,0.6800003,0.0006347,-3.1974315016860437,Forward,0.9043220634367375,AS160IV.DAT
T160,160,34,0.6700003,0.00061925,-3.2081339847421253,Forward,0.9043220634367375,AS160IV.DAT
T160,160,35,0.6600003,0.00060379,-3.21911408406016,Forward,0.9043220634367375,AS160IV.DAT
T160,160,36,0.6500003,0.00058838,-3.2303420980744533,Forward,0.9043220634367375,AS160IV.DAT
T160,160,37,0.6400003,0.00057309,-3.241777169596184,Forward,0.9043220634367375,AS160IV.DAT
T160,160,38,0.6300004,0.00055773,-3.2535759944109963,Forward,0.9043220634367375,AS160IV.DAT
T160,160,39,0.6200004,0.00054246,-3.2656322803729663,Forward,0.9043220634367375,AS160IV.DAT
T160,160,40,0.6100004,0.0005272,-3.2780245984140466,Forward,0.9043220634367375,AS160IV.DAT
T160,160,41,0.6000004,0.00052721,-3.2780163607364465,Forward,0.9043220634367375,AS160IV.DAT
T160,160,42,0.5900004,0.00051202,-3.2907130747273015,Forward,0.9043220634367375,AS160IV.DAT
T160,160,43,0.5800004,0.00049676,-3.3038533815888447,Forward,0.9043220634367375,AS160IV.DAT
T160,160,44,0.5700004,0.00048168,-3.317241385800908,Forward,0.9043220634367375,AS160IV.DAT
T160,160,45,0.5600004,0.00046667,-3.330990116949061,Forward,0.9043220634367375,AS160IV.DAT
T160,160,46,0.5500004,0.00045163,-3.3452172173189907,Forward,0.9043220634367375,AS160IV.DAT
T160,160,47,0.5400004,0.00043668,-3.3598366983661396,Forward,0.9043220634367375,AS160IV.DAT
T160,160,48,0.5300004,0.00042181,-3.3748831285004233,Forward,0.9043220634367375,AS160IV.DAT
T160,160,49,0.5200005,0.00040692,-3.3904909641742886,Forward,0.9043220634367375,AS160IV.DAT
T160,160,50,0.5100005,0.0003922,-3.4064924106682346,Forward,0.9043220634367375,AS160IV.DAT
T160,160,51,0.5000005,0.00037753,-3.423048531937356,Forward,0.9043220634367375,AS160IV.DAT
T160,160,52,0.4900005,0.00036291,-3.4402010646322254,Forward,0.9043220634367375,AS160IV.DAT
T160,160,53,0.4800005,0.00034838,-3.457946785176876,Forward,0.9043220634367375,AS160IV.DAT
T160,160,54,0.4700005,0.00033395,-3.476318552199247,Forward,0.9043220634367375,AS160IV.DAT
T160,160,55,0.4600005,0.0003195,-3.495529137505581,Forward,0.9043220634367375,AS160IV.DAT
T160,160,56,0.4500005,0.00030526,-3.515330100114667,Forward,0.9043220634367375,AS160IV.DAT
T160,160,57,0.4400005,0.00029113,-3.5359130396208096,Forward,0.9043220634367375,AS160IV.DAT
T160,160,58,0.4300005,0.00027718,-3.557238109568878,Forward,0.9043220634367375,AS160IV.DAT
T160,160,59,0.4200006,0.00026332,-3.579516153579959,Forward,0.9043220634367375,AS160IV.DAT
T160,160,60,0.4100006,0.00024961,-3.6027380197194883,Forward,0.9043220634367375,AS160IV.DAT
T160,160,61,0.4000006,0.00023603,-3.627032793612845,Forward,0.9043220634367375,AS160IV.DAT
T160,160,62,0.3900006,0.00022256,-3.6525528873520288,Forward,0.9043220634367375,AS160IV.DAT
T160,160,63,0.3800006,0.00020928,-3.679272273355827,Forward,0.9043220634367375,AS160IV.DAT
T160,160,64,0.3700006,0.000196329,-3.707015545485313,Forward,0.9043220634367375,AS160IV.DAT
T160,160,65,0.3600006,0.000183385,-3.736636190387072,Forward,0.9043220634367375,AS160IV.DAT
T160,160,66,0.3500006,0.000170744,-3.767654548628419,Forward,0.9043220634367375,AS160IV.DAT
T160,160,67,0.3400006,0.000158325,-3.8004505033006435,Forward,0.9043220634367375,AS160IV.DAT
T160,160,68,0.3300006,0.000146091,-3.8353765381432647,Forward,0.9043220634367375,AS160IV.DAT
T160,160,69,0.3200006,0.000134242,-3.8721115861451914,Forward,0.9043220634367375,AS160IV.DAT
T160,160,70,0.3100007,0.000122704,-3.9111412795744434,Forward,0.9043220634367375,AS160IV.DAT
T160,160,71,0.3000007,0.000111465,-3.9528614796388193,Forward,0.9043220634367375,AS160IV.DAT
T160,160,72,0.2900007,0.000100587,-3.9974581444598756,Forward,0.9043220634367375,AS160IV.DAT
T160,160,73,0.2800007,9.0132e-05,-4.045120991972167,Forward,0.9043220634367375,AS160IV.DAT
T160,160,74,0.2700007,8.0076e-05,-4.096497629101604,Forward,0.9043220634367375,AS160IV.DAT
T160,160,75,0.2600007,7.0535e-05,-4.151595329320813,Forward,0.9043220634367375,AS160IV.DAT
T160,160,76,0.2500007,6.151e-05,-4.211054272976252,Forward,0.9043220634367375,AS160IV.DAT
T160,160,77,0.2400007,5.3044e-05,-4.275363733614851,Forward,0.9043220634367375,AS160IV.DAT
T160,160,78,0.2300007,4.5171e-05,-4.345140294878618,Forward,0.9043220634367375,AS160IV.DAT
T160,160,79,0.2200007,3.797e-05,-4.420559402860203,Forward,0.9043220634367375,AS160IV.DAT
T160,160,80,0.2100007,3.1416e-05,-4.502849111737638,Forward,0.9043220634367375,AS160IV.DAT
T160,160,81,0.2000007,2.5561e-05,-4.592422159669094,Forward,0.9043220634367375,AS160IV.DAT
T160,160,82,0.1900007,2.047e-05,-4.688882157337495,Forward,0.9043220634367375,AS160IV.DAT
T160,160,83,0.1800007,1.6207e-05,-4.790297367879648,Forward,0.9043220634367375,AS160IV.DAT
T160,160,84,0.1700007,1.24125e-05,-4.906140738496562,Forward,0.9043220634367375,AS160IV.DAT
T160,160,85,0.1600007,9.386e-06,-5.027519450123524,Forward,0.9043220634367375,AS160IV.DAT
T160,160,86,0.1500007,6.9752e-06,-5.156443335344528,Forward,0.9043220634367375,AS160IV.DAT
T160,160,87,0.1400007,5.0782e-06,-5.294290198856953,Forward,0.9043220634367375,AS160IV.DAT
T160,160,88,0.1300007,3.631e-06,-5.439973751087107,Forward,0.9043220634367375,AS160IV.DAT
T160,160,89,0.1200007,2.5883e-06,-5.586985387665754,Forward,0.9043220634367375,AS160IV.DAT
T160,160,90,0.1100007,1.79216e-06,-5.746623220111848,Forward,0.9043220634367375,AS160IV.DAT
T160,160,91,0.1000007,1.20274e-06,-5.9198282452862365,Forward,0.9043220634367375,AS160IV.DAT
T160,160,92,0.09000066,8.0573e-07,-6.093810465831066,Forward,0.9043220634367375,AS160IV.DAT
T160,160,93,0.08000066,5.3421e-07,-6.272287986580145,Forward,0.9043220634367375,AS160IV.DAT
T160,160,94,0.07000066,3.4783e-07,-6.45863296324021,Forward,0.9043220634367375,AS160IV.DAT
T160,160,95,0.06000067,2.215e-07,-6.654626269440912,Forward,0.9043220634367375,AS160IV.DAT
T160,160,96,0.05000067,1.42261e-07,-6.846914142826728,Forward,0.9043220634367375,AS160IV.DAT
T160,160,97,0.04000067,8.7387e-08,-7.058553169747641,Forward,0.9043220634367375,AS160IV.DAT
T160,160,98,0.03000067,5.1892e-08,-7.284899590584217,Forward,0.9043220634367375,AS160IV.DAT
T160,160,99,0.02000067,2.9491e-08,-7.530310500858896,Forward,0.9043220634367375,AS160IV.DAT
T160,160,100,0.01000067,1.58462e-08,-7.800074867004142,Forward,0.9043220634367375,AS160IV.DAT
T160,160,101,6.705523e-07,7.7973e-09,-8.108055756039922,Forward,0.9043220634367375,AS160IV.DAT
T160,160,102,-0.009999329,8.9507e-09,-8.048142998846162,Reverse,0.9043220634367375,AS160IV.DAT
T160,160,103,-0.01999933,3.2724e-09,-8.485133616010746,Reverse,0.9043220634367375,AS160IV.DAT
T160,160,104,-0.02999933,6.1721e-09,-8.209567046138318,Reverse,0.9043220634367375,AS160IV.DAT
T160,160,105,-0.03999933,8.3607e-09,-8.077757359712836,Reverse,0.9043220634367375,AS160IV.DAT
T160,160,106,-0.04999933,1.01654e-08,-7.992875527564566,Reverse,0.9043220634367375,AS160IV.DAT
T160,160,107,-0.05999932,1.17488e-08,-7.930006489136261,Reverse,0.9043220634367375,AS160IV.DAT
T160,160,108,-0.06999932,1.26341e-08,-7.898455689949462,Reverse,0.9043220634367375,AS160IV.DAT
T160,160,109,-0.07999932,1.36178e-08,-7.86589304844628,Reverse,0.9043220634367375,AS160IV.DAT
T160,160,110,-0.08999932,1.46508e-08,-7.834138660217751,Reverse,0.9043220634367375,AS160IV.DAT
T160,160,111,-0.09999932,1.58793e-08,-7.799168646294182,Reverse,0.9043220634367375,AS160IV.DAT
T160,160,112,-0.1099993,1.71945e-08,-7.7646104485362475,Reverse,0.9043220634367375,AS160IV.DAT
T160,160,113,-0.1199993,1.80879e-08,-7.742611851678189,Reverse,0.9043220634367375,AS160IV.DAT
T160,160,114,-0.1299993,1.939e-08,-7.712422190921295,Reverse,0.9043220634367375,AS160IV.DAT
T160,160,115,-0.1399993,1.98986e-08,-7.7011774780457225,Reverse,0.9043220634367375,AS160IV.DAT
T160,160,116,-0.1499993,2.0426e-08,-7.68981667242831,Reverse,0.9043220634367375,AS160IV.DAT
T160,160,117,-0.1599993,2.1886e-08,-7.659833605113923,Reverse,0.9043220634367375,AS160IV.DAT
T160,160,118,-0.1699993,2.3063e-08,-7.637084201000405,Reverse,0.9043220634367375,AS160IV.DAT
T160,160,119,-0.1799993,2.4545e-08,-7.610036963564112,Reverse,0.9043220634367375,AS160IV.DAT
T160,160,120,-0.1899993,2.5631e-08,-7.591234449375267,Reverse,0.9043220634367375,AS160IV.DAT
T160,160,121,-0.1999993,2.6674e-08,-7.5739118531639456,Reverse,0.9043220634367375,AS160IV.DAT
T160,160,122,-0.2099994,2.7647e-08,-7.558351987474352,Reverse,0.9043220634367375,AS160IV.DAT
T160,160,123,-0.2199994,2.8867e-08,-7.539598347783442,Reverse,0.9043220634367375,AS160IV.DAT
T160,160,124,-0.2299994,2.9573e-08,-7.529104616719784,Reverse,0.9043220634367375,AS160IV.DAT
T160,160,125,-0.2399994,3.1307e-08,-7.504358546751282,Reverse,0.9043220634367375,AS160IV.DAT
T160,160,126,-0.2499994,3.2293e-08,-7.490891607416245,Reverse,0.9043220634367375,AS160IV.DAT
T160,160,127,-0.2599994,3.3771e-08,-7.471456079191303,Reverse,0.9043220634367375,AS160IV.DAT
T160,160,128,-0.2699994,3.5343e-08,-7.451696589290257,Reverse,0.9043220634367375,AS160IV.DAT
T160,160,129,-0.2799993,3.7895e-08,-7.421418088598131,Reverse,0.9043220634367375,AS160IV.DAT
T160,160,130,-0.2899993,3.8457e-08,-7.4150245977434786,Reverse,0.9043220634367375,AS160IV.DAT
T160,160,131,-0.2999993,4.0331e-08,-7.394361009604141,Reverse,0.9043220634367375,AS160IV.DAT
T160,160,132,-0.3099993,4.1745e-08,-7.379395534610276,Reverse,0.9043220634367375,AS160IV.DAT
T160,160,133,-0.3199993,4.4093e-08,-7.35563035163587,Reverse,0.9043220634367375,AS160IV.DAT
T160,160,134,-0.3299993,4.6757e-08,-7.330153361608621,Reverse,0.9043220634367375,AS160IV.DAT
T160,160,135,-0.3399993,4.7626e-08,-7.322155892367822,Reverse,0.9043220634367375,AS160IV.DAT
T160,160,136,-0.3499993,5.0006e-08,-7.300977883452823,Reverse,0.9043220634367375,AS160IV.DAT
T160,160,137,-0.3599993,5.1916e-08,-7.284698776239439,Reverse,0.9043220634367375,AS160IV.DAT
T160,160,138,-0.3699993,5.6802e-08,-7.245636372498979,Reverse,0.9043220634367375,AS160IV.DAT
T160,160,139,-0.3799993,5.8099e-08,-7.235831342622052,Reverse,0.9043220634367375,AS160IV.DAT
T160,160,140,-0.3899992,5.6796e-08,-7.245682249484381,Reverse,0.9043220634367375,AS160IV.DAT
T160,160,141,-0.3999992,5.9101e-08,-7.228405170712523,Reverse,0.9043220634367375,AS160IV.DAT
T160,160,142,-0.4099992,6.1189e-08,-7.213326644336129,Reverse,0.9043220634367375,AS160IV.DAT
T160,160,143,-0.4199992,6.305e-08,-7.2003149090909,Reverse,0.9043220634367375,AS160IV.DAT
T160,160,144,-0.4299992,6.5152e-08,-7.186072248015373,Reverse,0.9043220634367375,AS160IV.DAT
T160,160,145,-0.4399992,6.8251e-08,-7.165890981044711,Reverse,0.9043220634367375,AS160IV.DAT
T160,160,146,-0.4499992,7.0647e-08,-7.1509062755862445,Reverse,0.9043220634367375,AS160IV.DAT
T160,160,147,-0.4599992,7.3972e-08,-7.130932639007683,Reverse,0.9043220634367375,AS160IV.DAT
T160,160,148,-0.4699992,7.5852e-08,-7.120032963624612,Reverse,0.9043220634367375,AS160IV.DAT
T160,160,149,-0.4799992,8.2291e-08,-7.084647660098422,Reverse,0.9043220634367375,AS160IV.DAT
T160,160,150,-0.4899991,8.4035e-08,-7.075539795592697,Reverse,0.9043220634367375,AS160IV.DAT
T160,160,151,-0.4999991,8.9316e-08,-7.0490707349605035,Reverse,0.9043220634367375,AS160IV.DAT
T160,160,152,-0.5099992,9.0981e-08,-7.0410492940163385,Reverse,0.9043220634367375,AS160IV.DAT
T160,160,153,-0.5199991,9.502e-08,-7.022184973916813,Reverse,0.9043220634367375,AS160IV.DAT
T160,160,154,-0.5299991,9.714e-08,-7.0126019008629825,Reverse,0.9043220634367375,AS160IV.DAT
T160,160,155,-0.5399991,1.01254e-07,-6.994587811139329,Reverse,0.9043220634367375,AS160IV.DAT
T160,160,156,-0.5499991,1.04215e-07,-6.982069767136441,Reverse,0.9043220634367375,AS160IV.DAT
T160,160,157,-0.5599991,1.08387e-07,-6.965022804207532,Reverse,0.9043220634367375,AS160IV.DAT
T160,160,158,-0.5699991,1.10479e-07,-6.95672026542551,Reverse,0.9043220634367375,AS160IV.DAT
T160,160,159,-0.5799991,1.16078e-07,-6.935250083310212,Reverse,0.9043220634367375,AS160IV.DAT
T160,160,160,-0.5899991,1.21541e-07,-6.9152771947396054,Reverse,0.9043220634367375,AS160IV.DAT
T160,160,161,-0.5999991,1.2445e-07,-6.905005099055388,Reverse,0.9043220634367375,AS160IV.DAT
T160,160,162,-0.6099991,1.27685e-07,-6.893860119180276,Reverse,0.9043220634367375,AS160IV.DAT
T160,160,163,-0.6199991,1.34949e-07,-6.869830329307472,Reverse,0.9043220634367375,AS160IV.DAT
T160,160,164,-0.629999,1.34546e-07,-6.871129209113532,Reverse,0.9043220634367375,AS160IV.DAT
T160,160,165,-0.639999,1.42632e-07,-6.845783028030184,Reverse,0.9043220634367375,AS160IV.DAT
T160,160,166,-0.649999,1.49761e-07,-6.824601268679207,Reverse,0.9043220634367375,AS160IV.DAT
T160,160,167,-0.659999,1.55023e-07,-6.809603862913227,Reverse,0.9043220634367375,AS160IV.DAT
T160,160,168,-0.669999,1.56585e-07,-6.805249843358801,Reverse,0.9043220634367375,AS160IV.DAT
T160,160,169,-0.679999,1.62119e-07,-6.7901660837844116,Reverse,0.9043220634367375,AS160IV.DAT
T160,160,170,-0.689999,1.69313e-07,-6.771309695101263,Reverse,0.9043220634367375,AS160IV.DAT
T160,160,171,-0.699999,1.74915e-07,-6.75717294559339,Reverse,0.9043220634367375,AS160IV.DAT
T160,160,172,-0.709999,1.81744e-07,-6.740539917799894,Reverse,0.9043220634367375,AS160IV.DAT
T160,160,173,-0.719999,1.87527e-07,-6.726936194033201,Reverse,0.9043220634367375,AS160IV.DAT
T160,160,174,-0.7299989,1.95881e-07,-6.70800768751387,Reverse,0.9043220634367375,AS160IV.DAT
T160,160,175,-0.7399989,2.02108e-07,-6.694416495554009,Reverse,0.9043220634367375,AS160IV.DAT
T160,160,176,-0.7499989,2.136e-07,-6.670398751643481,Reverse,0.9043220634367375,AS160IV.DAT
T160,160,177,-0.7599989,2.1848e-07,-6.660588312868323,Reverse,0.9043220634367375,AS160IV.DAT
T160,160,178,-0.7699989,2.3264e-07,-6.6333156108210565,Reverse,0.9043220634367375,AS160IV.DAT
T160,160,179,-0.7799989,2.3579e-07,-6.627474617548441,Reverse,0.9043220634367375,AS160IV.DAT
T160,160,180,-0.7899989,2.4162e-07,-6.616867120008925,Reverse,0.9043220634367375,AS160IV.DAT
T160,160,181,-0.7999989,2.5636e-07,-6.591149737087971,Reverse,0.9043220634367375,AS160IV.DAT
T160,160,182,-0.8099989,2.6115e-07,-6.583109969826988,Reverse,0.9043220634367375,AS160IV.DAT
T160,160,183,-0.8199989,2.7131e-07,-6.566534198627709,Reverse,0.9043220634367375,AS160IV.DAT
T160,160,184,-0.8299989,2.8208e-07,-6.549627705044753,Reverse,0.9043220634367375,AS160IV.DAT
T160,160,185,-0.8399988,2.8759e-07,-6.541226219194315,Reverse,0.9043220634367375,AS160IV.DAT
T160,160,186,-0.8499988,3.0337e-07,-6.518027368436042,Reverse,0.9043220634367375,AS160IV.DAT
T160,160,187,-0.8599988,3.0994e-07,-6.508722371297822,Reverse,0.9043220634367375,AS160IV.DATT160,160,188,-0.8699988,3.2287e-07,-6.490972306298218,Reverse,0.9043220634367375,AS160IV.DAT
T160,160,189,-0.8799988,3.3616e-07,-6.473453964938122,Reverse,0.9043220634367375,AS160IV.DAT
T160,160,190,-0.8899988,3.5053e-07,-6.4552748071498,Reverse,0.9043220634367375,AS160IV.DAT
T160,160,191,-0.8999988,3.5679e-07,-6.447587326397035,Reverse,0.9043220634367375,AS160IV.DAT
T160,160,192,-0.9099988,3.702e-07,-6.431563585583115,Reverse,0.9043220634367375,AS160IV.DAT
T160,160,193,-0.9199988,3.8736e-07,-6.411885227902342,Reverse,0.9043220634367375,AS160IV.DAT
T160,160,194,-0.9299988,3.9265e-07,-6.405994398211659,Reverse,0.9043220634367375,AS160IV.DAT
T160,160,195,-0.9399987,4.0951e-07,-6.3877354885512005,Reverse,0.9043220634367375,AS160IV.DAT
T160,160,196,-0.9499987,4.2473e-07,-6.37188706235683,Reverse,0.9043220634367375,AS160IV.DAT
T160,160,197,-0.9599987,4.4011e-07,-6.356438763462778,Reverse,0.9043220634367375,AS160IV.DAT
T160,160,198,-0.9699987,4.5464e-07,-6.342332356963326,Reverse,0.9043220634367375,AS160IV.DAT
T160,160,199,-0.9799987,4.6998e-07,-6.32792062307375,Reverse,0.9043220634367375,AS160IV.DAT
T160,160,200,-0.9899987,4.9872e-07,-6.302143215067235,Reverse,0.9043220634367375,AS160IV.DAT
T160,160,201,-0.9999987,4.9001e-07,-6.309795056909233,Reverse,0.9043220634367375,AS160IV.DAT
T160,160,202,-1.009999,5.0125e-07,-6.299945614371762,Reverse,0.9043220634367375,AS160IV.DAT
T160,160,203,-1.019999,5.1777e-07,-6.285863116535176,Reverse,0.9043220634367375,AS160IV.DAT
T160,160,204,-1.029999,5.2797e-07,-6.277390753990067,Reverse,0.9043220634367375,AS160IV.DAT
T160,160,205,-1.039999,5.5436e-07,-6.256208113904896,Reverse,0.9043220634367375,AS160IV.DAT
T160,160,206,-1.049999,5.6321e-07,-6.249329642739766,Reverse,0.9043220634367375,AS160IV.DAT
T160,160,207,-1.059999,5.8333e-07,-6.234085687723212,Reverse,0.9043220634367375,AS160IV.DAT
T160,160,208,-1.069999,6.0294e-07,-6.219725903391194,Reverse,0.9043220634367375,AS160IV.DAT
T160,160,209,-1.079999,6.2155e-07,-6.206523929209526,Reverse,0.9043220634367375,AS160IV.DAT
T160,160,210,-1.089999,6.3913e-07,-6.19441079670794,Reverse,0.9043220634367375,AS160IV.DAT
T160,160,211,-1.099999,6.6401e-07,-6.1778253801016865,Reverse,0.9043220634367375,AS160IV.DAT
T160,160,212,-1.109999,6.9367e-07,-6.158847087562152,Reverse,0.9043220634367375,AS160IV.DAT
T160,160,213,-1.119999,7.1472e-07,-6.145864064872237,Reverse,0.9043220634367375,AS160IV.DAT
T160,160,214,-1.129999,7.3126e-07,-6.135928181880534,Reverse,0.9043220634367375,AS160IV.DAT
T160,160,215,-1.139999,7.3618e-07,-6.133015985324048,Reverse,0.9043220634367375,AS160IV.DAT
T160,160,216,-1.149999,7.5975e-07,-6.11932929124802,Reverse,0.9043220634367375,AS160IV.DAT
T160,160,217,-1.159999,7.8437e-07,-6.105479025258732,Reverse,0.9043220634367375,AS160IV.DAT
T160,160,218,-1.169999,8.0434e-07,-6.094560333203068,Reverse,0.9043220634367375,AS160IV.DAT
T160,160,219,-1.179999,8.2922e-07,-6.081330231680819,Reverse,0.9043220634367375,AS160IV.DAT
T160,160,220,-1.189999,8.545e-07,-6.068287932943244,Reverse,0.9043220634367375,AS160IV.DAT
T160,160,221,-1.199998,8.8293e-07,-6.054073726568302,Reverse,0.9043220634367375,AS160IV.DAT
T160,160,222,-1.209998,9.083e-07,-6.041770685811618,Reverse,0.9043220634367375,AS160IV.DAT
T160,160,223,-1.219998,9.3061e-07,-6.03123228500554,Reverse,0.9043220634367375,AS160IV.DAT
T160,160,224,-1.229998,9.586799e-07,-6.018326378095072,Reverse,0.9043220634367375,AS160IV.DAT
T160,160,225,-1.239998,9.9248e-07,-6.003278236179109,Reverse,0.9043220634367375,AS160IV.DAT
T160,160,226,-1.249998,1.00405e-06,-5.998244659518282,Reverse,0.9043220634367375,AS160IV.DAT
T160,160,227,-1.259998,1.03882e-06,-5.983459697658422,Reverse,0.9043220634367375,AS160IV.DAT
T160,160,228,-1.269998,1.07095e-06,-5.970230804827333,Reverse,0.9043220634367375,AS160IV.DAT
T160,160,229,-1.279998,1.09355e-06,-5.96116135507933,Reverse,0.9043220634367375,AS160IV.DAT
T160,160,230,-1.289998,1.16689e-06,-5.93297008195346,Reverse,0.9043220634367375,AS160IV.DAT
T160,160,231,-1.299998,1.1805e-06,-5.927934008585254,Reverse,0.9043220634367375,AS160IV.DAT
T160,160,232,-1.309998,1.19725e-06,-5.921815154285355,Reverse,0.9043220634367375,AS160IV.DAT
T160,160,233,-1.319998,1.21535e-06,-5.915298634675197,Reverse,0.9043220634367375,AS160IV.DAT
T160,160,234,-1.329998,1.25624e-06,-5.900927382319698,Reverse,0.9043220634367375,AS160IV.DAT
T160,160,235,-1.339998,1.27697e-06,-5.893819305545903,Reverse,0.9043220634367375,AS160IV.DAT
T160,160,236,-1.349998,1.30947e-06,-5.882904446825386,Reverse,0.9043220634367375,AS160IV.DAT
T160,160,237,-1.359998,1.34158e-06,-5.872383424726942,Reverse,0.9043220634367375,AS160IV.DAT
T160,160,238,-1.369998,1.36784e-06,-5.863964700262829,Reverse,0.9043220634367375,AS160IV.DAT
T160,160,239,-1.379998,1.39738e-06,-5.854685476876578,Reverse,0.9043220634367375,AS160IV.DAT
T160,160,240,-1.389998,1.44841e-06,-5.8391084854223925,Reverse,0.9043220634367375,AS160IV.DAT
T160,160,241,-1.399998,1.48831e-06,-5.827306600196562,Reverse,0.9043220634367375,AS160IV.DAT
T160,160,242,-1.409998,1.50661e-06,-5.821999154299952,Reverse,0.9043220634367375,AS160IV.DAT
T160,160,243,-1.419998,1.56125e-06,-5.806527548617808,Reverse,0.9043220634367375,AS160IV.DAT
T160,160,244,-1.429998,1.61509e-06,-5.791803271837947,Reverse,0.9043220634367375,AS160IV.DAT
T160,160,245,-1.439998,1.64423e-06,-5.784037432085379,Reverse,0.9043220634367375,AS160IV.DAT
T160,160,246,-1.449998,1.68242e-06,-5.774065577555443,Reverse,0.9043220634367375,AS160IV.DAT
T160,160,247,-1.459998,1.72873e-06,-5.762272831287482,Reverse,0.9043220634367375,AS160IV.DAT
T160,160,248,-1.469998,1.77253e-06,-5.751406405665798,Reverse,0.9043220634367375,AS160IV.DAT
T160,160,249,-1.479998,1.80599e-06,-5.743284658760521,Reverse,0.9043220634367375,AS160IV.DAT
T160,160,250,-1.489998,1.83099e-06,-5.737314027602552,Reverse,0.9043220634367375,AS160IV.DAT
T160,160,251,-1.499998,1.89524e-06,-5.722335786183584,Reverse,0.9043220634367375,AS160IV.DAT
T160,160,252,-1.509998,1.92867e-06,-5.714742074812976,Reverse,0.9043220634367375,AS160IV.DAT
T160,160,253,-1.519998,1.98933e-06,-5.701293167960891,Reverse,0.9043220634367375,AS160IV.DAT
T160,160,254,-1.529998,2.00668e-06,-5.697521877793804,Reverse,0.9043220634367375,AS160IV.DAT
T160,160,255,-1.539998,2.05083e-06,-5.688070338228341,Reverse,0.9043220634367375,AS160IV.DAT
T160,160,256,-1.549998,2.1052e-06,-5.67670663865476,Reverse,0.9043220634367375,AS160IV.DAT
T160,160,257,-1.559998,2.1724e-06,-5.66306020587941,Reverse,0.9043220634367375,AS160IV.DAT
T160,160,258,-1.569998,2.2244e-06,-5.652787113595137,Reverse,0.9043220634367375,AS160IV.DAT
T160,160,259,-1.579998,2.2966e-06,-5.638914639511174,Reverse,0.9043220634367375,AS160IV.DAT
T160,160,260,-1.589998,2.3192e-06,-5.634661797653059,Reverse,0.9043220634367375,AS160IV.DAT
T160,160,261,-1.599998,2.3583e-06,-5.627400949004623,Reverse,0.9043220634367375,AS160IV.DAT
T160,160,262,-1.609998,2.4128e-06,-5.61747867581032,Reverse,0.9043220634367375,AS160IV.DAT
T160,160,263,-1.619998,2.4822e-06,-5.605163228720844,Reverse,0.9043220634367375,AS160IV.DAT
T160,160,264,-1.629998,2.5367e-06,-5.5957308910945756,Reverse,0.9043220634367375,AS160IV.DAT
T160,160,265,-1.639998,2.5697e-06,-5.590117575481757,Reverse,0.9043220634367375,AS160IV.DAT
T160,160,266,-1.649998,2.6274e-06,-5.580473804424231,Reverse,0.9043220634367375,AS160IV.DAT
T160,160,267,-1.659998,2.6838e-06,-5.571249851443699,Reverse,0.9043220634367375,AS160IV.DAT
T160,160,268,-1.669998,2.7357e-06,-5.562931529571839,Reverse,0.9043220634367375,AS160IV.DAT
T160,160,269,-1.679998,2.7879e-06,-5.554722808130367,Reverse,0.9043220634367375,AS160IV.DAT
T160,160,270,-1.689998,2.8534e-06,-5.544637343093713,Reverse,0.9043220634367375,AS160IV.DAT
T160,160,271,-1.699998,2.9199e-06,-5.534632021904959,Reverse,0.9043220634367375,AS160IV.DAT
T160,160,272,-1.709998,2.9745e-06,-5.526586026739016,Reverse,0.9043220634367375,AS160IV.DAT
T160,160,273,-1.719998,3.0274e-06,-5.518930193408843,Reverse,0.9043220634367375,AS160IV.DAT
T160,160,274,-1.729998,3.0807e-06,-5.511350591422798,Reverse,0.9043220634367375,AS160IV.DAT
T160,160,275,-1.739998,3.1767e-06,-5.498023796975319,Reverse,0.9043220634367375,AS160IV.DAT
T160,160,276,-1.749998,3.2094e-06,-5.4935761517213395,Reverse,0.9043220634367375,AS160IV.DAT
T160,160,277,-1.759998,3.2916e-06,-5.482592946347846,Reverse,0.9043220634367375,AS160IV.DAT
T160,160,278,-1.769998,3.3796e-06,-5.471134698560432,Reverse,0.9043220634367375,AS160IV.DAT
T160,160,279,-1.779998,3.4042e-06,-5.467984932622465,Reverse,0.9043220634367375,AS160IV.DAT
T160,160,280,-1.789998,3.4787e-06,-5.458583022808141,Reverse,0.9043220634367375,AS160IV.DAT
T160,160,281,-1.799998,3.5657e-06,-5.447855198969223,Reverse,0.9043220634367375,AS160IV.DAT
T160,160,282,-1.809998,3.622e-06,-5.441051554021961,Reverse,0.9043220634367375,AS160IV.DAT
T160,160,283,-1.819998,3.706e-06,-5.431094585017121,Reverse,0.9043220634367375,AS160IV.DAT
T160,160,284,-1.829998,3.7652e-06,-5.42421194998401,Reverse,0.9043220634367375,AS160IV.DAT
T160,160,285,-1.839998,3.8513e-06,-5.414392650354162,Reverse,0.9043220634367375,AS160IV.DAT
T160,160,286,-1.849998,3.9501e-06,-5.403391909715702,Reverse,0.9043220634367375,AS160IV.DAT
T160,160,287,-1.859998,4.013e-06,-5.396530840266161,Reverse,0.9043220634367375,AS160IV.DAT
T160,160,288,-1.869998,4.0868e-06,-5.388616615291024,Reverse,0.9043220634367375,AS160IV.DAT
T160,160,289,-1.879998,4.2079e-06,-5.375934589663308,Reverse,0.9043220634367375,AS160IV.DAT
T160,160,290,-1.889998,4.2766e-06,-5.368901368381631,Reverse,0.9043220634367375,AS160IV.DAT
T160,160,291,-1.899998,4.3679e-06,-5.3597273130563705,Reverse,0.9043220634367375,AS160IV.DAT
T160,160,292,-1.909998,4.4464e-06,-5.351991470566703,Reverse,0.9043220634367375,AS160IV.DAT
T160,160,293,-1.919998,4.5522e-06,-5.341778665552289,Reverse,0.9043220634367375,AS160IV.DAT
T160,160,294,-1.929998,4.6171e-06,-5.335630719129197,Reverse,0.9043220634367375,AS160IV.DAT
T160,160,295,-1.939998,4.7399e-06,-5.3242308207534075,Reverse,0.9043220634367375,AS160IV.DAT
T160,160,296,-1.949998,4.823e-06,-5.316682738078117,Reverse,0.9043220634367375,AS160IV.DAT
T160,160,297,-1.959998,4.9436e-06,-5.305956676434726,Reverse,0.9043220634367375,AS160IV.DAT
T160,160,298,-1.969998,5.0879e-06,-5.293461433105511,Reverse,0.9043220634367375,AS160IV.DAT
T160,160,299,-1.979998,5.1638e-06,-5.287030586811976,Reverse,0.9043220634367375,AS160IV.DAT
T160,160,300,-1.989998,5.2757e-06,-5.277719908358593,Reverse,0.9043220634367375,AS160IV.DAT
T160,160,301,-1.999998,5.3455e-06,-5.2720116661175,Reverse,0.9043220634367375,AS160IV.DAT
T160,160,302,-2.009998,5.4519e-06,-5.263452118693285,Reverse,0.9043220634367375,AS160IV.DAT
T180,180,1,1.0,0.0014738,-2.8315614478132276,Forward,1.7967451523545706,AS180IV.DAT
T180,180,2,0.98,0.00143382,-2.843505366041586,Forward,1.7967451523545706,AS180IV.DAT
T180,180,3,0.96,0.00139403,-2.855727879972397,Forward,1.7967451523545706,AS180IV.DAT
T180,180,4,0.9400001,0.00135423,-2.8683075695888505,Forward,1.7967451523545706,AS180IV.DAT
T180,180,5,0.9200001,0.00131451,-2.8812361056943248,Forward,1.7967451523545706,AS180IV.DAT
T180,180,6,0.9000001,0.00127479,-2.894561351977292,Forward,1.7967451523545706,AS180IV.DAT
T180,180,7,0.8800001,0.00123512,-2.9082908458002077,Forward,1.7967451523545706,AS180IV.DAT
T180,180,8,0.8600001,0.00119555,-2.922432256210678,Forward,1.7967451523545706,AS180IV.DAT
T180,180,9,0.8400002,0.00115583,-2.9371060374476152,Forward,1.7967451523545706,AS180IV.DAT
T180,180,10,0.8200002,0.00111638,-2.9521879525197035,Forward,1.7967451523545706,AS180IV.DAT
T180,180,11,0.8000002,0.001077,-2.9677842967020185,Forward,1.7967451523545706,AS180IV.DAT
T180,180,12,0.7800002,0.00103755,-2.9839909652656376,Forward,1.7967451523545706,AS180IV.DAT
T180,180,13,0.7600002,0.00099831,-3.0007345785682906,Forward,1.7967451523545706,AS180IV.DAT
T180,180,14,0.7400002,0.00095908,-3.018145165395056,Forward,1.7967451523545706,AS180IV.DAT
T180,180,15,0.7200003,0.00091989,-3.0362641022731354,Forward,1.7967451523545706,AS180IV.DAT
T180,180,16,0.7000003,0.00088097,-3.0550388805281252,Forward,1.7967451523545706,AS180IV.DAT
T180,180,17,0.6800003,0.00084208,-3.0746466473267975,Forward,1.7967451523545706,AS180IV.DAT
T180,180,18,0.6600003,0.00080338,-3.0950789841524604,Forward,1.7967451523545706,AS180IV.DAT
T180,180,19,0.6400003,0.00076487,-3.116412372794487,Forward,1.7967451523545706,AS180IV.DAT
T180,180,20,0.6200004,0.00072647,-3.1387823154381826,Forward,1.7967451523545706,AS180IV.DAT
T180,180,21,0.6000004,0.0006883,-3.162222230446267,Forward,1.7967451523545706,AS180IV.DAT
T180,180,22,0.5800004,0.00065026,-3.1869129602986797,Forward,1.7967451523545706,AS180IV.DAT
T180,180,23,0.5600004,0.00061253,-3.2128726359178885,Forward,1.7967451523545706,AS180IV.DAT
T180,180,24,0.5400004,0.00057511,-3.2402490808337454,Forward,1.7967451523545706,AS180IV.DAT
T180,180,25,0.5200005,0.00053794,-3.2692661613634475,Forward,1.7967451523545706,AS180IV.DAT
T180,180,26,0.5000005,0.00050113,-3.300049597567909,Forward,1.7967451523545706,AS180IV.DAT
T180,180,27,0.4800005,0.00046468,-3.332846019314885,Forward,1.7967451523545706,AS180IV.DAT
T180,180,28,0.4600005,0.00042853,-3.3680187691237626,Forward,1.7967451523545706,AS180IV.DAT
T180,180,29,0.4400004,0.000393,-3.4056074496245734,Forward,1.7967451523545706,AS180IV.DAT
T180,180,30,0.4200004,0.00035806,-3.446044192670219,Forward,1.7967451523545706,AS180IV.DAT
T180,180,31,0.4000004,0.0003236,-3.4899914870597653,Forward,1.7967451523545706,AS180IV.DAT
T180,180,32,0.3800004,0.00028999,-3.537616978031041,Forward,1.7967451523545706,AS180IV.DAT
T180,180,33,0.3600004,0.00025713,-3.589847250177932,Forward,1.7967451523545706,AS180IV.DAT
T180,180,34,0.3400004,0.00022514,-3.6475473382469845,Forward,1.7967451523545706,AS180IV.DAT
T180,180,35,0.3200004,0.000194419,-3.711261295006756,Forward,1.7967451523545706,AS180IV.DAT
T180,180,36,0.3000004,0.000164834,-3.782953202290595,Forward,1.7967451523545706,AS180IV.DAT
T180,180,37,0.2800004,0.000136786,-3.863958350232023,Forward,1.7967451523545706,AS180IV.DAT
T180,180,38,0.2600003,0.000110532,-3.9565119716484385,Forward,1.7967451523545706,AS180IV.DAT
T180,180,39,0.2400004,8.6429e-05,-4.063340511840771,Forward,1.7967451523545706,AS180IV.DAT
T180,180,40,0.2200004,6.4842e-05,-4.188143598148504,Forward,1.7967451523545706,AS180IV.DAT
T180,180,41,0.2000004,4.62e-05,-4.335358024443875,Forward,1.7967451523545706,AS180IV.DAT
T180,180,42,0.1800004,3.0934e-05,-4.509563918806791,Forward,1.7967451523545706,AS180IV.DAT
T180,180,43,0.1600004,1.93338e-05,-4.713682778312989,Forward,1.7967451523545706,AS180IV.DAT
T180,180,44,0.1400004,1.10507e-05,-4.9566102109826184,Forward,1.7967451523545706,AS180IV.DAT
T180,180,45,0.1200004,5.8444e-06,-5.233260067917778,Forward,1.7967451523545706,AS180IV.DAT
T180,180,46,0.1000004,2.8589e-06,-5.5438010353407625,Forward,1.7967451523545706,AS180IV.DAT
T180,180,47,0.08000039,1.31467e-06,-5.881183247299547,Forward,1.7967451523545706,AS180IV.DAT
T180,180,48,0.06000039,5.5235e-07,-6.257785641655497,Forward,1.7967451523545706,AS180IV.DAT
T180,180,49,0.04000039,2.1147e-07,-6.6747512347124625,Forward,1.7967451523545706,AS180IV.DAT
T180,180,50,0.02000039,6.5619e-08,-7.1829703923253305,Forward,1.7967451523545706,AS180IV.DAT
T180,180,51,3.874302e-07,4.602e-11,-10.337053385667375,Forward,1.7967451523545706,AS180IV.DAT
T180,180,52,-0.01999961,2.6474e-08,-7.5771804354767225,Reverse,1.7967451523545706,AS180IV.DAT
T180,180,53,-0.03999961,4.0581e-08,-7.391677255254105,Reverse,1.7967451523545706,AS180IV.DAT
T180,180,54,-0.05999961,4.9446e-08,-7.305868835476132,Reverse,1.7967451523545706,AS180IV.DAT
T180,180,55,-0.07999961,5.6094e-08,-7.251083589835589,Reverse,1.7967451523545706,AS180IV.DAT
T180,180,56,-0.09999961,6.1669e-08,-7.209933093863351,Reverse,1.7967451523545706,AS180IV.DAT
T180,180,57,-0.1199996,6.7475e-08,-7.170857106771446,Reverse,1.7967451523545706,AS180IV.DAT
T180,180,58,-0.1399996,7.2599e-08,-7.139069361358763,Reverse,1.7967451523545706,AS180IV.DAT
T180,180,59,-0.1599996,7.7876e-08,-7.108596363553403,Reverse,1.7967451523545706,AS180IV.DAT
T180,180,60,-0.1799996,8.2836e-08,-7.081780880564069,Reverse,1.7967451523545706,AS180IV.DAT
T180,180,61,-0.1999996,8.8544e-08,-7.052840862539142,Reverse,1.7967451523545706,AS180IV.DAT
T180,180,62,-0.2199996,9.3828e-08,-7.0276675408225096,Reverse,1.7967451523545706,AS180IV.DAT
T180,180,63,-0.2399996,9.9417e-08,-7.0025393462372865,Reverse,1.7967451523545706,AS180IV.DAT
T180,180,64,-0.2599996,1.05181e-07,-6.978062704482655,Reverse,1.7967451523545706,AS180IV.DAT
T180,180,65,-0.2799996,1.11011e-07,-6.954633985153825,Reverse,1.7967451523545706,AS180IV.DAT
T180,180,66,-0.2999996,1.17565e-07,-6.92972195180806,Reverse,1.7967451523545706,AS180IV.DAT
T180,180,67,-0.3199996,1.17133e-07,-6.9313207334599305,Reverse,1.7967451523545706,AS180IV.DAT
T180,180,68,-0.3399996,1.2372e-07,-6.907560088668859,Reverse,1.7967451523545706,AS180IV.DAT
T180,180,69,-0.3599996,1.30897e-07,-6.8830703068363785,Reverse,1.7967451523545706,AS180IV.DAT
T180,180,70,-0.3799996,1.39791e-07,-6.854520788362565,Reverse,1.7967451523545706,AS180IV.DAT
T180,180,71,-0.3999996,1.4736e-07,-6.831620387147226,Reverse,1.7967451523545706,AS180IV.DAT
T180,180,72,-0.4199997,1.56627e-07,-6.805133370373416,Reverse,1.7967451523545706,AS180IV.DAT
T180,180,73,-0.4399997,1.66688e-07,-6.778095664247397,Reverse,1.7967451523545706,AS180IV.DAT
T180,180,74,-0.4599997,1.75584e-07,-6.755515061484015,Reverse,1.7967451523545706,AS180IV.DAT
T180,180,75,-0.4799997,1.86427e-07,-6.729491189075156,Reverse,1.7967451523545706,AS180IV.DAT
T180,180,76,-0.4999997,1.9681e-07,-6.705952838656285,Reverse,1.7967451523545706,AS180IV.DAT
T180,180,77,-0.5199997,2.08671e-07,-6.680537902707886,Reverse,1.7967451523545706,AS180IV.DAT
T180,180,78,-0.5399997,2.2168e-07,-6.654273487225825,Reverse,1.7967451523545706,AS180IV.DAT
T180,180,79,-0.5599996,2.4805e-07,-6.605460768627796,Reverse,1.7967451523545706,AS180IV.DAT
T180,180,80,-0.5799996,2.5993e-07,-6.585143593209406,Reverse,1.7967451523545706,AS180IV.DAT
T180,180,81,-0.5999996,2.7498e-07,-6.56069889237157,Reverse,1.7967451523545706,AS180IV.DAT
T180,180,82,-0.6199996,2.9157e-07,-6.535257163154854,Reverse,1.7967451523545706,AS180IV.DAT
T180,180,83,-0.6399996,3.1641e-07,-6.499749799269842,Reverse,1.7967451523545706,AS180IV.DAT
T180,180,84,-0.6599995,3.3626e-07,-6.473324791360565,Reverse,1.7967451523545706,AS180IV.DAT
T180,180,85,-0.6799995,3.587e-07,-6.445268623324034,Reverse,1.7967451523545706,AS180IV.DAT
T180,180,86,-0.6999995,3.6974e-07,-6.432103563114838,Reverse,1.7967451523545706,AS180IV.DAT
T180,180,87,-0.7199995,3.9185e-07,-6.406880148896059,Reverse,1.7967451523545706,AS180IV.DAT
T180,180,88,-0.7399995,4.1329e-07,-6.383745102817396,Reverse,1.7967451523545706,AS180IV.DAT
T180,180,89,-0.7599995,4.2045e-07,-6.3762856431840325,Reverse,1.7967451523545706,AS180IV.DAT
T180,180,90,-0.7799994,4.4447e-07,-6.352157546896569,Reverse,1.7967451523545706,AS180IV.DAT
T180,180,91,-0.7999994,4.6429e-07,-6.333210670181744,Reverse,1.7967451523545706,AS180IV.DAT
T180,180,92,-0.8199994,4.8085e-07,-6.317990379617879,Reverse,1.7967451523545706,AS180IV.DAT
T180,180,93,-0.8399994,5.0834e-07,-6.293845715408869,Reverse,1.7967451523545706,AS180IV.DAT
T180,180,94,-0.8599994,5.4825e-07,-6.26102135965044,Reverse,1.7967451523545706,AS180IV.DAT
T180,180,95,-0.8799993,5.6317e-07,-6.249360488066003,Reverse,1.7967451523545706,AS180IV.DAT
T180,180,96,-0.8999993,5.6316e-07,-6.24936819973988,Reverse,1.7967451523545706,AS180IV.DAT
T180,180,97,-0.9199993,5.9463e-07,-6.225753183752357,Reverse,1.7967451523545706,AS180IV.DAT
T180,180,98,-0.9399993,6.3575e-07,-6.196713631152253,Reverse,1.7967451523545706,AS180IV.DAT
T180,180,99,-0.9599993,6.6264e-07,-6.178722351649131,Reverse,1.7967451523545706,AS180IV.DAT
T180,180,100,-0.9799992,6.8997e-07,-6.161169792042021,Reverse,1.7967451523545706,AS180IV.DAT
T180,180,101,-0.9999992,7.3001e-07,-6.136671190680814,Reverse,1.7967451523545706,AS180IV.DAT
T180,180,102,-1.019999,7.5519e-07,-6.121943769469485,Reverse,1.7967451523545706,AS180IV.DAT
T180,180,103,-1.039999,7.7858e-07,-6.1086967565402785,Reverse,1.7967451523545706,AS180IV.DAT
T180,180,104,-1.059999,8.1977e-07,-6.086307979009092,Reverse,1.7967451523545706,AS180IV.DAT
T180,180,105,-1.079999,8.5316e-07,-6.068969514435107,Reverse,1.7967451523545706,AS180IV.DAT
T180,180,106,-1.099999,8.897e-07,-6.0507564094317345,Reverse,1.7967451523545706,AS180IV.DAT
T180,180,107,-1.119999,9.3015e-07,-6.031447009597368,Reverse,1.7967451523545706,AS180IV.DAT
T180,180,108,-1.139999,9.7822e-07,-6.009563462143601,Reverse,1.7967451523545706,AS180IV.DAT
T180,180,109,-1.159999,1.02703e-06,-5.988416870283768,Reverse,1.7967451523545706,AS180IV.DAT
T180,180,110,-1.179999,1.0777e-06,-5.96750211714289,Reverse,1.7967451523545706,AS180IV.DAT
T180,180,111,-1.199999,1.1347e-06,-5.945118945137228,Reverse,1.7967451523545706,AS180IV.DAT
T180,180,112,-1.219999,1.18999e-06,-5.924456688156265,Reverse,1.7967451523545706,AS180IV.DAT
T180,180,113,-1.239999,1.26397e-06,-5.898263233798154,Reverse,1.7967451523545706,AS180IV.DAT
T180,180,114,-1.259999,1.31249e-06,-5.881903996844949,Reverse,1.7967451523545706,AS180IV.DAT
T180,180,115,-1.279999,1.37448e-06,-5.861861575175065,Reverse,1.7967451523545706,AS180IV.DAT
T180,180,116,-1.299999,1.4358e-06,-5.842906051002919,Reverse,1.7967451523545706,AS180IV.DAT
T180,180,117,-1.319999,1.49393e-06,-5.82566975146704,Reverse,1.7967451523545706,AS180IV.DAT
T180,180,118,-1.339999,1.57574e-06,-5.80251544032394,Reverse,1.7967451523545706,AS180IV.DAT
T180,180,119,-1.359999,1.6538e-06,-5.781517012406355,Reverse,1.7967451523545706,AS180IV.DAT
T180,180,120,-1.379999,1.7333e-06,-5.76112626298213,Reverse,1.7967451523545706,AS180IV.DAT
T180,180,121,-1.399999,1.82012e-06,-5.739899978157884,Reverse,1.7967451523545706,AS180IV.DAT
T180,180,122,-1.419999,1.90597e-06,-5.719883939446377,Reverse,1.7967451523545706,AS180IV.DAT
T180,180,123,-1.439999,1.99819e-06,-5.699363218798536,Reverse,1.7967451523545706,AS180IV.DAT
T180,180,124,-1.459999,2.05986e-06,-5.686162295792799,Reverse,1.7967451523545706,AS180IV.DAT
T180,180,125,-1.479999,2.1483e-06,-5.66790507155392,Reverse,1.7967451523545706,AS180IV.DAT
T180,180,126,-1.499999,2.2412e-06,-5.649519386204469,Reverse,1.7967451523545706,AS180IV.DAT
T180,180,127,-1.519999,2.3328e-06,-5.632122493362119,Reverse,1.7967451523545706,AS180IV.DAT
T180,180,128,-1.539999,2.4319e-06,-5.614054287269816,Reverse,1.7967451523545706,AS180IV.DAT
T180,180,129,-1.559999,2.5314e-06,-5.596639224234475,Reverse,1.7967451523545706,AS180IV.DAT
T180,180,130,-1.579999,2.4928e-06,-5.603312564007529,Reverse,1.7967451523545706,AS180IV.DAT
T180,180,131,-1.599999,2.6138e-06,-5.582727646372684,Reverse,1.7967451523545706,AS180IV.DAT
T180,180,132,-1.619999,2.7308e-06,-5.56371010582036,Reverse,1.7967451523545706,AS180IV.DAT
T180,180,133,-1.639999,2.8457e-06,-5.545810886125231,Reverse,1.7967451523545706,AS180IV.DAT
T180,180,134,-1.659999,2.9654e-06,-5.527916716776643,Reverse,1.7967451523545706,AS180IV.DAT
T180,180,135,-1.679999,3.0973e-06,-5.509016727470272,Reverse,1.7967451523545706,AS180IV.DAT
T180,180,136,-1.699999,3.2228e-06,-5.491766645027989,Reverse,1.7967451523545706,AS180IV.DAT
T180,180,137,-1.719999,3.3591e-06,-5.47377706707178,Reverse,1.7967451523545706,AS180IV.DAT
T180,180,138,-1.739999,3.5186e-06,-5.4536301016406945,Reverse,1.7967451523545706,AS180IV.DAT
T180,180,139,-1.759999,3.6589e-06,-5.436649459887993,Reverse,1.7967451523545706,AS180IV.DAT
T180,180,140,-1.779999,3.8179e-06,-5.41817545101227,Reverse,1.7967451523545706,AS180IV.DAT
T180,180,141,-1.799999,3.9675e-06,-5.401483064573114,Reverse,1.7967451523545706,AS180IV.DAT
T180,180,142,-1.819999,4.1126e-06,-5.385883528818217,Reverse,1.7967451523545706,AS180IV.DAT
T180,180,143,-1.839998,4.2659e-06,-5.369989329373514,Reverse,1.7967451523545706,AS180IV.DAT
T180,180,144,-1.859998,4.4201e-06,-5.354567905095045,Reverse,1.7967451523545706,AS180IV.DAT
T180,180,145,-1.879998,4.5834e-06,-5.338812239588677,Reverse,1.7967451523545706,AS180IV.DAT
T180,180,146,-1.899998,4.7527e-06,-5.323059598382817,Reverse,1.7967451523545706,AS180IV.DAT
T180,180,147,-1.919998,4.9224e-06,-5.307823097920028,Reverse,1.7967451523545706,AS180IV.DAT
T180,180,148,-1.939998,5.1038e-06,-5.292106352429176,Reverse,1.7967451523545706,AS180IV.DAT
T180,180,149,-1.959998,5.3013e-06,-5.27561761839987,Reverse,1.7967451523545706,AS180IV.DAT
T180,180,150,-1.979998,5.5067e-06,-5.259108582842034,Reverse,1.7967451523545706,AS180IV.DAT
T180,180,151,-1.999998,5.7031e-06,-5.243889013288218,Reverse,1.7967451523545706,AS180IV.DAT
T180,180,152,-2.019998,5.9192e-06,-5.227736985686374,Reverse,1.7967451523545706,AS180IV.DAT
T200,200,1,1.0,0.00176589,-2.753036352786132,Forward,1.7967451523545706,AS200IV.DAT
T200,200,2,0.98,0.00171902,-2.7647190704687885,Forward,1.7967451523545706,AS200IV.DAT
T200,200,3,0.96,0.00167236,-2.7766702285809783,Forward,1.7967451523545706,AS200IV.DAT
T200,200,4,0.9400001,0.00162571,-2.788956922845506,Forward,1.7967451523545706,AS200IV.DAT
T200,200,5,0.9200001,0.00157913,-2.8015821157430336,Forward,1.7967451523545706,AS200IV.DAT
T200,200,6,0.9000001,0.00153258,-2.8145768462374514,Forward,1.7967451523545706,AS200IV.DAT
T200,200,7,0.8800001,0.00148614,-2.8279402764680923,Forward,1.7967451523545706,AS200IV.DAT
T200,200,8,0.8600001,0.00143981,-2.841694814429612,Forward,1.7967451523545706,AS200IV.DAT
T200,200,9,0.8400002,0.00139347,-2.855902376771061,Forward,1.7967451523545706,AS200IV.DAT
T200,200,10,0.8200002,0.00134728,-2.8705421371515705,Forward,1.7967451523545706,AS200IV.DAT
T200,200,11,0.8000002,0.0013012,-2.885655945390184,Forward,1.7967451523545706,AS200IV.DAT
T200,200,12,0.7800002,0.0012552,-2.90128706942112,Forward,1.7967451523545706,AS200IV.DAT
T200,200,13,0.7600002,0.00120937,-2.917440808837448,Forward,1.7967451523545706,AS200IV.DAT
T200,200,14,0.7400002,0.00116367,-2.934170161866928,Forward,1.7967451523545706,AS200IV.DAT
T200,200,15,0.7200003,0.00111795,-2.951577619714068,Forward,1.7967451523545706,AS200IV.DAT
T200,200,16,0.7000003,0.00107258,-2.9695703054249916,Forward,1.7967451523545706,AS200IV.DAT
T200,200,17,0.6800003,0.00102734,-2.9882858020824092,Forward,1.7967451523545706,AS200IV.DAT
T200,200,18,0.6600003,0.00098226,-3.007773541113548,Forward,1.7967451523545706,AS200IV.DAT
T200,200,19,0.6400003,0.00093738,-3.028084316851971,Forward,1.7967451523545706,AS200IV.DAT
T200,200,20,0.6200004,0.00089271,-3.049289600298958,Forward,1.7967451523545706,AS200IV.DAT
T200,200,21,0.6000004,0.00084832,-3.0714402939470005,Forward,1.7967451523545706,AS200IV.DAT
T200,200,22,0.5800004,0.00080408,-3.0947007400200417,Forward,1.7967451523545706,AS200IV.DAT
T200,200,23,0.5600004,0.00076017,-3.1190892737641494,Forward,1.7967451523545706,AS200IV.DAT
T200,200,24,0.5400004,0.00071661,-3.1447171357254247,Forward,1.7967451523545706,AS200IV.DAT
T200,200,25,0.5200005,0.00067329,-3.1717978358173218,Forward,1.7967451523545706,AS200IV.DAT
T200,200,26,0.5000005,0.00063044,-3.200356239636261,Forward,1.7967451523545706,AS200IV.DAT
T200,200,27,0.4800005,0.00058794,-3.230666991948483,Forward,1.7967451523545706,AS200IV.DAT
T200,200,28,0.4600005,0.00054573,-3.2630221714205585,Forward,1.7967451523545706,AS200IV.DAT
T200,200,29,0.4400004,0.00050424,-3.2973627058824415,Forward,1.7967451523545706,AS200IV.DAT
T200,200,30,0.4200004,0.00046329,-3.334147073834594,Forward,1.7967451523545706,AS200IV.DAT
T200,200,31,0.4000004,0.00042282,-3.373844478119088,Forward,1.7967451523545706,AS200IV.DAT
T200,200,32,0.3800004,0.00038322,-3.4165518334583713,Forward,1.7967451523545706,AS200IV.DAT
T200,200,33,0.3600004,0.00034435,-3.462999912678661,Forward,1.7967451523545706,AS200IV.DAT
T200,200,34,0.3400004,0.00030631,-3.5138388246954615,Forward,1.7967451523545706,AS200IV.DAT
T200,200,35,0.3200004,0.00026948,-3.569473461319359,Forward,1.7967451523545706,AS200IV.DAT
T200,200,36,0.3000004,0.00023376,-3.6312298014097784,Forward,1.7967451523545706,AS200IV.DAT
T200,200,37,0.2800004,0.000199566,-3.699913447368056,Forward,1.7967451523545706,AS200IV.DAT
T200,200,38,0.2600003,0.000166839,-3.7777024218937165,Forward,1.7967451523545706,AS200IV.DAT
T200,200,39,0.2400004,0.000166917,-3.7774994294668827,Forward,1.7967451523545706,AS200IV.DAT
T200,200,40,0.2200004,0.000136154,-3.8659695952170794,Forward,1.7967451523545706,AS200IV.DAT
T200,200,41,0.2000004,0.000107745,-3.96760287451102,Forward,1.7967451523545706,AS200IV.DAT
T200,200,42,0.1800004,8.1995e-05,-4.086212629794523,Forward,1.7967451523545706,AS200IV.DAT
T200,200,43,0.1600004,5.9542e-05,-4.225176581607738,Forward,1.7967451523545706,AS200IV.DAT
T200,200,44,0.1400004,4.0755e-05,-4.389819102526428,Forward,1.7967451523545706,AS200IV.DAT
T200,200,45,0.1200004,2.5983e-05,-4.585310706679954,Forward,1.7967451523545706,AS200IV.DAT
T200,200,46,0.1000004,1.53507e-05,-4.813871815678273,Forward,1.7967451523545706,AS200IV.DAT
T200,200,47,0.08000039,8.313e-06,-5.080242219498106,Forward,1.7967451523545706,AS200IV.DAT
T200,200,48,0.06000039,4.1581e-06,-5.381105070337412,Forward,1.7967451523545706,AS200IV.DAT
T200,200,49,0.04000039,1.94017e-06,-5.71216021500416,Forward,1.7967451523545706,AS200IV.DAT
T200,200,50,0.02000039,8.0925e-07,-6.091917291925389,Forward,1.7967451523545706,AS200IV.DAT
T200,200,51,3.874302e-07,2.6873e-07,-6.570683847868338,Forward,1.7967451523545706,AS200IV.DAT
T200,200,52,-0.01999961,2.2456e-10,-9.648667600373617,Reverse,1.7967451523545706,AS200IV.DAT
T200,200,53,-0.03999961,1.23816e-07,-6.907223230415085,Reverse,1.7967451523545706,AS200IV.DAT
T200,200,54,-0.05999961,1.99464e-07,-6.70013547597803,Reverse,1.7967451523545706,AS200IV.DAT
T200,200,55,-0.07999961,2.6008e-07,-6.58489304351193,Reverse,1.7967451523545706,AS200IV.DAT
T200,200,56,-0.09999961,3.0716e-07,-6.51263534108307,Reverse,1.7967451523545706,AS200IV.DAT
T200,200,57,-0.1199996,3.3686e-07,-6.472550555687416,Reverse,1.7967451523545706,AS200IV.DAT
T200,200,58,-0.1399996,3.7424e-07,-6.426849795534922,Reverse,1.7967451523545706,AS200IV.DAT
T200,200,59,-0.1599996,4.0945e-07,-6.387799124550421,Reverse,1.7967451523545706,AS200IV.DAT
T200,200,60,-0.1799996,4.5069e-07,-6.346122078035079,Reverse,1.7967451523545706,AS200IV.DAT
T200,200,61,-0.1999996,4.9095e-07,-6.308962735636315,Reverse,1.7967451523545706,AS200IV.DAT
T200,200,62,-0.2199996,5.2935e-07,-6.276257082584349,Reverse,1.7967451523545706,AS200IV.DAT
T200,200,63,-0.2399996,5.746e-07,-6.240634378344072,Reverse,1.7967451523545706,AS200IV.DAT
T200,200,64,-0.2599996,6.5041e-07,-6.186812790120888,Reverse,1.7967451523545706,AS200IV.DAT
T200,200,65,-0.2799996,7.0242e-07,-6.153403131262005,Reverse,1.7967451523545706,AS200IV.DAT
T200,200,66,-0.2999996,7.561e-07,-6.121420761937781,Reverse,1.7967451523545706,AS200IV.DAT
T200,200,67,-0.3199996,8.1009e-07,-6.091466728859548,Reverse,1.7967451523545706,AS200IV.DAT
T200,200,68,-0.3399996,8.7074e-07,-6.060111504489315,Reverse,1.7967451523545706,AS200IV.DAT
T200,200,69,-0.3599996,9.2228e-07,-6.035137209104625,Reverse,1.7967451523545706,AS200IV.DAT
T200,200,70,-0.3799996,9.8611e-07,-6.006074637058364,Reverse,1.7967451523545706,AS200IV.DAT
T200,200,71,-0.3999996,1.00441e-06,-5.998088972061067,Reverse,1.7967451523545706,AS200IV.DAT
T200,200,72,-0.4199997,1.06372e-06,-5.9731726751030605,Reverse,1.7967451523545706,AS200IV.DAT
T200,200,73,-0.4399997,1.13452e-06,-5.94518784370758,Reverse,1.7967451523545706,AS200IV.DAT
T200,200,74,-0.4599997,1.20475e-06,-5.9191030650267535,Reverse,1.7967451523545706,AS200IV.DAT
T200,200,75,-0.4799997,1.27526e-06,-5.894401262246655,Reverse,1.7967451523545706,AS200IV.DAT
T200,200,76,-0.4999997,1.33758e-06,-5.873680233591195,Reverse,1.7967451523545706,AS200IV.DAT
T200,200,77,-0.5199997,1.40658e-06,-5.851835562062233,Reverse,1.7967451523545706,AS200IV.DAT
T200,200,78,-0.5399997,1.49093e-06,-5.826542746437941,Reverse,1.7967451523545706,AS200IV.DAT
T200,200,79,-0.5599996,1.57591e-06,-5.802468588635462,Reverse,1.7967451523545706,AS200IV.DAT
T200,200,80,-0.5799996,1.65677e-06,-5.7807377780404945,Reverse,1.7967451523545706,AS200IV.DAT
T200,200,81,-0.5999996,1.73166e-06,-5.761537374800741,Reverse,1.7967451523545706,AS200IV.DAT
T200,200,82,-0.6199996,1.8355e-06,-5.736245611159994,Reverse,1.7967451523545706,AS200IV.DAT
T200,200,83,-0.6399996,1.92793e-06,-5.71490873867262,Reverse,1.7967451523545706,AS200IV.DAT
T200,200,84,-0.6599995,2.00937e-06,-5.69694008606759,Reverse,1.7967451523545706,AS200IV.DAT
T200,200,85,-0.6799995,2.09266e-06,-5.679301326901907,Reverse,1.7967451523545706,AS200IV.DAT
T200,200,86,-0.6999995,2.2522e-06,-5.647393045863479,Reverse,1.7967451523545706,AS200IV.DAT
T200,200,87,-0.7199995,2.3776e-06,-5.623861207919519,Reverse,1.7967451523545706,AS200IV.DAT
T200,200,88,-0.7399995,2.4801e-06,-5.605530807652566,Reverse,1.7967451523545706,AS200IV.DAT
T200,200,89,-0.7599995,2.5877e-06,-5.587086074176693,Reverse,1.7967451523545706,AS200IV.DAT
T200,200,90,-0.7799994,2.6217e-06,-5.581417005933008,Reverse,1.7967451523545706,AS200IV.DAT
T200,200,91,-0.7999994,2.7461e-06,-5.561283651856208,Reverse,1.7967451523545706,AS200IV.DAT
T200,200,92,-0.8199994,2.8685e-06,-5.54234514578154,Reverse,1.7967451523545706,AS200IV.DAT
T200,200,93,-0.8399994,2.9753e-06,-5.526469237741868,Reverse,1.7967451523545706,AS200IV.DAT
T200,200,94,-0.8599994,3.1033e-06,-5.508176238580579,Reverse,1.7967451523545706,AS200IV.DAT
T200,200,95,-0.8799993,3.2297e-06,-5.490837816491029,Reverse,1.7967451523545706,AS200IV.DAT
T200,200,96,-0.8999993,3.3376e-06,-5.476565713253563,Reverse,1.7967451523545706,AS200IV.DAT
T200,200,97,-0.9199993,3.4755e-06,-5.458982707154343,Reverse,1.7967451523545706,AS200IV.DAT
T200,200,98,-0.9399993,3.6374e-06,-5.439208937537354,Reverse,1.7967451523545706,AS200IV.DAT
T200,200,99,-0.9599993,3.7714e-06,-5.4234974032666,Reverse,1.7967451523545706,AS200IV.DAT
T200,200,100,-0.9799992,3.8918e-06,-5.409849486268071,Reverse,1.7967451523545706,AS200IV.DAT
T200,200,101,-0.9999992,4.0668e-06,-5.390747185114997,Reverse,1.7967451523545706,AS200IV.DAT
T200,200,102,-1.019999,4.2135e-06,-5.37535700174274,Reverse,1.7967451523545706,AS200IV.DAT
T200,200,103,-1.039999,4.3759e-06,-5.35893261125059,Reverse,1.7967451523545706,AS200IV.DAT
T200,200,104,-1.059999,4.5223e-06,-5.344640630840074,Reverse,1.7967451523545706,AS200IV.DAT
T200,200,105,-1.079999,4.7016e-06,-5.327754322293657,Reverse,1.7967451523545706,AS200IV.DAT
T200,200,106,-1.099999,4.889e-06,-5.310779962736165,Reverse,1.7967451523545706,AS200IV.DAT
T200,200,107,-1.119999,5.0449e-06,-5.297147437926301,Reverse,1.7967451523545706,AS200IV.DAT
T200,200,108,-1.139999,5.2222e-06,-5.282146499569165,Reverse,1.7967451523545706,AS200IV.DAT
T200,200,109,-1.159999,5.4323e-06,-5.265016254053972,Reverse,1.7967451523545706,AS200IV.DAT
T200,200,110,-1.179999,5.5741e-06,-5.253825244259488,Reverse,1.7967451523545706,AS200IV.DAT
T200,200,111,-1.199999,5.7936e-06,-5.237051492527064,Reverse,1.7967451523545706,AS200IV.DAT
T200,200,112,-1.219999,5.9796e-06,-5.223327866781318,Reverse,1.7967451523545706,AS200IV.DAT
T200,200,113,-1.239999,6.1771e-06,-5.209215367887391,Reverse,1.7967451523545706,AS200IV.DAT
T200,200,114,-1.259999,6.3737e-06,-5.195608381937083,Reverse,1.7967451523545706,AS200IV.DAT
T200,200,115,-1.279999,6.598e-06,-5.180587688790675,Reverse,1.7967451523545706,AS200IV.DAT
T200,200,116,-1.299999,6.755e-06,-5.1703746466419505,Reverse,1.7967451523545706,AS200IV.DAT
T200,200,117,-1.319999,7.1205e-06,-5.1474895092259585,Reverse,1.7967451523545706,AS200IV.DAT
T200,200,118,-1.339999,7.3646e-06,-5.132850836399126,Reverse,1.7967451523545706,AS200IV.DAT
T200,200,119,-1.359999,7.4375e-06,-5.128573021263394,Reverse,1.7967451523545706,AS200IV.DAT
T200,200,120,-1.379999,7.6437e-06,-5.116696366475909,Reverse,1.7967451523545706,AS200IV.DAT
T200,200,121,-1.399999,7.8668e-06,-5.104201890888514,Reverse,1.7967451523545706,AS200IV.DAT
T200,200,122,-1.419999,8.1486e-06,-5.088917000401442,Reverse,1.7967451523545706,AS200IV.DAT
T200,200,123,-1.439999,8.3587e-06,-5.077861261643282,Reverse,1.7967451523545706,AS200IV.DAT
T200,200,124,-1.459999,8.6157e-06,-5.064709431647502,Reverse,1.7967451523545706,AS200IV.DAT
T200,200,125,-1.479999,8.8208e-06,-5.054492024864806,Reverse,1.7967451523545706,AS200IV.DAT
T200,200,126,-1.499999,9.0726e-06,-5.042268236220948,Reverse,1.7967451523545706,AS200IV.DAT
T200,200,127,-1.519999,9.3175e-06,-5.030700598574123,Reverse,1.7967451523545706,AS200IV.DAT
T200,200,128,-1.539999,9.6284e-06,-5.01644587579374,Reverse,1.7967451523545706,AS200IV.DAT
T200,200,129,-1.559999,9.8983e-06,-5.004439387626283,Reverse,1.7967451523545706,AS200IV.DAT
T200,200,130,-1.579999,1.00367e-05,-4.9984090568496775,Reverse,1.7967451523545706,AS200IV.DAT
T200,200,131,-1.599999,1.04554e-05,-4.980659347402054,Reverse,1.7967451523545706,AS200IV.DAT
T200,200,132,-1.619999,1.0756e-05,-4.968349206448736,Reverse,1.7967451523545706,AS200IV.DAT
T200,200,133,-1.639999,1.10581e-05,-4.95631948699162,Reverse,1.7967451523545706,AS200IV.DAT
T200,200,134,-1.659999,1.13426e-05,-4.945287383165605,Reverse,1.7967451523545706,AS200IV.DAT
T200,200,135,-1.679999,1.16312e-05,-4.9343754764587,Reverse,1.7967451523545706,AS200IV.DAT
T200,200,136,-1.699999,1.19667e-05,-4.922025596409095,Reverse,1.7967451523545706,AS200IV.DAT
T200,200,137,-1.719999,1.22683e-05,-4.911215612641332,Reverse,1.7967451523545706,AS200IV.DAT
T200,200,138,-1.739999,1.2543e-05,-4.9015985777299225,Reverse,1.7967451523545706,AS200IV.DAT
T200,200,139,-1.759999,1.2936e-05,-4.888199993101655,Reverse,1.7967451523545706,AS200IV.DAT
T200,200,140,-1.779999,1.3236e-05,-4.878243241512185,Reverse,1.7967451523545706,AS200IV.DAT
T200,200,141,-1.799999,1.36037e-05,-4.866342954053427,Reverse,1.7967451523545706,AS200IV.DAT
T200,200,142,-1.819999,1.39474e-05,-4.855506743708873,Reverse,1.7967451523545706,AS200IV.DAT
T200,200,143,-1.839998,1.43033e-05,-4.8445637522936975,Reverse,1.7967451523545706,AS200IV.DAT
T200,200,144,-1.859998,1.46941e-05,-4.832857008911105,Reverse,1.7967451523545706,AS200IV.DAT
T200,200,145,-1.879998,1.50342e-05,-4.822919676630922,Reverse,1.7967451523545706,AS200IV.DAT
T200,200,146,-1.899998,1.54629e-05,-4.810709052727684,Reverse,1.7967451523545706,AS200IV.DAT
T200,200,147,-1.919998,1.57476e-05,-4.802785625123808,Reverse,1.7967451523545706,AS200IV.DAT
T200,200,148,-1.939998,1.61621e-05,-4.791502210445188,Reverse,1.7967451523545706,AS200IV.DAT
T200,200,149,-1.959998,1.65827e-05,-4.780344756075563,Reverse,1.7967451523545706,AS200IV.DAT
T200,200,150,-1.979998,1.69434e-05,-4.770999436208666,Reverse,1.7967451523545706,AS200IV.DAT
T200,200,151,-1.999998,1.73591e-05,-4.760472795010099,Reverse,1.7967451523545706,AS200IV.DAT
T200,200,152,-2.019998,1.7825e-05,-4.748970461476097,Reverse,1.7967451523545706,AS200IV.DAT
T220,220,1,1.0,0.00200561,-2.6977535136459747,Forward,0.9043220634367375,AS220IV.DAT
T220,220,2,0.99,0.00197955,-2.703433524247793,Forward,0.9043220634367375,AS220IV.DAT
T220,220,3,0.98,0.00195349,-2.7091888076057873,Forward,0.9043220634367375,AS220IV.DAT
T220,220,4,0.97,0.00192748,-2.7150101195985106,Forward,0.9043220634367375,AS220IV.DAT
T220,220,5,0.96,0.00190161,-2.7208785474486814,Forward,0.9043220634367375,AS220IV.DAT
T220,220,6,0.95,0.00187565,-2.7268481986061124,Forward,0.9043220634367375,AS220IV.DAT
T220,220,7,0.9400001,0.00184974,-2.7328893118676434,Forward,0.9043220634367375,AS220IV.DAT
T220,220,8,0.9300001,0.00182387,-2.7390061201165325,Forward,0.9043220634367375,AS220IV.DAT
T220,220,9,0.9200001,0.00179802,-2.74520548176779,Forward,0.9043220634367375,AS220IV.DAT
T220,220,10,0.9100001,0.0017721,-2.751511774422557,Forward,0.9043220634367375,AS220IV.DAT
T220,220,11,0.9000001,0.00174633,-2.75787368523697,Forward,0.9043220634367375,AS220IV.DAT
T220,220,12,0.8900001,0.00172053,-2.764337750406685,Forward,0.9043220634367375,AS220IV.DAT
T220,220,13,0.8800001,0.00169471,-2.77090460788867,Forward,0.9043220634367375,AS220IV.DAT
T220,220,14,0.8700001,0.00166901,-2.777541061204631,Forward,0.9043220634367375,AS220IV.DAT
T220,220,15,0.8600001,0.00164332,-2.7842778591442072,Forward,0.9043220634367375,AS220IV.DAT
T220,220,16,0.8500001,0.00161747,-2.7911637656547996,Forward,0.9043220634367375,AS220IV.DAT
T220,220,17,0.8400002,0.00159184,-2.7981005864784714,Forward,0.9043220634367375,AS220IV.DAT
T220,220,18,0.8300002,0.0015662,-2.8051527803685556,Forward,0.9043220634367375,AS220IV.DAT
T220,220,19,0.8200002,0.00154065,-2.8122960117248947,Forward,0.9043220634367375,AS220IV.DAT
T220,220,20,0.8100002,0.00151509,-2.8195615682557804,Forward,0.9043220634367375,AS220IV.DAT
T220,220,21,0.8000002,0.00148958,-2.8269361674233857,Forward,0.9043220634367375,AS220IV.DAT
T220,220,22,0.7900002,0.00146401,-2.8344559567953955,Forward,0.9043220634367375,AS220IV.DAT
T220,220,23,0.7800002,0.00143857,-2.842069000736406,Forward,0.9043220634367375,AS220IV.DAT
T220,220,24,0.7700002,0.00141319,-2.8497994443762984,Forward,0.9043220634367375,AS220IV.DAT
T220,220,25,0.7600002,0.00138778,-2.857679375638233,Forward,0.9043220634367375,AS220IV.DAT
T220,220,26,0.7500002,0.00136243,-2.8656858020015537,Forward,0.9043220634367375,AS220IV.DAT
T220,220,27,0.7400002,0.00133712,-2.8738296151769016,Forward,0.9043220634367375,AS220IV.DAT
T220,220,28,0.7300003,0.00131185,-2.8821158203692856,Forward,0.9043220634367375,AS220IV.DAT
T220,220,29,0.7200003,0.00128649,-2.8905935852497464,Forward,0.9043220634367375,AS220IV.DAT
T220,220,30,0.7100003,0.00126132,-2.899174717864932,Forward,0.9043220634367375,AS220IV.DAT
T220,220,31,0.7000003,0.00123625,-2.907893695394764,Forward,0.9043220634367375,AS220IV.DAT
T220,220,32,0.6900003,0.00121111,-2.9168164099341887,Forward,0.9043220634367375,AS220IV.DAT
T220,220,33,0.6800003,0.00118607,-2.925889678832956,Forward,0.9043220634367375,AS220IV.DAT
T220,220,34,0.6700003,0.00116114,-2.9351154137137243,Forward,0.9043220634367375,AS220IV.DAT
T220,220,35,0.6600003,0.00113615,-2.9445643271885804,Forward,0.9043220634367375,AS220IV.DAT
T220,220,36,0.6500003,0.00111125,-2.95418822602173,Forward,0.9043220634367375,AS220IV.DAT
T220,220,37,0.6400003,0.00108648,-2.9639782637931416,Forward,0.9043220634367375,AS220IV.DAT
T220,220,38,0.6300004,0.00106169,-2.974002273219513,Forward,0.9043220634367375,AS220IV.DAT
T220,220,39,0.6200004,0.00103699,-2.98422543162037,Forward,0.9043220634367375,AS220IV.DAT
T220,220,40,0.6100004,0.00103699,-2.98422543162037,Forward,0.9043220634367375,AS220IV.DAT
T220,220,41,0.6000004,0.00101232,-2.9946821828849264,Forward,0.9043220634367375,AS220IV.DAT
T220,220,42,0.5900004,0.00098777,-3.0053441681241644,Forward,0.9043220634367375,AS220IV.DAT
T220,220,43,0.5800004,0.00096313,-3.0163150893321604,Forward,0.9043220634367375,AS220IV.DAT
T220,220,44,0.5700004,0.00093872,-3.0274639291277436,Forward,0.9043220634367375,AS220IV.DAT
T220,220,45,0.5600004,0.00091437,-3.038878031353139,Forward,0.9043220634367375,AS220IV.DAT
T220,220,46,0.5500004,0.00089003,-3.0505953544619695,Forward,0.9043220634367375,AS220IV.DAT
T220,220,47,0.5400004,0.00086591,-3.0625272448585954,Forward,0.9043220634367375,AS220IV.DAT
T220,220,48,0.5300004,0.00084179,-3.0747962377357925,Forward,0.9043220634367375,AS220IV.DAT
T220,220,49,0.5200005,0.00081768,-3.0874166247205164,Forward,0.9043220634367375,AS220IV.DAT
T220,220,50,0.5100005,0.00079373,-3.1003272046909203,Forward,0.9043220634367375,AS220IV.DAT
T220,220,51,0.5000005,0.00076993,-3.113548757938769,Forward,0.9043220634367375,AS220IV.DAT
T220,220,52,0.4900005,0.00074615,-3.1271738566777114,Forward,0.9043220634367375,AS220IV.DAT
T220,220,53,0.4800005,0.00072253,-3.1411441159569238,Forward,0.9043220634367375,AS220IV.DAT
T220,220,54,0.4700005,0.00069896,-3.1555476772962954,Forward,0.9043220634367375,AS220IV.DAT
T220,220,55,0.4600005,0.00067538,-3.1704518042547147,Forward,0.9043220634367375,AS220IV.DAT
T220,220,56,0.4500005,0.00065202,-3.1857390825557768,Forward,0.9043220634367375,AS220IV.DAT
T220,220,57,0.4400005,0.00062884,-3.2014598409718897,Forward,0.9043220634367375,AS220IV.DAT
T220,220,58,0.4300005,0.0006058,-3.217670731003163,Forward,0.9043220634367375,AS220IV.DAT
T220,220,59,0.4200006,0.00058289,-3.2344133953274454,Forward,0.9043220634367375,AS220IV.DAT
T220,220,60,0.4100006,0.00056012,-3.2517189198601573,Forward,0.9043220634367375,AS220IV.DAT
T220,220,61,0.4000006,0.0005375,-3.269621531412357,Forward,0.9043220634367375,AS220IV.DAT
T220,220,62,0.3900006,0.00051494,-3.2882433713218275,Forward,0.9043220634367375,AS220IV.DAT
T220,220,63,0.3800006,0.00049269,-3.307426252397087,Forward,0.9043220634367375,AS220IV.DAT
T220,220,64,0.3700006,0.00047059,-3.327357305785077,Forward,0.9043220634367375,AS220IV.DAT
T220,220,65,0.3600006,0.00044864,-3.3481020080494543,Forward,0.9043220634367375,AS220IV.DAT
T220,220,66,0.3500006,0.00042693,-3.3696433266280423,Forward,0.9043220634367375,AS220IV.DAT
T220,220,67,0.3400006,0.00040544,-3.3920734067966527,Forward,0.9043220634367375,AS220IV.DAT
T220,220,68,0.3300006,0.00038408,-3.4155783070388908,Forward,0.9043220634367375,AS220IV.DAT
T220,220,69,0.3200006,0.00036308,-3.439997673226633,Forward,0.9043220634367375,AS220IV.DAT
T220,220,70,0.3100007,0.00034232,-3.4655677265241236,Forward,0.9043220634367375,AS220IV.DAT
T220,220,71,0.3000007,0.00032182,-3.4923869694982277,Forward,0.9043220634367375,AS220IV.DAT
T220,220,72,0.2900007,0.00030164,-3.520511067883818,Forward,0.9043220634367375,AS220IV.DAT
T220,220,73,0.2800007,0.00028183,-3.5500127793565723,Forward,0.9043220634367375,AS220IV.DAT
T220,220,74,0.2700007,0.00026227,-3.5812513837504256,Forward,0.9043220634367375,AS220IV.DAT
T220,220,75,0.2600007,0.0002431,-3.6142150411566645,Forward,0.9043220634367375,AS220IV.DAT
T220,220,76,0.2500007,0.00022436,-3.649054568662521,Forward,0.9043220634367375,AS220IV.DAT
T220,220,77,0.2400007,0.00020604,-3.6860484587914586,Forward,0.9043220634367375,AS220IV.DAT
T220,220,78,0.2300007,0.000188266,-3.7252281045486164,Forward,0.9043220634367375,AS220IV.DAT
T220,220,79,0.2200007,0.000170944,-3.76714613799474,Forward,0.9043220634367375,AS220IV.DAT
T220,220,80,0.2100007,0.000154168,-3.8120057616004694,Forward,0.9043220634367375,AS220IV.DAT
T220,220,81,0.2000007,0.000137952,-3.8602719988262058,Forward,0.9043220634367375,AS220IV.DAT
T220,220,82,0.1900007,0.000122482,-3.9119277306877165,Forward,0.9043220634367375,AS220IV.DAT
T220,220,83,0.1800007,0.00010774,-3.967623028790064,Forward,0.9043220634367375,AS220IV.DAT
T220,220,84,0.1700007,9.3748e-05,-4.028037988648018,Forward,0.9043220634367375,AS220IV.DAT
T220,220,85,0.1600007,8.0649e-05,-4.0934010132368845,Forward,0.9043220634367375,AS220IV.DAT
T220,220,86,0.1500007,6.8458e-05,-4.164575792923114,Forward,0.9043220634367375,AS220IV.DAT
T220,220,87,0.1400007,5.7223e-05,-4.2424293774064585,Forward,0.9043220634367375,AS220IV.DAT
T220,220,88,0.1300007,4.707e-05,-4.327255801693401,Forward,0.9043220634367375,AS220IV.DAT
T220,220,89,0.1200007,3.8027e-05,-4.419907935299368,Forward,0.9043220634367375,AS220IV.DAT
T220,220,90,0.1100007,3.0128e-05,-4.5210296973274104,Forward,0.9043220634367375,AS220IV.DAT
T220,220,91,0.1000007,2.3374e-05,-4.631266960295953,Forward,0.9043220634367375,AS220IV.DAT
T220,220,92,0.09000066,1.77546e-05,-4.750689107634381,Forward,0.9043220634367375,AS220IV.DAT
T220,220,93,0.08000066,1.31675e-05,-4.880496672970482,Forward,0.9043220634367375,AS220IV.DAT
T220,220,94,0.07000066,9.5239e-06,-5.021185173291958,Forward,0.9043220634367375,AS220IV.DAT
T220,220,95,0.06000067,6.7413e-06,-5.171256345543972,Forward,0.9043220634367375,AS220IV.DAT
T220,220,96,0.05000067,4.6461e-06,-5.3329114469290655,Forward,0.9043220634367375,AS220IV.DAT
T220,220,97,0.04000067,3.1054e-06,-5.507882451331469,Forward,0.9043220634367375,AS220IV.DAT
T220,220,98,0.03000067,2.0003e-06,-5.698904865049058,Forward,0.9043220634367375,AS220IV.DAT
T220,220,99,0.02000067,1.22505e-06,-5.911846185355817,Forward,0.9043220634367375,AS220IV.DAT
T220,220,100,0.01000067,6.7317e-07,-6.171875246713994,Forward,0.9043220634367375,AS220IV.DAT
T220,220,101,6.705523e-07,2.906e-07,-6.536704390037997,Forward,0.9043220634367375,AS220IV.DAT
T220,220,102,-0.009999329,3.341e-11,-10.476123524361869,Reverse,0.9043220634367375,AS220IV.DAT
T220,220,103,-0.01999933,1.64145e-07,-6.784772341722223,Reverse,0.9043220634367375,AS220IV.DAT
T220,220,104,-0.02999933,2.9637e-07,-6.5281657598487675,Reverse,0.9043220634367375,AS220IV.DAT
T220,220,105,-0.03999933,3.9261e-07,-6.406038642867673,Reverse,0.9043220634367375,AS220IV.DAT
T220,220,106,-0.04999933,4.6689e-07,-6.330785427828303,Reverse,0.9043220634367375,AS220IV.DAT
T220,220,107,-0.05999932,5.2381e-07,-6.280826214762708,Reverse,0.9043220634367375,AS220IV.DAT
T220,220,108,-0.06999932,5.709e-07,-6.243439956993317,Reverse,0.9043220634367375,AS220IV.DAT
T220,220,109,-0.07999932,6.1236e-07,-6.212993185620144,Reverse,0.9043220634367375,AS220IV.DAT
T220,220,110,-0.08999932,6.4729e-07,-6.188901102356959,Reverse,0.9043220634367375,AS220IV.DAT
T220,220,111,-0.09999932,6.804e-07,-6.1672356950594684,Reverse,0.9043220634367375,AS220IV.DAT
T220,220,112,-0.1099993,7.1038e-07,-6.148509274160632,Reverse,0.9043220634367375,AS220IV.DAT
T220,220,113,-0.1199993,7.4162e-07,-6.129818566656822,Reverse,0.9043220634367375,AS220IV.DAT
T220,220,114,-0.1299993,7.7057e-07,-6.1131879030417755,Reverse,0.9043220634367375,AS220IV.DAT
T220,220,115,-0.1399993,7.9579e-07,-6.099201522555936,Reverse,0.9043220634367375,AS220IV.DAT
T220,220,116,-0.1499993,8.2379e-07,-6.0841834842552736,Reverse,0.9043220634367375,AS220IV.DAT
T220,220,117,-0.1599993,8.4919e-07,-6.070995128696324,Reverse,0.9043220634367375,AS220IV.DAT
T220,220,118,-0.1699993,8.7976e-07,-6.055635787953826,Reverse,0.9043220634367375,AS220IV.DAT
T220,220,119,-0.1799993,9.0748e-07,-6.042162937625571,Reverse,0.9043220634367375,AS220IV.DAT
T220,220,120,-0.1899993,9.3399e-07,-6.029657773628652,Reverse,0.9043220634367375,AS220IV.DAT
T220,220,121,-0.1999993,9.6129e-07,-6.017145575494445,Reverse,0.9043220634367375,AS220IV.DAT
T220,220,122,-0.2099994,9.8994e-07,-6.004391127077776,Reverse,0.9043220634367375,AS220IV.DAT
T220,220,123,-0.2199994,1.01833e-06,-5.992111461729282,Reverse,0.9043220634367375,AS220IV.DAT
T220,220,124,-0.2299994,1.05182e-06,-5.978058575482004,Reverse,0.9043220634367375,AS220IV.DAT
T220,220,125,-0.2399994,1.07533e-06,-5.9684582379009266,Reverse,0.9043220634367375,AS220IV.DAT
T220,220,126,-0.2499994,1.10466e-06,-5.956771371612762,Reverse,0.9043220634367375,AS220IV.DAT
T220,220,127,-0.2599994,1.13839e-06,-5.943708927895569,Reverse,0.9043220634367375,AS220IV.DAT
T220,220,128,-0.2699994,1.16631e-06,-5.933186000695696,Reverse,0.9043220634367375,AS220IV.DAT
T220,220,129,-0.2799993,1.19698e-06,-5.921913106036532,Reverse,0.9043220634367375,AS220IV.DAT
T220,220,130,-0.2899993,1.22667e-06,-5.9112722558997,Reverse,0.9043220634367375,AS220IV.DAT
T220,220,131,-0.2999993,1.26111e-06,-5.899247030548662,Reverse,0.9043220634367375,AS220IV.DAT
T220,220,132,-0.3099993,1.28375e-06,-5.891519543394665,Reverse,0.9043220634367375,AS220IV.DAT
T220,220,133,-0.3199993,1.3136e-06,-5.881536860224634,Reverse,0.9043220634367375,AS220IV.DAT
T220,220,134,-0.3299993,1.34536e-06,-5.871161488826192,Reverse,0.9043220634367375,AS220IV.DAT
T220,220,135,-0.3399993,1.38156e-06,-5.859630249290304,Reverse,0.9043220634367375,AS220IV.DAT
T220,220,136,-0.3499993,1.40858e-06,-5.851218482315477,Reverse,0.9043220634367375,AS220IV.DAT
T220,220,137,-0.3599993,1.44695e-06,-5.839546475860418,Reverse,0.9043220634367375,AS220IV.DAT
T220,220,138,-0.3699993,1.47759e-06,-5.8304460567661875,Reverse,0.9043220634367375,AS220IV.DAT
T220,220,139,-0.3799993,1.50981e-06,-5.82107770247067,Reverse,0.9043220634367375,AS220IV.DAT
T220,220,140,-0.3899992,1.54313e-06,-5.811597485534755,Reverse,0.9043220634367375,AS220IV.DAT
T220,220,141,-0.3999992,1.58117e-06,-5.801021434246887,Reverse,0.9043220634367375,AS220IV.DAT
T220,220,142,-0.4099992,1.60932e-06,-5.793357591440838,Reverse,0.9043220634367375,AS220IV.DAT
T220,220,143,-0.4199992,1.64707e-06,-5.7832879430477835,Reverse,0.9043220634367375,AS220IV.DAT
T220,220,144,-0.4299992,1.69479e-06,-5.770884107190302,Reverse,0.9043220634367375,AS220IV.DAT
T220,220,145,-0.4399992,1.73541e-06,-5.760597904330158,Reverse,0.9043220634367375,AS220IV.DAT
T220,220,146,-0.4499992,1.76692e-06,-5.752783113393674,Reverse,0.9043220634367375,AS220IV.DAT
T220,220,147,-0.4599992,1.80957e-06,-5.742424612320508,Reverse,0.9043220634367375,AS220IV.DAT
T220,220,148,-0.4699992,1.8397e-06,-5.735252991646473,Reverse,0.9043220634367375,AS220IV.DAT
T220,220,149,-0.4799992,1.86869e-06,-5.728462738458447,Reverse,0.9043220634367375,AS220IV.DAT
T220,220,150,-0.4899991,1.92701e-06,-5.715116031616706,Reverse,0.9043220634367375,AS220IV.DAT
T220,220,151,-0.4999991,1.9636e-06,-5.706946976572168,Reverse,0.9043220634367375,AS220IV.DAT
T220,220,152,-0.5099992,2.02676e-06,-5.6931976755036775,Reverse,0.9043220634367375,AS220IV.DAT
T220,220,153,-0.5199991,2.07488e-06,-5.683007015503617,Reverse,0.9043220634367375,AS220IV.DAT
T220,220,154,-0.5299991,2.092e-06,-5.679438319804763,Reverse,0.9043220634367375,AS220IV.DAT
T220,220,155,-0.5399991,2.1423e-06,-5.6691197122055685,Reverse,0.9043220634367375,AS220IV.DAT
T220,220,156,-0.5499991,2.1815e-06,-5.661244782677161,Reverse,0.9043220634367375,AS220IV.DAT
T220,220,157,-0.5599991,2.2346e-06,-5.650800205570001,Reverse,0.9043220634367375,AS220IV.DAT
T220,220,158,-0.5699991,2.2844e-06,-5.641227848507266,Reverse,0.9043220634367375,AS220IV.DAT
T220,220,159,-0.5799991,2.338e-06,-5.6311554931741785,Reverse,0.9043220634367375,AS220IV.DAT
T220,220,160,-0.5899991,2.395e-06,-5.620694482249418,Reverse,0.9043220634367375,AS220IV.DAT
T220,220,161,-0.5999991,2.4239e-06,-5.615485301314347,Reverse,0.9043220634367375,AS220IV.DAT
T220,220,162,-0.6099991,2.4849e-06,-5.604691083921412,Reverse,0.9043220634367375,AS220IV.DAT
T220,220,163,-0.6199991,2.5235e-06,-5.597996690930295,Reverse,0.9043220634367375,AS220IV.DAT
T220,220,164,-0.629999,2.5894e-06,-5.586800856334359,Reverse,0.9043220634367375,AS220IV.DAT
T220,220,165,-0.639999,2.6361e-06,-5.579038118879076,Reverse,0.9043220634367375,AS220IV.DAT
T220,220,166,-0.649999,2.7003e-06,-5.568587983579211,Reverse,0.9043220634367375,AS220IV.DAT
T220,220,167,-0.659999,2.7632e-06,-5.5585876797766165,Reverse,0.9043220634367375,AS220IV.DAT
T220,220,168,-0.669999,2.8053e-06,-5.552020688283835,Reverse,0.9043220634367375,AS220IV.DAT
T220,220,169,-0.679999,2.8739e-06,-5.541528347615769,Reverse,0.9043220634367375,AS220IV.DAT
T220,220,170,-0.689999,2.9356e-06,-5.532303120972409,Reverse,0.9043220634367375,AS220IV.DAT
T220,220,171,-0.699999,2.9829e-06,-5.525361305865613,Reverse,0.9043220634367375,AS220IV.DAT
T220,220,172,-0.709999,3.0132e-06,-5.520972041239453,Reverse,0.9043220634367375,AS220IV.DAT
T220,220,173,-0.719999,3.0827e-06,-5.511068737577747,Reverse,0.9043220634367375,AS220IV.DAT
T220,220,174,-0.7299989,3.1619e-06,-5.5000518694243485,Reverse,0.9043220634367375,AS220IV.DAT
T220,220,175,-0.7399989,3.2278e-06,-5.4910933827440465,Reverse,0.9043220634367375,AS220IV.DAT
T220,220,176,-0.7499989,3.2982e-06,-5.481723012650626,Reverse,0.9043220634367375,AS220IV.DAT
T220,220,177,-0.7599989,3.3557e-06,-5.474216872088956,Reverse,0.9043220634367375,AS220IV.DAT
T220,220,178,-0.7699989,3.4099e-06,-5.46725835710281,Reverse,0.9043220634367375,AS220IV.DAT
T220,220,179,-0.7799989,3.4792e-06,-5.458520605342721,Reverse,0.9043220634367375,AS220IV.DAT
T220,220,180,-0.7899989,3.5236e-06,-5.453013398685822,Reverse,0.9043220634367375,AS220IV.DAT
T220,220,181,-0.7999989,3.5986e-06,-5.443866424379916,Reverse,0.9043220634367375,AS220IV.DAT
T220,220,182,-0.8099989,3.6689e-06,-5.435464125267776,Reverse,0.9043220634367375,AS220IV.DAT
T220,220,183,-0.8199989,3.7385e-06,-5.427302615017302,Reverse,0.9043220634367375,AS220IV.DAT
T220,220,184,-0.8299989,3.8099e-06,-5.419086423279273,Reverse,0.9043220634367375,AS220IV.DAT
T220,220,185,-0.8399988,3.8711e-06,-5.412165609645333,Reverse,0.9043220634367375,AS220IV.DAT
T220,220,186,-0.8499988,3.9638e-06,-5.401888266671032,Reverse,0.9043220634367375,AS220IV.DAT
T220,220,187,-0.8599988,4.0382e-06,-5.393812175549533,Reverse,0.9043220634367375,AS220IV.DAT
T220,220,188,-0.8699988,4.099e-06,-5.387322081683498,Reverse,0.9043220634367375,AS220IV.DAT
T220,220,189,-0.8799988,4.1977e-06,-5.376988602676001,Reverse,0.9043220634367375,AS220IV.DAT
T220,220,190,-0.8899988,4.2617e-06,-5.370417125464203,Reverse,0.9043220634367375,AS220IV.DAT
T220,220,191,-0.8999988,4.3338e-06,-5.363131134756065,Reverse,0.9043220634367375,AS220IV.DAT
T220,220,192,-0.9099988,4.384e-06,-5.358129454523687,Reverse,0.9043220634367375,AS220IV.DAT
T220,220,193,-0.9199988,4.4722e-06,-5.349478782725802,Reverse,0.9043220634367375,AS220IV.DAT
T220,220,194,-0.9299988,4.5412e-06,-5.342829370817891,Reverse,0.9043220634367375,AS220IV.DAT
T220,220,195,-0.9399987,4.6146e-06,-5.335865938261383,Reverse,0.9043220634367375,AS220IV.DAT
T220,220,196,-0.9499987,4.6659e-06,-5.331064573281996,Reverse,0.9043220634367375,AS220IV.DAT
T220,220,197,-0.9599987,4.7534e-06,-5.322995638159827,Reverse,0.9043220634367375,AS220IV.DAT
T220,220,198,-0.9699987,4.8402e-06,-5.315136692673392,Reverse,0.9043220634367375,AS220IV.DAT
T220,220,199,-0.9799987,4.9345e-06,-5.306756846690811,Reverse,0.9043220634367375,AS220IV.DAT
T220,220,200,-0.9899987,5.0091e-06,-5.300240298113903,Reverse,0.9043220634367375,AS220IV.DAT
T220,220,201,-0.9999987,5.1008e-06,-5.29236170462,Reverse,0.9043220634367375,AS220IV.DAT
T220,220,202,-1.009999,5.1917e-06,-5.2846904109898185,Reverse,0.9043220634367375,AS220IV.DAT
T220,220,203,-1.019999,5.3095e-06,-5.274946374862994,Reverse,0.9043220634367375,AS220IV.DAT
T220,220,204,-1.029999,5.3752e-06,-5.269605371918321,Reverse,0.9043220634367375,AS220IV.DAT
T220,220,205,-1.039999,5.4568e-06,-5.2630619634769085,Reverse,0.9043220634367375,AS220IV.DAT
T220,220,206,-1.049999,5.5223e-06,-5.25788000392538,Reverse,0.9043220634367375,AS220IV.DAT
T220,220,207,-1.059999,5.6148e-06,-5.250665708760195,Reverse,0.9043220634367375,AS220IV.DAT
T220,220,208,-1.069999,5.7365e-06,-5.241353002079225,Reverse,0.9043220634367375,AS220IV.DAT
T220,220,209,-1.079999,5.8279e-06,-5.234487908827371,Reverse,0.9043220634367375,AS220IV.DAT
T220,220,210,-1.089999,5.8981e-06,-5.229287868427146,Reverse,0.9043220634367375,AS220IV.DAT
T220,220,211,-1.099999,6.0133e-06,-5.220887128917762,Reverse,0.9043220634367375,AS220IV.DAT
T220,220,212,-1.109999,6.0729e-06,-5.216603870170991,Reverse,0.9043220634367375,AS220IV.DAT
T220,220,213,-1.119999,6.1716e-06,-5.209602229631285,Reverse,0.9043220634367375,AS220IV.DAT
T220,220,214,-1.129999,6.2737e-06,-5.202476252526962,Reverse,0.9043220634367375,AS220IV.DAT
T220,220,215,-1.139999,6.3639e-06,-5.196276653316689,Reverse,0.9043220634367375,AS220IV.DAT
T220,220,216,-1.149999,6.4624e-06,-5.189606164174087,Reverse,0.9043220634367375,AS220IV.DAT
T220,220,217,-1.159999,6.567e-06,-5.182632983712406,Reverse,0.9043220634367375,AS220IV.DAT
T220,220,218,-1.169999,6.6744e-06,-5.175587769424235,Reverse,0.9043220634367375,AS220IV.DAT
T220,220,219,-1.179999,6.76e-06,-5.1700533040583645,Reverse,0.9043220634367375,AS220IV.DAT
T220,220,220,-1.189999,6.8926e-06,-5.161616924296089,Reverse,0.9043220634367375,AS220IV.DAT
T220,220,221,-1.199998,6.953e-06,-5.157827770614384,Reverse,0.9043220634367375,AS220IV.DAT
T220,220,222,-1.209998,7.0491e-06,-5.151866328396498,Reverse,0.9043220634367375,AS220IV.DAT
T220,220,223,-1.219998,7.1341e-06,-5.146660807368872,Reverse,0.9043220634367375,AS220IV.DAT
T220,220,224,-1.229998,7.2562e-06,-5.1392907554822305,Reverse,0.9043220634367375,AS220IV.DAT
T220,220,225,-1.239998,7.3483e-06,-5.1338131215979965,Reverse,0.9043220634367375,AS220IV.DAT
T220,220,226,-1.249998,7.4292e-06,-5.129057949939471,Reverse,0.9043220634367375,AS220IV.DAT
T220,220,227,-1.259998,7.591e-06,-5.119701008574247,Reverse,0.9043220634367375,AS220IV.DAT
T220,220,228,-1.269998,7.7005e-06,-5.11348107480271,Reverse,0.9043220634367375,AS220IV.DAT
T220,220,229,-1.279998,7.7778e-06,-5.109143228585464,Reverse,0.9043220634367375,AS220IV.DAT
T220,220,230,-1.289998,7.9232e-06,-5.101099381332014,Reverse,0.9043220634367375,AS220IV.DAT
T220,220,231,-1.299998,8.0283e-06,-5.095376407247053,Reverse,0.9043220634367375,AS220IV.DAT
T220,220,232,-1.309998,8.2226e-06,-5.084990836095949,Reverse,0.9043220634367375,AS220IV.DAT
T220,220,233,-1.319998,8.2226e-06,-5.084990836095949,Reverse,0.9043220634367375,AS220IV.DAT
T220,220,234,-1.329998,8.4532e-06,-5.072978855634683,Reverse,0.9043220634367375,AS220IV.DAT
T220,220,235,-1.339998,8.528e-06,-5.069152808317503,Reverse,0.9043220634367375,AS220IV.DAT
T220,220,236,-1.349998,8.668e-06,-5.06208109735222,Reverse,0.9043220634367375,AS220IV.DAT
T220,220,237,-1.359998,8.7581e-06,-5.057590100340485,Reverse,0.9043220634367375,AS220IV.DAT
T220,220,238,-1.369998,8.9246e-06,-5.049411239830415,Reverse,0.9043220634367375,AS220IV.DAT
T220,220,239,-1.379998,9.0741e-06,-5.042196438954851,Reverse,0.9043220634367375,AS220IV.DAT
T220,220,240,-1.389998,9.173e-06,-5.037488606492403,Reverse,0.9043220634367375,AS220IV.DAT
T220,220,241,-1.399998,9.2671e-06,-5.0330561505416505,Reverse,0.9043220634367375,AS220IV.DAT
T220,220,242,-1.409998,9.3532e-06,-5.029039779012031,Reverse,0.9043220634367375,AS220IV.DAT
T220,220,243,-1.419998,9.4914e-06,-5.02266972356523,Reverse,0.9043220634367375,AS220IV.DAT
T220,220,244,-1.429998,9.6198e-06,-5.016833957047353,Reverse,0.9043220634367375,AS220IV.DAT
T220,220,245,-1.439998,9.7233e-06,-5.0121863144399805,Reverse,0.9043220634367375,AS220IV.DAT
T220,220,246,-1.449998,9.9162e-06,-5.003654722523373,Reverse,0.9043220634367375,AS220IV.DAT
T220,220,247,-1.459998,1.00032e-05,-4.999861047996926,Reverse,0.9043220634367375,AS220IV.DAT
T220,220,248,-1.469998,1.01199e-05,-4.994823778964872,Reverse,0.9043220634367375,AS220IV.DAT
T220,220,249,-1.479998,1.02277e-05,-4.990222019231483,Reverse,0.9043220634367375,AS220IV.DAT
T220,220,250,-1.489998,1.03683e-05,-4.984292445264025,Reverse,0.9043220634367375,AS220IV.DAT
T220,220,251,-1.499998,1.05197e-05,-4.977996645182501,Reverse,0.9043220634367375,AS220IV.DAT
T220,220,252,-1.509998,1.05802e-05,-4.975506122652873,Reverse,0.9043220634367375,AS220IV.DAT
T220,220,253,-1.519998,1.06702e-05,-4.971827440174186,Reverse,0.9043220634367375,AS220IV.DAT
T220,220,254,-1.529998,1.07949e-05,-4.9667813764561375,Reverse,0.9043220634367375,AS220IV.DAT
T220,220,255,-1.539998,1.09132e-05,-4.962047885656384,Reverse,0.9043220634367375,AS220IV.DAT
T220,220,256,-1.549998,1.10512e-05,-4.956590561337928,Reverse,0.9043220634367375,AS220IV.DAT
T220,220,257,-1.559998,1.11773e-05,-4.951663092399182,Reverse,0.9043220634367375,AS220IV.DAT
T220,220,258,-1.569998,1.12967e-05,-4.94704840440149,Reverse,0.9043220634367375,AS220IV.DAT
T220,220,259,-1.579998,1.15078e-05,-4.939007694544238,Reverse,0.9043220634367375,AS220IV.DAT
T220,220,260,-1.589998,1.16744e-05,-4.932765430537879,Reverse,0.9043220634367375,AS220IV.DAT
T220,220,261,-1.599998,1.17537e-05,-4.929825398359351,Reverse,0.9043220634367375,AS220IV.DAT
T220,220,262,-1.609998,1.17439e-05,-4.930187655455345,Reverse,0.9043220634367375,AS220IV.DAT
T220,220,263,-1.619998,1.19003e-05,-4.9244420901450905,Reverse,0.9043220634367375,AS220IV.DAT
T220,220,264,-1.629998,1.20764e-05,-4.918062510511829,Reverse,0.9043220634367375,AS220IV.DAT
T220,220,265,-1.639998,1.22375e-05,-4.912307295188806,Reverse,0.9043220634367375,AS220IV.DAT
T220,220,266,-1.649998,1.2108e-05,-4.916927587715465,Reverse,0.9043220634367375,AS220IV.DAT
T220,220,267,-1.659998,1.2108e-05,-4.916927587715465,Reverse,0.9043220634367375,AS220IV.DAT
T220,220,268,-1.669998,1.22932e-05,-4.910335052715913,Reverse,0.9043220634367375,AS220IV.DAT
T220,220,269,-1.679998,1.25653e-05,-4.900827138047193,Reverse,0.9043220634367375,AS220IV.DAT
T220,220,270,-1.689998,1.27285e-05,-4.895222773102525,Reverse,0.9043220634367375,AS220IV.DAT
T220,220,271,-1.699998,1.28041e-05,-4.892650942675469,Reverse,0.9043220634367375,AS220IV.DAT
T220,220,272,-1.709998,1.28999e-05,-4.889413656337691,Reverse,0.9043220634367375,AS220IV.DAT
T220,220,273,-1.719998,1.2974e-05,-4.8869261064057925,Reverse,0.9043220634367375,AS220IV.DAT
T220,220,274,-1.729998,1.31111e-05,-4.882360870179527,Reverse,0.9043220634367375,AS220IV.DAT
T220,220,275,-1.739998,1.33641e-05,-4.874060283311839,Reverse,0.9043220634367375,AS220IV.DAT
T220,220,276,-1.749998,1.34586e-05,-4.871000114250014,Reverse,0.9043220634367375,AS220IV.DAT
T220,220,277,-1.759998,1.36518e-05,-4.864810082796902,Reverse,0.9043220634367375,AS220IV.DAT
T220,220,278,-1.769998,1.39027e-05,-4.856900848578225,Reverse,0.9043220634367375,AS220IV.DAT
T220,220,279,-1.779998,1.40624e-05,-4.851940552871858,Reverse,0.9043220634367375,AS220IV.DAT
T220,220,280,-1.789998,1.41995e-05,-4.847726947945398,Reverse,0.9043220634367375,AS220IV.DAT
T220,220,281,-1.799998,1.43638e-05,-4.842730650573331,Reverse,0.9043220634367375,AS220IV.DAT
T220,220,282,-1.809998,1.45591e-05,-4.836865470978649,Reverse,0.9043220634367375,AS220IV.DAT
T220,220,283,-1.819998,1.46769e-05,-4.8333656647922565,Reverse,0.9043220634367375,AS220IV.DAT
T220,220,284,-1.829998,1.48572e-05,-4.828063030355297,Reverse,0.9043220634367375,AS220IV.DAT
T220,220,285,-1.839998,1.50715e-05,-4.821843522117736,Reverse,0.9043220634367375,AS220IV.DAT
T220,220,286,-1.849998,1.52792e-05,-4.815899384286573,Reverse,0.9043220634367375,AS220IV.DAT
T220,220,287,-1.859998,1.55113e-05,-4.809351802498,Reverse,0.9043220634367375,AS220IV.DAT
T220,220,288,-1.869998,1.56971e-05,-4.804180575000374,Reverse,0.9043220634367375,AS220IV.DAT
T220,220,289,-1.879998,1.59464e-05,-4.797337346249561,Reverse,0.9043220634367375,AS220IV.DAT
T220,220,290,-1.889998,1.62204e-05,-4.789938440158724,Reverse,0.9043220634367375,AS220IV.DAT
T220,220,291,-1.899998,1.64534e-05,-4.783744343995927,Reverse,0.9043220634367375,AS220IV.DAT
T220,220,292,-1.909998,1.65573e-05,-4.781010482207148,Reverse,0.9043220634367375,AS220IV.DAT
T220,220,293,-1.919998,1.67931e-05,-4.7748691258618425,Reverse,0.9043220634367375,AS220IV.DAT
T220,220,294,-1.929998,1.69282e-05,-4.771389218596747,Reverse,0.9043220634367375,AS220IV.DAT
T220,220,295,-1.939998,1.71707e-05,-4.765211999542606,Reverse,0.9043220634367375,AS220IV.DAT
T220,220,296,-1.949998,1.73685e-05,-4.760237687013601,Reverse,0.9043220634367375,AS220IV.DAT
T220,220,297,-1.959998,1.74745e-05,-4.757595241925489,Reverse,0.9043220634367375,AS220IV.DAT
T220,220,298,-1.969998,1.76703e-05,-4.752756077135082,Reverse,0.9043220634367375,AS220IV.DAT
T220,220,299,-1.979998,1.78743e-05,-4.747770957196256,Reverse,0.9043220634367375,AS220IV.DAT
T220,220,300,-1.989998,1.81185e-05,-4.7418777596773065,Reverse,0.9043220634367375,AS220IV.DAT
T220,220,301,-1.999998,1.84026e-05,-4.735120813627287,Reverse,0.9043220634367375,AS220IV.DAT
T220,220,302,-2.009998,1.86136e-05,-4.730169623165146,Reverse,0.9043220634367375,AS220IV.DAT
T240,240,1,0.95,0.00217205,-2.663130181627316,Forward,0.9195463405989722,AS240IV.DAT
T240,240,2,0.9400001,0.00214305,-2.668967696213991,Forward,0.9195463405989722,AS240IV.DAT
T240,240,3,0.9300001,0.00211393,-2.674909397878671,Forward,0.9195463405989722,AS240IV.DAT
T240,240,4,0.9200001,0.00208507,-2.680879360304889,Forward,0.9195463405989722,AS240IV.DAT
T240,240,5,0.9100001,0.00205614,-2.686947318102112,Forward,0.9195463405989722,AS240IV.DAT
T240,240,6,0.9000001,0.00202736,-2.6930691264271602,Forward,0.9195463405989722,AS240IV.DAT
T240,240,7,0.8900001,0.00199856,-2.6992828089861813,Forward,0.9195463405989722,AS240IV.DAT
T240,240,8,0.8800001,0.00196983,-2.70557125264433,Forward,0.9195463405989722,AS240IV.DAT
T240,240,9,0.8700001,0.00194112,-2.711947615705449,Forward,0.9195463405989722,AS240IV.DAT
T240,240,10,0.8600001,0.00191244,-2.718412181312996,Forward,0.9195463405989722,AS240IV.DAT
T240,240,11,0.8500001,0.00188356,-2.7250205409749784,Forward,0.9195463405989722,AS240IV.DAT
T240,240,12,0.8400002,0.00185495,-2.7316677922574266,Forward,0.9195463405989722,AS240IV.DAT
T240,240,13,0.8300002,0.00182642,-2.7383993458005187,Forward,0.9195463405989722,AS240IV.DAT
T240,240,14,0.8200002,0.00179792,-2.745229636480161,Forward,0.9195463405989722,AS240IV.DAT
T240,240,15,0.8100002,0.00176945,-2.7521617048721247,Forward,0.9195463405989722,AS240IV.DAT
T240,240,16,0.8000002,0.00174097,-2.7592087124821583,Forward,0.9195463405989722,AS240IV.DAT
T240,240,17,0.7900002,0.00171248,-2.766374491917498,Forward,0.9195463405989722,AS240IV.DAT
T240,240,18,0.7800002,0.00168413,-2.773624387834261,Forward,0.9195463405989722,AS240IV.DAT
T240,240,19,0.7700002,0.00165582,-2.78098687603881,Forward,0.9195463405989722,AS240IV.DAT
T240,240,20,0.7600002,0.0016275,-2.7884790027597703,Forward,0.9195463405989722,AS240IV.DAT
T240,240,21,0.7500002,0.00159925,-2.7960836406103997,Forward,0.9195463405989722,AS240IV.DAT
T240,240,22,0.7400002,0.00157101,-2.8038210505227275,Forward,0.9195463405989722,AS240IV.DAT
T240,240,23,0.7300003,0.00154282,-2.8116847398906866,Forward,0.9195463405989722,AS240IV.DAT
T240,240,24,0.7200003,0.00151464,-2.8196905781136183,Forward,0.9195463405989722,AS240IV.DAT
T240,240,25,0.7100003,0.00148659,-2.8278087929372306,Forward,0.9195463405989722,AS240IV.DAT
T240,240,26,0.7000003,0.00145857,-2.8360727232894374,Forward,0.9195463405989722,AS240IV.DAT
T240,240,27,0.6900003,0.00143062,-2.8444757078328133,Forward,0.9195463405989722,AS240IV.DAT
T240,240,28,0.6800003,0.00140272,-2.853029010789738,Forward,0.9195463405989722,AS240IV.DAT
T240,240,29,0.6700003,0.00137491,-2.861725729311989,Forward,0.9195463405989722,AS240IV.DAT
T240,240,30,0.6600003,0.00134702,-2.870625956002957,Forward,0.9195463405989722,AS240IV.DAT
T240,240,31,0.6500003,0.00131927,-2.8796663132404356,Forward,0.9195463405989722,AS240IV.DAT
T240,240,32,0.6400003,0.00129166,-2.8888517894030246,Forward,0.9195463405989722,AS240IV.DAT
T240,240,33,0.6300004,0.00126405,-2.898235747023078,Forward,0.9195463405989722,AS240IV.DAT
T240,240,34,0.6200004,0.00123647,-2.907816416296224,Forward,0.9195463405989722,AS240IV.DAT
T240,240,35,0.6100004,0.00120902,-2.9175665148399763,Forward,0.9195463405989722,AS240IV.DAT
T240,240,36,0.6000004,0.00118161,-2.927525842233648,Forward,0.9195463405989722,AS240IV.DAT
T240,240,37,0.5900004,0.00115414,-2.9377415070038153,Forward,0.9195463405989722,AS240IV.DAT
T240,240,38,0.5800004,0.00112693,-2.948103059604196,Forward,0.9195463405989722,AS240IV.DAT
T240,240,39,0.5700004,0.00109973,-2.958713927481238,Forward,0.9195463405989722,AS240IV.DAT
T240,240,40,0.5600004,0.00107261,-2.9695581584035544,Forward,0.9195463405989722,AS240IV.DAT
T240,240,41,0.5500004,0.00104566,-2.980609504883035,Forward,0.9195463405989722,AS240IV.DAT
T240,240,42,0.5400004,0.00101872,-2.9919451674802335,Forward,0.9195463405989722,AS240IV.DAT
T240,240,43,0.5300004,0.00099178,-3.003584653836012,Forward,0.9195463405989722,AS240IV.DAT
T240,240,44,0.5200005,0.000965,-3.0154726866562074,Forward,0.9195463405989722,AS240IV.DAT
T240,240,45,0.5100005,0.00093843,-3.027598117019765,Forward,0.9195463405989722,AS240IV.DAT
T240,240,46,0.5000005,0.00091188,-3.0400623094421646,Forward,0.9195463405989722,AS240IV.DAT
T240,240,47,0.4900005,0.0008854,-3.052860482357171,Forward,0.9195463405989722,AS240IV.DAT
T240,240,48,0.4800005,0.00085907,-3.065971446907843,Forward,0.9195463405989722,AS240IV.DAT
T240,240,49,0.4700005,0.00083263,-3.079547945359238,Forward,0.9195463405989722,AS240IV.DAT
T240,240,50,0.4600005,0.00080649,-3.0934010132368845,Forward,0.9195463405989722,AS240IV.DAT
T240,240,51,0.4500005,0.00078051,-3.107621528326102,Forward,0.9195463405989722,AS240IV.DAT
T240,240,52,0.4400005,0.00075464,-3.1222601785693342,Forward,0.9195463405989722,AS240IV.DAT
T240,240,53,0.4300005,0.00072888,-3.137343966370129,Forward,0.9195463405989722,AS240IV.DAT
T240,240,54,0.4200006,0.0007033,-3.152859382586594,Forward,0.9195463405989722,AS240IV.DAT
T240,240,55,0.4100006,0.00067788,-3.1688471792160477,Forward,0.9195463405989722,AS240IV.DAT
T240,240,56,0.4000006,0.00065247,-3.1854394520111065,Forward,0.9195463405989722,AS240IV.DAT
T240,240,57,0.3900006,0.00062733,-3.2025039432566693,Forward,0.9195463405989722,AS240IV.DAT
T240,240,58,0.3800006,0.0006024,-3.2201150368073557,Forward,0.9195463405989722,AS240IV.DAT
T240,240,59,0.3700006,0.00057758,-3.2383878535963477,Forward,0.9195463405989722,AS240IV.DAT
T240,240,60,0.3600006,0.00055298,-3.25729057583221,Forward,0.9195463405989722,AS240IV.DAT
T240,240,61,0.3500006,0.00052859,-3.2768810572200087,Forward,0.9195463405989722,AS240IV.DAT
T240,240,62,0.3400006,0.00050428,-3.2973282558382473,Forward,0.9195463405989722,AS240IV.DAT
T240,240,63,0.3300006,0.00048027,-3.3185145406593324,Forward,0.9195463405989722,AS240IV.DAT
T240,240,64,0.3200006,0.00045654,-3.340521165515805,Forward,0.9195463405989722,AS240IV.DAT
T240,240,65,0.3100007,0.00043304,-3.3634719859169953,Forward,0.9195463405989722,AS240IV.DAT
T240,240,66,0.3000007,0.00040982,-3.387406851016106,Forward,0.9195463405989722,AS240IV.DAT
T240,240,67,0.2900007,0.00038689,-3.412412495403968,Forward,0.9195463405989722,AS240IV.DAT
T240,240,68,0.2800007,0.00036419,-3.43867198331991,Forward,0.9195463405989722,AS240IV.DAT
T240,240,69,0.2700007,0.00034178,-3.4662533545578507,Forward,0.9195463405989722,AS240IV.DAT
T240,240,70,0.2600007,0.00031983,-3.495080801930038,Forward,0.9195463405989722,AS240IV.DAT
T240,240,71,0.2500007,0.0002982,-3.525492360883024,Forward,0.9195463405989722,AS240IV.DAT
T240,240,72,0.2400007,0.00027698,-3.557551589069931,Forward,0.9195463405989722,AS240IV.DAT
T240,240,73,0.2300007,0.00025619,-3.5914378263070943,Forward,0.9195463405989722,AS240IV.DAT
T240,240,74,0.2200007,0.0002562,-3.5914208745913325,Forward,0.9195463405989722,AS240IV.DAT
T240,240,75,0.2100007,0.00023585,-3.6273641194182793,Forward,0.9195463405989722,AS240IV.DAT
T240,240,76,0.2000007,0.00021593,-3.665687015241769,Forward,0.9195463405989722,AS240IV.DAT
T240,240,77,0.1900007,0.000196683,-3.7062331760504277,Forward,0.9195463405989722,AS240IV.DAT
T240,240,78,0.1800007,0.000177983,-3.749621477234781,Forward,0.9195463405989722,AS240IV.DAT
T240,240,79,0.1700007,0.000159887,-3.7961868461836112,Forward,0.9195463405989722,AS240IV.DAT
T240,240,80,0.1600007,0.000142476,-3.84625828614948,Forward,0.9195463405989722,AS240IV.DAT
T240,240,81,0.1500007,0.000125863,-3.9001019208650454,Forward,0.9195463405989722,AS240IV.DAT
T240,240,82,0.1400007,0.000110005,-3.958587574632144,Forward,0.9195463405989722,AS240IV.DAT
T240,240,83,0.1300007,9.5078e-05,-4.021919962388738,Forward,0.9195463405989722,AS240IV.DAT
T240,240,84,0.1200007,8.1141e-05,-4.090759644255482,Forward,0.9195463405989722,AS240IV.DAT
T240,240,85,0.1100007,6.8243e-05,-4.1659418895954055,Forward,0.9195463405989722,AS240IV.DAT
T240,240,86,0.1000007,5.6446e-05,-4.2483668285747616,Forward,0.9195463405989722,AS240IV.DAT
T240,240,87,0.09000066,4.5852e-05,-4.338641716263966,Forward,0.9195463405989722,AS240IV.DAT
T240,240,88,0.08000066,3.645e-05,-4.4383024673460065,Forward,0.9195463405989722,AS240IV.DAT
T240,240,89,0.07000066,2.8279e-05,-4.548535952094394,Forward,0.9195463405989722,AS240IV.DAT
T240,240,90,0.06000067,2.1416e-05,-4.669261641821124,Forward,0.9195463405989722,AS240IV.DAT
T240,240,91,0.05000067,1.57468e-05,-4.802807688448437,Forward,0.9195463405989722,AS240IV.DAT
T240,240,92,0.04000067,1.11612e-05,-4.952289109577536,Forward,0.9195463405989722,AS240IV.DAT
T240,240,93,0.03000067,7.5695e-06,-5.1209328066838875,Forward,0.9195463405989722,AS240IV.DAT
T240,240,94,0.02000067,4.8229e-06,-5.316691742825874,Forward,0.9195463405989722,AS240IV.DAT
T240,240,95,0.01000067,2.7475e-06,-5.561062298904472,Forward,0.9195463405989722,AS240IV.DAT
T240,240,96,6.705523e-07,1.22549e-06,-5.911690228240984,Forward,0.9195463405989722,AS240IV.DAT
T240,240,97,-0.009999329,7.5469e-10,-9.12223140457809,Reverse,0.9195463405989722,AS240IV.DAT
T240,240,98,-0.01999933,7.1537e-07,-6.1454692765265015,Reverse,0.9195463405989722,AS240IV.DAT
T240,240,99,-0.02999933,1.2982e-06,-5.886658395204895,Reverse,0.9195463405989722,AS240IV.DAT
T240,240,100,-0.03999933,1.73742e-06,-5.7600951834909,Reverse,0.9195463405989722,AS240IV.DAT
T240,240,101,-0.04999933,2.06377e-06,-5.685338704959895,Reverse,0.9195463405989722,AS240IV.DAT
T240,240,102,-0.05999932,2.3136e-06,-5.635711724385563,Reverse,0.9195463405989722,AS240IV.DAT
T240,240,103,-0.06999932,2.5112e-06,-5.600118697308014,Reverse,0.9195463405989722,AS240IV.DAT
T240,240,104,-0.07999932,2.6733e-06,-5.572952301612426,Reverse,0.9195463405989722,AS240IV.DAT
T240,240,105,-0.08999932,2.812e-06,-5.550984683652214,Reverse,0.9195463405989722,AS240IV.DAT
T240,240,106,-0.09999932,2.9326e-06,-5.532747169763934,Reverse,0.9195463405989722,AS240IV.DAT
T240,240,107,-0.1099993,3.0419e-06,-5.516855067127871,Reverse,0.9195463405989722,AS240IV.DAT
T240,240,108,-0.1199993,3.1374e-06,-5.503430107786701,Reverse,0.9195463405989722,AS240IV.DAT
T240,240,109,-0.1299993,3.2322e-06,-5.490501774070402,Reverse,0.9195463405989722,AS240IV.DAT
T240,240,110,-0.1399993,3.3221e-06,-5.478587298797767,Reverse,0.9195463405989722,AS240IV.DAT
T240,240,111,-0.1499993,3.4087e-06,-5.467411219386465,Reverse,0.9195463405989722,AS240IV.DAT
T240,240,112,-0.1599993,3.4934e-06,-5.456751684088406,Reverse,0.9195463405989722,AS240IV.DAT
T240,240,113,-0.1699993,3.5717e-06,-5.447125026215773,Reverse,0.9195463405989722,AS240IV.DAT
T240,240,114,-0.1799993,3.6519e-06,-5.437481123263368,Reverse,0.9195463405989722,AS240IV.DAT
T240,240,115,-0.1899993,3.7252e-06,-5.4288504057171165,Reverse,0.9195463405989722,AS240IV.DAT
T240,240,116,-0.1999993,3.8034e-06,-5.41982799784438,Reverse,0.9195463405989722,AS240IV.DAT
T240,240,117,-0.2099994,3.8759e-06,-5.41162743647381,Reverse,0.9195463405989722,AS240IV.DAT
T240,240,118,-0.2199994,3.9505e-06,-5.403347933867561,Reverse,0.9195463405989722,AS240IV.DAT
T240,240,119,-0.2299994,4.0232e-06,-5.395428377387129,Reverse,0.9195463405989722,AS240IV.DAT
T240,240,120,-0.2399994,4.1018e-06,-5.387025519251399,Reverse,0.9195463405989722,AS240IV.DAT
T240,240,121,-0.2499994,4.1747e-06,-5.379374728090753,Reverse,0.9195463405989722,AS240IV.DAT
T240,240,122,-0.2599994,4.2522e-06,-5.3713863168548395,Reverse,0.9195463405989722,AS240IV.DAT
T240,240,123,-0.2699994,4.328e-06,-5.363712747901487,Reverse,0.9195463405989722,AS240IV.DAT
T240,240,124,-0.2799993,4.4085e-06,-5.355709154871706,Reverse,0.9195463405989722,AS240IV.DAT
T240,240,125,-0.2899993,4.4753e-06,-5.3491778466100675,Reverse,0.9195463405989722,AS240IV.DAT
T240,240,126,-0.2999993,4.5466e-06,-5.342313252400169,Reverse,0.9195463405989722,AS240IV.DAT
T240,240,127,-0.3099993,4.6162e-06,-5.335715383341332,Reverse,0.9195463405989722,AS240IV.DAT
T240,240,128,-0.3199993,4.6913e-06,-5.328706793832072,Reverse,0.9195463405989722,AS240IV.DAT
T240,240,129,-0.3299993,4.764e-06,-5.32202824718926,Reverse,0.9195463405989722,AS240IV.DAT
T240,240,130,-0.3399993,4.8403e-06,-5.3151277201103655,Reverse,0.9195463405989722,AS240IV.DAT
T240,240,131,-0.3499993,4.9152e-06,-5.308458805984601,Reverse,0.9195463405989722,AS240IV.DAT
T240,240,132,-0.3599993,5.0014e-06,-5.300908410230215,Reverse,0.9195463405989722,AS240IV.DAT
T240,240,133,-0.3699993,5.0675e-06,-5.295206242634953,Reverse,0.9195463405989722,AS240IV.DAT
T240,240,134,-0.3799993,5.1364e-06,-5.289341162698471,Reverse,0.9195463405989722,AS240IV.DAT
T240,240,135,-0.3899992,5.2165e-06,-5.282620788281913,Reverse,0.9195463405989722,AS240IV.DAT
T240,240,136,-0.3999992,5.3032e-06,-5.275461993990526,Reverse,0.9195463405989722,AS240IV.DAT
T240,240,137,-0.4099992,5.3565e-06,-5.271118890751537,Reverse,0.9195463405989722,AS240IV.DAT
T240,240,138,-0.4199992,5.4494e-06,-5.263651312591957,Reverse,0.9195463405989722,AS240IV.DAT
T240,240,139,-0.4299992,5.5145e-06,-5.258493858941837,Reverse,0.9195463405989722,AS240IV.DAT
T240,240,140,-0.4399992,5.5971e-06,-5.252036933747152,Reverse,0.9195463405989722,AS240IV.DAT
T240,240,141,-0.4499992,5.6874e-06,-5.245086226348896,Reverse,0.9195463405989722,AS240IV.DAT
T240,240,142,-0.4599992,5.7595e-06,-5.239615217386908,Reverse,0.9195463405989722,AS240IV.DAT
T240,240,143,-0.4699992,5.8198e-06,-5.235091939815547,Reverse,0.9195463405989722,AS240IV.DAT
T240,240,144,-0.4799992,5.9418e-06,-5.226081970566383,Reverse,0.9195463405989722,AS240IV.DAT
T240,240,145,-0.4899991,6.025e-06,-5.220042948753094,Reverse,0.9195463405989722,AS240IV.DAT
T240,240,146,-0.4999991,6.1022e-06,-5.214513562430589,Reverse,0.9195463405989722,AS240IV.DAT
T240,240,147,-0.5099992,6.179e-06,-5.209081804785422,Reverse,0.9195463405989722,AS240IV.DAT
T240,240,148,-0.5199991,6.287e-06,-5.201556539649813,Reverse,0.9195463405989722,AS240IV.DAT
T240,240,149,-0.5299991,6.3802e-06,-5.195165707245141,Reverse,0.9195463405989722,AS240IV.DAT
T240,240,150,-0.5399991,6.4573e-06,-5.189949036217982,Reverse,0.9195463405989722,AS240IV.DAT
T240,240,151,-0.5499991,6.5449e-06,-5.184096984679302,Reverse,0.9195463405989722,AS240IV.DAT
T240,240,152,-0.5599991,6.5951e-06,-5.1807786149593245,Reverse,0.9195463405989722,AS240IV.DAT
T240,240,153,-0.5699991,6.6927e-06,-5.174398641792348,Reverse,0.9195463405989722,AS240IV.DAT
T240,240,154,-0.5799991,6.7679e-06,-5.169546066897082,Reverse,0.9195463405989722,AS240IV.DAT
T240,240,155,-0.5899991,6.8703e-06,-5.1630242985299795,Reverse,0.9195463405989722,AS240IV.DAT
T240,240,156,-0.5999991,6.9942e-06,-5.155261953145662,Reverse,0.9195463405989722,AS240IV.DAT
T240,240,157,-0.6099991,7.0551e-06,-5.151496826113687,Reverse,0.9195463405989722,AS240IV.DAT
T240,240,158,-0.6199991,7.1612e-06,-5.145014197006238,Reverse,0.9195463405989722,AS240IV.DAT
T240,240,159,-0.629999,7.2489e-06,-5.139727891384163,Reverse,0.9195463405989722,AS240IV.DAT
T240,240,160,-0.639999,7.3337e-06,-5.134676859716211,Reverse,0.9195463405989722,AS240IV.DAT
T240,240,161,-0.649999,7.468e-06,-5.126795690722959,Reverse,0.9195463405989722,AS240IV.DAT
T240,240,162,-0.659999,7.5772e-06,-5.120491249407553,Reverse,0.9195463405989722,AS240IV.DAT
T240,240,163,-0.669999,7.6734e-06,-5.1150121622495615,Reverse,0.9195463405989722,AS240IV.DAT
T240,240,164,-0.679999,7.7782e-06,-5.109120894078804,Reverse,0.9195463405989722,AS240IV.DAT
T240,240,165,-0.689999,7.8686e-06,-5.10410253147333,Reverse,0.9195463405989722,AS240IV.DAT
T240,240,166,-0.699999,7.954e-06,-5.099414413350038,Reverse,0.9195463405989722,AS240IV.DAT
T240,240,167,-0.709999,8.0882e-06,-5.092148118319321,Reverse,0.9195463405989722,AS240IV.DAT
T240,240,168,-0.719999,8.1703e-06,-5.087761996594566,Reverse,0.9195463405989722,AS240IV.DAT
T240,240,169,-0.7299989,8.2706e-06,-5.082462982921818,Reverse,0.9195463405989722,AS240IV.DAT
T240,240,170,-0.7399989,8.3887e-06,-5.07630533673638,Reverse,0.9195463405989722,AS240IV.DAT
T240,240,171,-0.7499989,8.4972e-06,-5.070724159565675,Reverse,0.9195463405989722,AS240IV.DAT
T240,240,172,-0.7599989,8.6057e-06,-5.065213797762586,Reverse,0.9195463405989722,AS240IV.DAT
T240,240,173,-0.7699989,8.7166e-06,-5.059652883092986,Reverse,0.9195463405989722,AS240IV.DAT
T240,240,174,-0.7799989,8.8322e-06,-5.053931105159154,Reverse,0.9195463405989722,AS240IV.DAT
T240,240,175,-0.7899989,8.951e-06,-5.0481284428716355,Reverse,0.9195463405989722,AS240IV.DAT
T240,240,176,-0.7999989,9.0577e-06,-5.042982067678474,Reverse,0.9195463405989722,AS240IV.DAT
T240,240,177,-0.8099989,9.147e-06,-5.038721320914957,Reverse,0.9195463405989722,AS240IV.DAT
T240,240,178,-0.8199989,9.2291e-06,-5.0348406482797445,Reverse,0.9195463405989722,AS240IV.DAT
T240,240,179,-0.8299989,9.3796e-06,-5.02781568203638,Reverse,0.9195463405989722,AS240IV.DAT
T240,240,180,-0.8399988,9.4816e-06,-5.023118370200043,Reverse,0.9195463405989722,AS240IV.DAT
T240,240,181,-0.8499988,9.6183e-06,-5.016901681170231,Reverse,0.9195463405989722,AS240IV.DAT
T240,240,182,-0.8599988,9.7174e-06,-5.012449919919403,Reverse,0.9195463405989722,AS240IV.DAT
T240,240,183,-0.8699988,9.8594e-06,-5.0061495135190075,Reverse,0.9195463405989722,AS240IV.DAT
T240,240,184,-0.8799988,9.9474e-06,-5.0022904180691325,Reverse,0.9195463405989722,AS240IV.DAT
T240,240,185,-0.8899988,1.00783e-05,-4.996612718176578,Reverse,0.9195463405989722,AS240IV.DAT
T240,240,186,-0.8999988,1.02161e-05,-4.990714864644834,Reverse,0.9195463405989722,AS240IV.DAT
T240,240,187,-0.9099988,1.03208e-05,-4.986286637774726,Reverse,0.9195463405989722,AS240IV.DAT
T240,240,188,-0.9199988,1.0448e-05,-4.980966836069001,Reverse,0.9195463405989722,AS240IV.DAT
T240,240,189,-0.9299988,1.06029e-05,-4.974575334570594,Reverse,0.9195463405989722,AS240IV.DAT
T240,240,190,-0.9399987,1.07116e-05,-4.9701456534191495,Reverse,0.9195463405989722,AS240IV.DAT
T240,240,191,-0.9499987,1.07306e-05,-4.969375993839831,Reverse,0.9195463405989722,AS240IV.DAT
T240,240,192,-0.9599987,1.08503e-05,-4.964558253839103,Reverse,0.9195463405989722,AS240IV.DAT
T240,240,193,-0.9699987,1.09786e-05,-4.959453037940583,Reverse,0.9195463405989722,AS240IV.DAT
T240,240,194,-0.9799987,1.11679e-05,-4.952028483478313,Reverse,0.9195463405989722,AS240IV.DAT
T240,240,195,-0.9899987,1.12882e-05,-4.947375304522409,Reverse,0.9195463405989722,AS240IV.DAT
T240,240,196,-0.9999987,1.13957e-05,-4.943258992396717,Reverse,0.9195463405989722,AS240IV.DAT
T240,240,197,-1.009999,1.15604e-05,-4.937027138684751,Reverse,0.9195463405989722,AS240IV.DAT
T240,240,198,-1.019999,1.17892e-05,-4.928515664571877,Reverse,0.9195463405989722,AS240IV.DAT
T240,240,199,-1.029999,1.19306e-05,-4.923337714742338,Reverse,0.9195463405989722,AS240IV.DAT
T240,240,200,-1.039999,1.20662e-05,-4.918429480430477,Reverse,0.9195463405989722,AS240IV.DAT
T240,240,201,-1.049999,1.22233e-05,-4.9128115290925045,Reverse,0.9195463405989722,AS240IV.DAT
T240,240,202,-1.059999,1.23604e-05,-4.9079674746370205,Reverse,0.9195463405989722,AS240IV.DAT
T240,240,203,-1.069999,1.2499e-05,-4.903124731940312,Reverse,0.9195463405989722,AS240IV.DAT
T240,240,204,-1.079999,1.25307e-05,-4.9020246674219825,Reverse,0.9195463405989722,AS240IV.DAT
T240,240,205,-1.089999,1.26631e-05,-4.897459963506036,Reverse,0.9195463405989722,AS240IV.DAT
T240,240,206,-1.099999,1.28737e-05,-4.890296615594081,Reverse,0.9195463405989722,AS240IV.DAT
T240,240,207,-1.109999,1.28835e-05,-4.889966138203057,Reverse,0.9195463405989722,AS240IV.DAT
T240,240,208,-1.119999,1.31284e-05,-4.881788199539797,Reverse,0.9195463405989722,AS240IV.DAT
T240,240,209,-1.129999,1.33019e-05,-4.876086321395225,Reverse,0.9195463405989722,AS240IV.DAT
T240,240,210,-1.139999,1.34424e-05,-4.871523185619653,Reverse,0.9195463405989722,AS240IV.DAT
T240,240,211,-1.149999,1.36324e-05,-4.865427679381649,Reverse,0.9195463405989722,AS240IV.DAT
T240,240,212,-1.159999,1.36664e-05,-4.864345872121273,Reverse,0.9195463405989722,AS240IV.DAT
T240,240,213,-1.169999,1.38102e-05,-4.859800031901642,Reverse,0.9195463405989722,AS240IV.DAT
T240,240,214,-1.179999,1.39471e-05,-4.855516085216667,Reverse,0.9195463405989722,AS240IV.DAT
T240,240,215,-1.189999,1.41513e-05,-4.8492036621260395,Reverse,0.9195463405989722,AS240IV.DAT
T240,240,216,-1.199998,1.43996e-05,-4.841649571807913,Reverse,0.9195463405989722,AS240IV.DAT
T240,240,217,-1.209998,1.4565e-05,-4.8366895110363135,Reverse,0.9195463405989722,AS240IV.DAT
T240,240,218,-1.219998,1.45777e-05,-4.836310991525814,Reverse,0.9195463405989722,AS240IV.DAT
T240,240,219,-1.229998,1.47196e-05,-4.8321039916393556,Reverse,0.9195463405989722,AS240IV.DAT
T240,240,220,-1.239998,1.4978e-05,-4.824546173749517,Reverse,0.9195463405989722,AS240IV.DAT
T240,240,221,-1.249998,1.51227e-05,-4.820370663172272,Reverse,0.9195463405989722,AS240IV.DAT
T240,240,222,-1.259998,1.52933e-05,-4.8154987920792625,Reverse,0.9195463405989722,AS240IV.DAT
T240,240,223,-1.269998,1.5451e-05,-4.811043407473601,Reverse,0.9195463405989722,AS240IV.DAT
T240,240,224,-1.279998,1.5653e-05,-4.8054024147574905,Reverse,0.9195463405989722,AS240IV.DAT
T240,240,225,-1.289998,1.58395e-05,-4.800258531753357,Reverse,0.9195463405989722,AS240IV.DAT
T240,240,226,-1.299998,1.60375e-05,-4.794863330617015,Reverse,0.9195463405989722,AS240IV.DAT
T240,240,227,-1.309998,1.62302e-05,-4.78967612845712,Reverse,0.9195463405989722,AS240IV.DAT
T240,240,228,-1.319998,1.62302e-05,-4.78967612845712,Reverse,0.9195463405989722,AS240IV.DAT
T240,240,229,-1.329998,1.64247e-05,-4.7845025541599275,Reverse,0.9195463405989722,AS240IV.DAT
T240,240,230,-1.339998,1.6547e-05,-4.781280733099507,Reverse,0.9195463405989722,AS240IV.DAT
T240,240,231,-1.349998,1.67045e-05,-4.7771665191572925,Reverse,0.9195463405989722,AS240IV.DAT
T240,240,232,-1.359998,1.69497e-05,-4.7708379841569215,Reverse,0.9195463405989722,AS240IV.DAT
T240,240,233,-1.369998,1.69497e-05,-4.7708379841569215,Reverse,0.9195463405989722,AS240IV.DAT
T240,240,234,-1.379998,1.72373e-05,-4.7635307597950804,Reverse,0.9195463405989722,AS240IV.DAT
T240,240,235,-1.389998,1.74749e-05,-4.757585300822479,Reverse,0.9195463405989722,AS240IV.DAT
T240,240,236,-1.399998,1.7693e-05,-4.752198522489828,Reverse,0.9195463405989722,AS240IV.DAT
T240,240,237,-1.409998,1.78178e-05,-4.749145920211787,Reverse,0.9195463405989722,AS240IV.DAT
T240,240,238,-1.419998,1.80092e-05,-4.744505578868543,Reverse,0.9195463405989722,AS240IV.DAT
T240,240,239,-1.429998,1.81944e-05,-4.740062261648816,Reverse,0.9195463405989722,AS240IV.DAT
T240,240,240,-1.439998,1.8382e-05,-4.735607238232283,Reverse,0.9195463405989722,AS240IV.DAT
T240,240,241,-1.449998,1.8548e-05,-4.731702912776234,Reverse,0.9195463405989722,AS240IV.DAT
T240,240,242,-1.459998,1.87809e-05,-4.726283599734006,Reverse,0.9195463405989722,AS240IV.DAT
T240,240,243,-1.469998,1.89394e-05,-4.7226337835596,Reverse,0.9195463405989722,AS240IV.DAT
T240,240,244,-1.479998,1.9148e-05,-4.717876581190089,Reverse,0.9195463405989722,AS240IV.DAT
T240,240,245,-1.489998,1.94644e-05,-4.710758979087114,Reverse,0.9195463405989722,AS240IV.DAT
T240,240,246,-1.499998,1.95997e-05,-4.707750576058916,Reverse,0.9195463405989722,AS240IV.DAT
T240,240,247,-1.509998,1.97723e-05,-4.703942808723291,Reverse,0.9195463405989722,AS240IV.DAT
T240,240,248,-1.519998,1.99461e-05,-4.700142007949933,Reverse,0.9195463405989722,AS240IV.DAT
T240,240,249,-1.529998,2.01572e-05,-4.695569795093739,Reverse,0.9195463405989722,AS240IV.DAT
T240,240,250,-1.539998,2.03661e-05,-4.691092128125069,Reverse,0.9195463405989722,AS240IV.DAT
T240,240,251,-1.549998,2.05892e-05,-4.686360527706169,Reverse,0.9195463405989722,AS240IV.DAT
T240,240,252,-1.559998,2.06216e-05,-4.685677641466987,Reverse,0.9195463405989722,AS240IV.DAT
T240,240,253,-1.569998,2.08873e-05,-4.680117695533608,Reverse,0.9195463405989722,AS240IV.DAT
T240,240,254,-1.579998,2.1123e-05,-4.675244400962082,Reverse,0.9195463405989722,AS240IV.DAT
T240,240,255,-1.589998,2.1352e-05,-4.670561439220549,Reverse,0.9195463405989722,AS240IV.DAT
T240,240,256,-1.599998,2.1585e-05,-4.665847947007713,Reverse,0.9195463405989722,AS240IV.DAT
T240,240,257,-1.609998,2.18e-05,-4.661543506395395,Reverse,0.9195463405989722,AS240IV.DAT
T240,240,258,-1.619998,2.1998e-05,-4.657616802289045,Reverse,0.9195463405989722,AS240IV.DAT
T240,240,259,-1.629998,2.2187e-05,-4.65390141662901,Reverse,0.9195463405989722,AS240IV.DAT
T240,240,260,-1.639998,2.2401e-05,-4.6497325939520815,Reverse,0.9195463405989722,AS240IV.DAT
T240,240,261,-1.649998,2.2547e-05,-4.646911235166052,Reverse,0.9195463405989722,AS240IV.DAT
T240,240,262,-1.659998,2.2831e-05,-4.641475065953011,Reverse,0.9195463405989722,AS240IV.DAT
T240,240,263,-1.669998,2.3007e-05,-4.638140007510706,Reverse,0.9195463405989722,AS240IV.DAT
T240,240,264,-1.679998,2.3231e-05,-4.633932095187519,Reverse,0.9195463405989722,AS240IV.DAT
T240,240,265,-1.689998,2.3506e-05,-4.628821268183713,Reverse,0.9195463405989722,AS240IV.DAT
T240,240,266,-1.699998,2.3696e-05,-4.625324958822866,Reverse,0.9195463405989722,AS240IV.DAT
T240,240,267,-1.709998,2.4046e-05,-4.618957157228091,Reverse,0.9195463405989722,AS240IV.DAT
T240,240,268,-1.719998,2.4135e-05,-4.617352696845289,Reverse,0.9195463405989722,AS240IV.DAT
T240,240,269,-1.729998,2.443e-05,-4.612076533026563,Reverse,0.9195463405989722,AS240IV.DAT
T240,240,270,-1.739998,2.4756e-05,-4.606319525979224,Reverse,0.9195463405989722,AS240IV.DAT
T240,240,271,-1.749998,2.4909e-05,-4.603643707357087,Reverse,0.9195463405989722,AS240IV.DAT
T240,240,272,-1.759998,2.5133e-05,-4.5997556687618495,Reverse,0.9195463405989722,AS240IV.DAT
T240,240,273,-1.769998,2.54e-05,-4.5951662833800615,Reverse,0.9195463405989722,AS240IV.DAT
T240,240,274,-1.779998,2.5628e-05,-4.591285284680177,Reverse,0.9195463405989722,AS240IV.DAT
T240,240,275,-1.789998,2.586e-05,-4.587371479455625,Reverse,0.9195463405989722,AS240IV.DAT
T240,240,276,-1.799998,2.6168e-05,-4.5822294688830745,Reverse,0.9195463405989722,AS240IV.DAT
T240,240,277,-1.809998,2.6388e-05,-4.578593524591585,Reverse,0.9195463405989722,AS240IV.DAT
T240,240,278,-1.819998,2.6635e-05,-4.574547298879152,Reverse,0.9195463405989722,AS240IV.DAT
T240,240,279,-1.829998,2.6913e-05,-4.570037888604636,Reverse,0.9195463405989722,AS240IV.DATT240,240,280,-1.839998,2.7194e-05,-4.56552690678692,Reverse,0.9195463405989722,AS240IV.DAT
T240,240,281,-1.849998,2.7445e-05,-4.561536764882367,Reverse,0.9195463405989722,AS240IV.DAT
T240,240,282,-1.859998,2.7761e-05,-4.556564893885058,Reverse,0.9195463405989722,AS240IV.DAT
T240,240,283,-1.869998,2.801e-05,-4.552686891176432,Reverse,0.9195463405989722,AS240IV.DAT
T240,240,284,-1.879998,2.8351e-05,-4.547431618011901,Reverse,0.9195463405989722,AS240IV.DAT
T240,240,285,-1.889998,2.8576e-05,-4.543998562791548,Reverse,0.9195463405989722,AS240IV.DAT
T240,240,286,-1.899998,2.8834e-05,-4.540095105880022,Reverse,0.9195463405989722,AS240IV.DAT
T240,240,287,-1.909998,2.9197e-05,-4.534661770139912,Reverse,0.9195463405989722,AS240IV.DAT
T240,240,288,-1.919998,2.9387e-05,-4.531844747032066,Reverse,0.9195463405989722,AS240IV.DAT
T240,240,289,-1.929998,2.9725e-05,-4.5268781367092705,Reverse,0.9195463405989722,AS240IV.DAT
T240,240,290,-1.939998,2.9993e-05,-4.522980092483748,Reverse,0.9195463405989722,AS240IV.DAT
T240,240,291,-1.949998,3.0153e-05,-4.520669472292322,Reverse,0.9195463405989722,AS240IV.DAT
T240,240,292,-1.959998,3.0451e-05,-4.516398440720735,Reverse,0.9195463405989722,AS240IV.DAT
T240,240,293,-1.969998,3.0686e-05,-4.513059719295304,Reverse,0.9195463405989722,AS240IV.DAT
T240,240,294,-1.979998,3.0927e-05,-4.509662205655897,Reverse,0.9195463405989722,AS240IV.DAT
T240,240,295,-1.989998,3.1108e-05,-4.507127909716913,Reverse,0.9195463405989722,AS240IV.DAT
T240,240,296,-1.999998,3.1374e-05,-4.5034301077867,Reverse,0.9195463405989722,AS240IV.DAT
T240,240,297,-2.009998,3.1569e-05,-4.500739174881946,Reverse,0.9195463405989722,AS240IV.DAT
T260,260,1,0.9000001,0.00219782,-2.658007878886056,Forward,0.9352919971160779,AS260IV.DAT
T260,260,2,0.8900001,0.00216731,-2.664078965163581,Forward,0.9352919971160779,AS260IV.DAT
T260,260,3,0.8800001,0.00213691,-2.6702137685829874,Forward,0.9352919971160779,AS260IV.DAT
T260,260,4,0.8700001,0.00210672,-2.6763931817794395,Forward,0.9352919971160779,AS260IV.DAT
T260,260,5,0.8600001,0.00207643,-2.6826827051157,Forward,0.9352919971160779,AS260IV.DAT
T260,260,6,0.8500001,0.00204601,-2.6890922479776194,Forward,0.9352919971160779,AS260IV.DAT
T260,260,7,0.8400002,0.00201588,-2.695535323857932,Forward,0.9352919971160779,AS260IV.DAT
T260,260,8,0.8300002,0.00198585,-2.7020535587774637,Forward,0.9352919971160779,AS260IV.DAT
T260,260,9,0.8200002,0.00195581,-2.70867333766677,Forward,0.9352919971160779,AS260IV.DAT
T260,260,10,0.8100002,0.00192578,-2.7153933279297093,Forward,0.9352919971160779,AS260IV.DAT
T260,260,11,0.8000002,0.00189588,-2.7221891548603563,Forward,0.9352919971160779,AS260IV.DAT
T260,260,12,0.7900002,0.00186591,-2.7291093077738715,Forward,0.9352919971160779,AS260IV.DAT
T260,260,13,0.7800002,0.00183616,-2.7360894777701144,Forward,0.9352919971160779,AS260IV.DAT
T260,260,14,0.7700002,0.00180645,-2.743174054591176,Forward,0.9352919971160779,AS260IV.DAT
T260,260,15,0.7600002,0.00177669,-2.7503883420506687,Forward,0.9352919971160779,AS260IV.DAT
T260,260,16,0.7500002,0.00174705,-2.7576946654730747,Forward,0.9352919971160779,AS260IV.DAT
T260,260,17,0.7400002,0.00171748,-2.765108311584401,Forward,0.9352919971160779,AS260IV.DAT
T260,260,18,0.7300003,0.0016879,-2.772653286818574,Forward,0.9352919971160779,AS260IV.DAT
T260,260,19,0.7200003,0.00165823,-2.7803552320467837,Forward,0.9352919971160779,AS260IV.DAT
T260,260,20,0.7100003,0.00162888,-2.788110909096927,Forward,0.9352919971160779,AS260IV.DAT
T260,260,21,0.7000003,0.0015995,-2.796015755579874,Forward,0.9352919971160779,AS260IV.DAT
T260,260,22,0.6900003,0.00157016,-2.8040560905356067,Forward,0.9352919971160779,AS260IV.DAT
T260,260,23,0.6800003,0.00154095,-2.8122114528301765,Forward,0.9352919971160779,AS260IV.DAT
T260,260,24,0.6700003,0.00151179,-2.8205085317020395,Forward,0.9352919971160779,AS260IV.DAT
T260,260,25,0.6600003,0.00148261,-2.8289730749480064,Forward,0.9352919971160779,AS260IV.DAT
T260,260,26,0.6500003,0.00145353,-2.837576000219661,Forward,0.9352919971160779,AS260IV.DAT
T260,260,27,0.6400003,0.00142454,-2.8463253515944724,Forward,0.9352919971160779,AS260IV.DAT
T260,260,28,0.6300004,0.00139559,-2.855242151118724,Forward,0.9352919971160779,AS260IV.DAT
T260,260,29,0.6200004,0.00136674,-2.864314095018777,Forward,0.9352919971160779,AS260IV.DAT
T260,260,30,0.6100004,0.00136674,-2.864314095018777,Forward,0.9352919971160779,AS260IV.DAT
T260,260,31,0.6000004,0.00133799,-2.873547132428471,Forward,0.9352919971160779,AS260IV.DAT
T260,260,32,0.5900004,0.00130925,-2.8829774174264764,Forward,0.9352919971160779,AS260IV.DAT
T260,260,33,0.5800004,0.00128042,-2.892647550849522,Forward,0.9352919971160779,AS260IV.DAT
T260,260,34,0.5700004,0.00125191,-2.9024268914996347,Forward,0.9352919971160779,AS260IV.DAT
T260,260,35,0.5600004,0.00122342,-2.9124244241008936,Forward,0.9352919971160779,AS260IV.DAT
T260,260,36,0.5500004,0.00119495,-2.9226502664132417,Forward,0.9352919971160779,AS260IV.DAT
T260,260,37,0.5400004,0.00116661,-2.9330743051851003,Forward,0.9352919971160779,AS260IV.DAT
T260,260,38,0.5300004,0.00113835,-2.9437241881178853,Forward,0.9352919971160779,AS260IV.DAT
T260,260,39,0.5200005,0.00111009,-2.954641809574722,Forward,0.9352919971160779,AS260IV.DAT
T260,260,40,0.5100005,0.00108204,-2.965756684277343,Forward,0.9352919971160779,AS260IV.DAT
T260,260,41,0.5000005,0.00105408,-2.9771264268463584,Forward,0.9352919971160779,AS260IV.DAT
T260,260,42,0.4900005,0.0010261,-2.9888103123900085,Forward,0.9352919971160779,AS260IV.DAT
T260,260,43,0.4800005,0.00099826,-3.0007563305971194,Forward,0.9352919971160779,AS260IV.DAT
T260,260,44,0.4700005,0.00097059,-3.012964187538755,Forward,0.9352919971160779,AS260IV.DAT
T260,260,45,0.4600005,0.0009428,-3.0255804261477137,Forward,0.9352919971160779,AS260IV.DAT
T260,260,46,0.4500005,0.00091527,-3.0384507723675047,Forward,0.9352919971160779,AS260IV.DAT
T260,260,47,0.4400005,0.00088789,-3.051640835293617,Forward,0.9352919971160779,AS260IV.DAT
T260,260,48,0.4300005,0.00086068,-3.0651582888091227,Forward,0.9352919971160779,AS260IV.DAT
T260,260,49,0.4200006,0.0008335,-3.079094395835976,Forward,0.9352919971160779,AS260IV.DAT
T260,260,50,0.4100006,0.00080649,-3.0934010132368845,Forward,0.9352919971160779,AS260IV.DAT
T260,260,51,0.4000006,0.00077961,-3.108122598855384,Forward,0.9352919971160779,AS260IV.DAT
T260,260,52,0.3900006,0.00075279,-3.123326158674403,Forward,0.9352919971160779,AS260IV.DAT
T260,260,53,0.3800006,0.00072623,-3.1389258146831818,Forward,0.9352919971160779,AS260IV.DAT
T260,260,54,0.3700006,0.00069976,-3.155050886482683,Forward,0.9352919971160779,AS260IV.DAT
T260,260,55,0.3600006,0.00067344,-3.171701091596053,Forward,0.9352919971160779,AS260IV.DAT
T260,260,56,0.3500006,0.00064734,-3.1888675565189883,Forward,0.9352919971160779,AS260IV.DAT
T260,260,57,0.3400006,0.00062141,-3.2066217621691124,Forward,0.9352919971160779,AS260IV.DAT
T260,260,58,0.3300006,0.00059549,-3.2251255271808414,Forward,0.9352919971160779,AS260IV.DAT
T260,260,59,0.3200006,0.00056992,-3.2441861022168506,Forward,0.9352919971160779,AS260IV.DAT
T260,260,60,0.3100007,0.00054461,-3.263914388510291,Forward,0.9352919971160779,AS260IV.DAT
T260,260,61,0.3000007,0.00051941,-3.284489693322403,Forward,0.9352919971160779,AS260IV.DAT
T260,260,62,0.2900007,0.00049449,-3.305842486652711,Forward,0.9352919971160779,AS260IV.DAT
T260,260,63,0.2800007,0.00046982,-3.3280684994682503,Forward,0.9352919971160779,AS260IV.DAT
T260,260,64,0.2700007,0.00044534,-3.3513082952143987,Forward,0.9352919971160779,AS260IV.DAT
T260,260,65,0.2600007,0.00042118,-3.375532259746433,Forward,0.9352919971160779,AS260IV.DAT
T260,260,66,0.2500007,0.00039734,-3.400837712556409,Forward,0.9352919971160779,AS260IV.DAT
T260,260,67,0.2400007,0.00037378,-3.427383940308748,Forward,0.9352919971160779,AS260IV.DAT
T260,260,68,0.2300007,0.00035052,-3.4552871969788255,Forward,0.9352919971160779,AS260IV.DAT
T260,260,69,0.2200007,0.00032766,-3.484576573080813,Forward,0.9352919971160779,AS260IV.DAT
T260,260,70,0.2100007,0.00030514,-3.515500858104509,Forward,0.9352919971160779,AS260IV.DAT
T260,260,71,0.2000007,0.00028304,-3.548152184434352,Forward,0.9352919971160779,AS260IV.DAT
T260,260,72,0.1900007,0.00026142,-3.5826611896806027,Forward,0.9352919971160779,AS260IV.DAT
T260,260,73,0.1800007,0.00024029,-3.619264302584309,Forward,0.9352919971160779,AS260IV.DAT
T260,260,74,0.1700007,0.00021967,-3.6582292499710722,Forward,0.9352919971160779,AS260IV.DAT
T260,260,75,0.1600007,0.00019972,-3.699578442616928,Forward,0.9352919971160779,AS260IV.DAT
T260,260,76,0.1500007,0.000180257,-3.7441078611308938,Forward,0.9352919971160779,AS260IV.DAT
T260,260,77,0.1400007,0.000161414,-3.7920588001030198,Forward,0.9352919971160779,AS260IV.DAT
T260,260,78,0.1300007,0.00014333,-3.8436628991291903,Forward,0.9352919971160779,AS260IV.DAT
T260,260,79,0.1200007,0.000126056,-3.8994364779932797,Forward,0.9352919971160779,AS260IV.DAT
T260,260,80,0.1100007,0.000109643,-3.960019090009399,Forward,0.9352919971160779,AS260IV.DAT
T260,260,81,0.1000007,9.4135e-05,-4.0262488730580746,Forward,0.9352919971160779,AS260IV.DAT
T260,260,82,0.09000066,7.9663e-05,-4.098743342680482,Forward,0.9352919971160779,AS260IV.DAT
T260,260,83,0.08000066,6.6264e-05,-4.178722351649131,Forward,0.9352919971160779,AS260IV.DAT
T260,260,84,0.07000066,5.3977e-05,-4.26779125686086,Forward,0.9352919971160779,AS260IV.DAT
T260,260,85,0.06000067,4.3018e-05,-4.366349784770378,Forward,0.9352919971160779,AS260IV.DAT
T260,260,86,0.05000067,3.3305e-05,-4.477490562007122,Forward,0.9352919971160779,AS260IV.DAT
T260,260,87,0.04000067,2.4882e-05,-4.604114714252338,Forward,0.9352919971160779,AS260IV.DAT
T260,260,88,0.03000067,1.77641e-05,-4.750456790704061,Forward,0.9352919971160779,AS260IV.DAT
T260,260,89,0.02000067,1.18429e-05,-4.926541937834203,Forward,0.9352919971160779,AS260IV.DAT
T260,260,90,0.01000067,7.0335e-06,-5.152828508205469,Forward,0.9352919971160779,AS260IV.DAT
T260,260,91,6.705523e-07,3.2433e-06,-5.489012877932438,Forward,0.9352919971160779,AS260IV.DAT
T260,260,92,-0.009999329,1.04924e-08,-7.979125161230615,Reverse,0.9352919971160779,AS260IV.DAT
T260,260,93,-0.01999933,1.99818e-06,-5.699365392243346,Reverse,0.9352919971160779,AS260IV.DAT
T260,260,94,-0.02999933,3.723e-06,-5.429106963781607,Reverse,0.9352919971160779,AS260IV.DAT
T260,260,95,-0.03999933,5.0436e-06,-5.297259363946938,Reverse,0.9352919971160779,AS260IV.DAT
T260,260,96,-0.04999933,6.054e-06,-5.217957583379446,Reverse,0.9352919971160779,AS260IV.DAT
T260,260,97,-0.05999932,6.8434e-06,-5.164728074541798,Reverse,0.9352919971160779,AS260IV.DAT
T260,260,98,-0.06999932,7.4695e-06,-5.126708468399941,Reverse,0.9352919971160779,AS260IV.DAT
T260,260,99,-0.07999932,7.9645e-06,-5.098841483397929,Reverse,0.9352919971160779,AS260IV.DAT
T260,260,100,-0.08999932,8.3845e-06,-5.076522830936904,Reverse,0.9352919971160779,AS260IV.DAT
T260,260,101,-0.09999932,8.7409e-06,-5.05844384826829,Reverse,0.9352919971160779,AS260IV.DAT
T260,260,102,-0.1099993,9.0788e-06,-5.041971551018427,Reverse,0.9352919971160779,AS260IV.DAT
T260,260,103,-0.1199993,9.3666e-06,-5.028418025889511,Reverse,0.9352919971160779,AS260IV.DAT
T260,260,104,-0.1299993,9.6181e-06,-5.0169107118512715,Reverse,0.9352919971160779,AS260IV.DAT
T260,260,105,-0.1399993,9.8964e-06,-5.0045227593892445,Reverse,0.9352919971160779,AS260IV.DAT
T260,260,106,-0.1499993,1.01247e-05,-4.994617836288583,Reverse,0.9352919971160779,AS260IV.DAT
T260,260,107,-0.1599993,1.03474e-05,-4.985168762043226,Reverse,0.9352919971160779,AS260IV.DAT
T260,260,108,-0.1699993,1.05886e-05,-4.975161457500435,Reverse,0.9352919971160779,AS260IV.DAT
T260,260,109,-0.1799993,1.07841e-05,-4.967216093615986,Reverse,0.9352919971160779,AS260IV.DAT
T260,260,110,-0.1899993,1.10178e-05,-4.957905115397507,Reverse,0.9352919971160779,AS260IV.DAT
T260,260,111,-0.1999993,1.11959e-05,-4.950940989237863,Reverse,0.9352919971160779,AS260IV.DAT
T260,260,112,-0.2099994,1.14488e-05,-4.941240031288245,Reverse,0.9352919971160779,AS260IV.DAT
T260,260,113,-0.2199994,1.16429e-05,-4.933938832647228,Reverse,0.9352919971160779,AS260IV.DAT
T260,260,114,-0.2299994,1.18518e-05,-4.926215685881596,Reverse,0.9352919971160779,AS260IV.DAT
T260,260,115,-0.2399994,1.20016e-05,-4.920760851881507,Reverse,0.9352919971160779,AS260IV.DAT
T260,260,116,-0.2499994,1.21773e-05,-4.914448994551074,Reverse,0.9352919971160779,AS260IV.DAT
T260,260,117,-0.2599994,1.26075e-05,-4.899371023168829,Reverse,0.9352919971160779,AS260IV.DAT
T260,260,118,-0.2699994,1.25925e-05,-4.899888040470251,Reverse,0.9352919971160779,AS260IV.DAT
T260,260,119,-0.2799993,1.28085e-05,-4.892501727387745,Reverse,0.9352919971160779,AS260IV.DAT
T260,260,120,-0.2899993,1.30891e-05,-4.883090214295024,Reverse,0.9352919971160779,AS260IV.DAT
T260,260,121,-0.2999993,1.3309e-05,-4.875854574938346,Reverse,0.9352919971160779,AS260IV.DAT
T260,260,122,-0.3099993,1.34855e-05,-4.870132946636724,Reverse,0.9352919971160779,AS260IV.DAT
T260,260,123,-0.3199993,1.37862e-05,-4.860555425372781,Reverse,0.9352919971160779,AS260IV.DAT
T260,260,124,-0.3299993,1.40095e-05,-4.853577364436988,Reverse,0.9352919971160779,AS260IV.DAT
T260,260,125,-0.3399993,1.41269e-05,-4.849953129064408,Reverse,0.9352919971160779,AS260IV.DAT
T260,260,126,-0.3499993,1.43223e-05,-4.843987233627335,Reverse,0.9352919971160779,AS260IV.DAT
T260,260,127,-0.3599993,1.44966e-05,-4.838733844274287,Reverse,0.9352919971160779,AS260IV.DAT
T260,260,128,-0.3699993,1.45239e-05,-4.837916749954525,Reverse,0.9352919971160779,AS260IV.DAT
T260,260,129,-0.3799993,1.47566e-05,-4.831013694771368,Reverse,0.9352919971160779,AS260IV.DAT
T260,260,130,-0.3899992,1.49752e-05,-4.8246273687171914,Reverse,0.9352919971160779,AS260IV.DAT
T260,260,131,-0.3999992,1.51757e-05,-4.818851267361379,Reverse,0.9352919971160779,AS260IV.DAT
T260,260,132,-0.4099992,1.53399e-05,-4.814177471520659,Reverse,0.9352919971160779,AS260IV.DAT
T260,260,133,-0.4199992,1.55576e-05,-4.808057398808309,Reverse,0.9352919971160779,AS260IV.DAT
T260,260,134,-0.4299992,1.57144e-05,-4.803702196362194,Reverse,0.9352919971160779,AS260IV.DAT
T260,260,135,-0.4399992,1.58661e-05,-4.79952981279336,Reverse,0.9352919971160779,AS260IV.DAT
T260,260,136,-0.4499992,1.61278e-05,-4.792424870864216,Reverse,0.9352919971160779,AS260IV.DAT
T260,260,137,-0.4599992,1.64094e-05,-4.784907298377315,Reverse,0.9352919971160779,AS260IV.DAT
T260,260,138,-0.4699992,1.64781e-05,-4.783092865884419,Reverse,0.9352919971160779,AS260IV.DAT
T260,260,139,-0.4799992,1.68921e-05,-4.772316356247861,Reverse,0.9352919971160779,AS260IV.DAT
T260,260,140,-0.4899991,1.73458e-05,-4.760805665405466,Reverse,0.9352919971160779,AS260IV.DAT
T260,260,141,-0.4999991,1.71662e-05,-4.765325831902531,Reverse,0.9352919971160779,AS260IV.DAT
T260,260,142,-0.5099992,1.73451e-05,-4.760823191969341,Reverse,0.9352919971160779,AS260IV.DAT
T260,260,143,-0.5199991,1.75508e-05,-4.7557030827498945,Reverse,0.9352919971160779,AS260IV.DAT
T260,260,144,-0.5299991,1.76552e-05,-4.753127358338528,Reverse,0.9352919971160779,AS260IV.DAT
T260,260,145,-0.5399991,1.80178e-05,-4.7442982381177,Reverse,0.9352919971160779,AS260IV.DAT
T260,260,146,-0.5499991,1.81037e-05,-4.742232655773615,Reverse,0.9352919971160779,AS260IV.DAT
T260,260,147,-0.5599991,1.83062e-05,-4.737401797167771,Reverse,0.9352919971160779,AS260IV.DAT
T260,260,148,-0.5699991,1.84685e-05,-4.733568376253152,Reverse,0.9352919971160779,AS260IV.DAT
T260,260,149,-0.5799991,1.86782e-05,-4.72866497862699,Reverse,0.9352919971160779,AS260IV.DAT
T260,260,150,-0.5899991,1.89313e-05,-4.722819562293928,Reverse,0.9352919971160779,AS260IV.DAT
T260,260,151,-0.5999991,1.93254e-05,-4.713871508224906,Reverse,0.9352919971160779,AS260IV.DAT
T260,260,152,-0.6099991,1.93981e-05,-4.712240806148411,Reverse,0.9352919971160779,AS260IV.DAT
T260,260,153,-0.6199991,1.97151e-05,-4.7052010157331345,Reverse,0.9352919971160779,AS260IV.DAT
T260,260,154,-0.629999,1.98091e-05,-4.703135255602937,Reverse,0.9352919971160779,AS260IV.DAT
T260,260,155,-0.639999,1.99771e-05,-4.699467556420756,Reverse,0.9352919971160779,AS260IV.DAT
T260,260,156,-0.649999,2.01803e-05,-4.695072381836663,Reverse,0.9352919971160779,AS260IV.DAT
T260,260,157,-0.659999,2.0535e-05,-4.687505292810329,Reverse,0.9352919971160779,AS260IV.DAT
T260,260,158,-0.669999,2.09267e-05,-4.679299251584157,Reverse,0.9352919971160779,AS260IV.DAT
T260,260,159,-0.679999,2.09148e-05,-4.679546284050679,Reverse,0.9352919971160779,AS260IV.DAT
T260,260,160,-0.689999,2.1127e-05,-4.675162167687157,Reverse,0.9352919971160779,AS260IV.DAT
T260,260,161,-0.699999,2.1336e-05,-4.67088699731818,Reverse,0.9352919971160779,AS260IV.DAT
T260,260,162,-0.709999,2.1242e-05,-4.672804595496767,Reverse,0.9352919971160779,AS260IV.DAT
T260,260,163,-0.719999,2.1572e-05,-4.6661095883838755,Reverse,0.9352919971160779,AS260IV.DAT
T260,260,164,-0.7299989,2.1744e-05,-4.662660560611581,Reverse,0.9352919971160779,AS260IV.DAT
T260,260,165,-0.7399989,2.1598e-05,-4.665586463162899,Reverse,0.9352919971160779,AS260IV.DAT
T260,260,166,-0.7499989,2.1904e-05,-4.659476569210085,Reverse,0.9352919971160779,AS260IV.DAT
T260,260,167,-0.7599989,2.2211e-05,-4.653431887885331,Reverse,0.9352919971160779,AS260IV.DAT
T260,260,168,-0.7699989,2.2278e-05,-4.652123800390197,Reverse,0.9352919971160779,AS260IV.DAT
T260,260,169,-0.7799989,2.2278e-05,-4.652123800390197,Reverse,0.9352919971160779,AS260IV.DAT
T260,260,170,-0.7899989,2.2604e-05,-4.64581470137414,Reverse,0.9352919971160779,AS260IV.DAT
T260,260,171,-0.7999989,2.2854e-05,-4.64103777695541,Reverse,0.9352919971160779,AS260IV.DAT
T260,260,172,-0.8099989,2.2917e-05,-4.639842235252658,Reverse,0.9352919971160779,AS260IV.DAT
T260,260,173,-0.8199989,2.3219e-05,-4.634156488466261,Reverse,0.9352919971160779,AS260IV.DAT
T260,260,174,-0.8299989,2.3277e-05,-4.633072993412252,Reverse,0.9352919971160779,AS260IV.DAT
T260,260,175,-0.8399988,2.3694e-05,-4.625361615879812,Reverse,0.9352919971160779,AS260IV.DAT
T260,260,176,-0.8499988,2.3873e-05,-4.622093001957683,Reverse,0.9352919971160779,AS260IV.DAT
T260,260,177,-0.8599988,2.4263e-05,-4.615055501783756,Reverse,0.9352919971160779,AS260IV.DAT
T260,260,178,-0.8699988,2.449e-05,-4.611011214875286,Reverse,0.9352919971160779,AS260IV.DAT
T260,260,179,-0.8799988,2.4916e-05,-4.603521677797897,Reverse,0.9352919971160779,AS260IV.DAT
T260,260,180,-0.8899988,2.5223e-05,-4.598203260111836,Reverse,0.9352919971160779,AS260IV.DAT
T260,260,181,-0.8999988,2.5566e-05,-4.5923372154159035,Reverse,0.9352919971160779,AS260IV.DAT
T260,260,182,-0.9099988,2.5744e-05,-4.589323973245046,Reverse,0.9352919971160779,AS260IV.DAT
T260,260,183,-0.9199988,2.5944e-05,-4.5859630643350835,Reverse,0.9352919971160779,AS260IV.DAT
T260,260,184,-0.9299988,2.6192e-05,-4.581831337932134,Reverse,0.9352919971160779,AS260IV.DAT
T260,260,185,-0.9399987,2.6192e-05,-4.581831337932134,Reverse,0.9352919971160779,AS260IV.DAT
T260,260,186,-0.9499987,2.6477e-05,-4.577131224566745,Reverse,0.9352919971160779,AS260IV.DAT
T260,260,187,-0.9599987,2.6651e-05,-4.5742864907149325,Reverse,0.9352919971160779,AS260IV.DAT
T260,260,188,-0.9699987,2.6973e-05,-4.56907074761503,Reverse,0.9352919971160779,AS260IV.DAT
T260,260,189,-0.9799987,2.7357e-05,-4.562931529571839,Reverse,0.9352919971160779,AS260IV.DAT
T260,260,190,-0.9899987,2.7677e-05,-4.55788098625484,Reverse,0.9352919971160779,AS260IV.DAT
T260,260,191,-0.9999987,2.7526e-05,-4.560256894460007,Reverse,0.9352919971160779,AS260IV.DAT
T260,260,192,-1.009999,2.7961e-05,-4.553447300497324,Reverse,0.9352919971160779,AS260IV.DAT
T260,260,193,-1.019999,2.8152e-05,-4.550490746172865,Reverse,0.9352919971160779,AS260IV.DAT
T260,260,194,-1.029999,2.8319e-05,-4.5479220865101535,Reverse,0.9352919971160779,AS260IV.DAT
T260,260,195,-1.039999,2.8575e-05,-4.544013760932681,Reverse,0.9352919971160779,AS260IV.DAT
T260,260,196,-1.049999,2.8574e-05,-4.544028959605692,Reverse,0.9352919971160779,AS260IV.DAT
T260,260,197,-1.059999,2.8832e-05,-4.540125230701031,Reverse,0.9352919971160779,AS260IV.DAT
T260,260,198,-1.069999,2.9248e-05,-4.533903825946263,Reverse,0.9352919971160779,AS260IV.DAT
T260,260,199,-1.079999,2.9671e-05,-4.527667816434647,Reverse,0.9352919971160779,AS260IV.DAT
T260,260,200,-1.089999,2.9884e-05,-4.524561272262897,Reverse,0.9352919971160779,AS260IV.DAT
T260,260,201,-1.099999,3.0082e-05,-4.5216932930774325,Reverse,0.9352919971160779,AS260IV.DAT
T260,260,202,-1.109999,3.0344e-05,-4.517927170305266,Reverse,0.9352919971160779,AS260IV.DAT
T260,260,203,-1.119999,3.0711e-05,-4.5127060419935585,Reverse,0.9352919971160779,AS260IV.DAT
T260,260,204,-1.129999,3.108e-05,-4.507518989871123,Reverse,0.9352919971160779,AS260IV.DAT
T260,260,205,-1.139999,3.1392e-05,-4.503181014300146,Reverse,0.9352919971160779,AS260IV.DAT
T260,260,206,-1.149999,3.1765e-05,-4.4980511403287196,Reverse,0.9352919971160779,AS260IV.DAT
T260,260,207,-1.159999,3.21e-05,-4.493494967595128,Reverse,0.9352919971160779,AS260IV.DAT
T260,260,208,-1.169999,3.2527e-05,-4.487755990315657,Reverse,0.9352919971160779,AS260IV.DAT
T260,260,209,-1.179999,3.2834e-05,-4.483676206149505,Reverse,0.9352919971160779,AS260IV.DAT
T260,260,210,-1.189999,3.2669e-05,-4.485864159100587,Reverse,0.9352919971160779,AS260IV.DAT
T260,260,211,-1.199998,3.3191e-05,-4.478979662688127,Reverse,0.9352919971160779,AS260IV.DAT
T260,260,212,-1.209998,3.3337e-05,-4.477073484953942,Reverse,0.9352919971160779,AS260IV.DAT
T260,260,213,-1.219998,3.3616e-05,-4.473453964938122,Reverse,0.9352919971160779,AS260IV.DAT
T260,260,214,-1.229998,3.3681e-05,-4.472615022634542,Reverse,0.9352919971160779,AS260IV.DAT
T260,260,215,-1.239998,3.4108e-05,-4.4671437456887375,Reverse,0.9352919971160779,AS260IV.DAT
T260,260,216,-1.249998,3.4266e-05,-4.465136589451585,Reverse,0.9352919971160779,AS260IV.DAT
T260,260,217,-1.259998,3.4328e-05,-4.464351498475384,Reverse,0.9352919971160779,AS260IV.DAT
T260,260,218,-1.269998,3.4161e-05,-4.46646942463042,Reverse,0.9352919971160779,AS260IV.DAT
T260,260,219,-1.279998,3.4326e-05,-4.464376801850689,Reverse,0.9352919971160779,AS260IV.DAT
T260,260,220,-1.289998,3.4774e-05,-4.458745350213741,Reverse,0.9352919971160779,AS260IV.DAT
T260,260,221,-1.299998,3.4964e-05,-4.4563788884359665,Reverse,0.9352919971160779,AS260IV.DAT
T260,260,222,-1.309998,3.5292e-05,-4.452323729445306,Reverse,0.9352919971160779,AS260IV.DAT
T260,260,223,-1.319998,3.5745e-05,-4.446784698597862,Reverse,0.9352919971160779,AS260IV.DAT
T260,260,224,-1.329998,3.6248e-05,-4.440715950828871,Reverse,0.9352919971160779,AS260IV.DAT
T260,260,225,-1.339998,3.6503e-05,-4.437671441573512,Reverse,0.9352919971160779,AS260IV.DAT
T260,260,226,-1.349998,3.6652e-05,-4.435902322107025,Reverse,0.9352919971160779,AS260IV.DAT
T260,260,227,-1.359998,3.7005e-05,-4.4317395914545825,Reverse,0.9352919971160779,AS260IV.DAT
T260,260,228,-1.369998,3.7465e-05,-4.42637426306588,Reverse,0.9352919971160779,AS260IV.DAT
T260,260,229,-1.379998,3.7694e-05,-4.423727773780119,Reverse,0.9352919971160779,AS260IV.DAT
T260,260,230,-1.389998,3.8386e-05,-4.415827141032777,Reverse,0.9352919971160779,AS260IV.DAT
T260,260,231,-1.399998,3.8673e-05,-4.412592136876772,Reverse,0.9352919971160779,AS260IV.DAT
T260,260,232,-1.409998,3.8512e-05,-4.414403927069046,Reverse,0.9352919971160779,AS260IV.DAT
T260,260,233,-1.419998,3.8841e-05,-4.410709597278678,Reverse,0.9352919971160779,AS260IV.DAT
T260,260,234,-1.429998,3.9138e-05,-4.407401371093869,Reverse,0.9352919971160779,AS260IV.DAT
T260,260,235,-1.439998,3.934e-05,-4.405165644416682,Reverse,0.9352919971160779,AS260IV.DAT
T260,260,236,-1.449998,3.9587e-05,-4.4024474089023125,Reverse,0.9352919971160779,AS260IV.DAT
T260,260,237,-1.459998,3.9784e-05,-4.400291553775832,Reverse,0.9352919971160779,AS260IV.DAT
T260,260,238,-1.469998,4.0187e-05,-4.395914413118124,Reverse,0.9352919971160779,AS260IV.DAT
T260,260,239,-1.479998,4.051e-05,-4.3924377568164115,Reverse,0.9352919971160779,AS260IV.DAT
T260,260,240,-1.489998,4.0675e-05,-4.390672438391103,Reverse,0.9352919971160779,AS260IV.DAT
T260,260,241,-1.499998,4.1095e-05,-4.386211015216508,Reverse,0.9352919971160779,AS260IV.DAT
T260,260,242,-1.509998,4.1495e-05,-4.382004231076621,Reverse,0.9352919971160779,AS260IV.DAT
T260,260,243,-1.519998,4.1839e-05,-4.378418704152062,Reverse,0.9352919971160779,AS260IV.DAT
T260,260,244,-1.529998,4.2156e-05,-4.375140604160349,Reverse,0.9352919971160779,AS260IV.DAT
T260,260,245,-1.539998,4.2546e-05,-4.371141264241819,Reverse,0.9352919971160779,AS260IV.DAT
T260,260,246,-1.549998,4.2801e-05,-4.368546084038033,Reverse,0.9352919971160779,AS260IV.DAT
T260,260,247,-1.559998,4.3058e-05,-4.3659461465779295,Reverse,0.9352919971160779,AS260IV.DAT
T260,260,248,-1.569998,4.3532e-05,-4.361191379499836,Reverse,0.9352919971160779,AS260IV.DAT
T260,260,249,-1.579998,4.3871e-05,-4.357822466129995,Reverse,0.9352919971160779,AS260IV.DAT
T260,260,250,-1.589998,4.4095e-05,-4.355610653060918,Reverse,0.9352919971160779,AS260IV.DAT
T260,260,251,-1.599998,4.4095e-05,-4.355610653060918,Reverse,0.9352919971160779,AS260IV.DAT
T260,260,252,-1.609998,4.4426e-05,-4.352362787729886,Reverse,0.9352919971160779,AS260IV.DAT
T260,260,253,-1.619998,4.4803e-05,-4.348692904755778,Reverse,0.9352919971160779,AS260IV.DAT
T260,260,254,-1.629998,4.5036e-05,-4.346440189539293,Reverse,0.9352919971160779,AS260IV.DAT
T260,260,255,-1.639998,4.5331e-05,-4.3436047003171865,Reverse,0.9352919971160779,AS260IV.DAT
T260,260,256,-1.649998,4.5931e-05,-4.337894099111705,Reverse,0.9352919971160779,AS260IV.DAT
T260,260,257,-1.659998,4.6306e-05,-4.334362732565938,Reverse,0.9352919971160779,AS260IV.DAT
T260,260,258,-1.669998,4.6713e-05,-4.3305622405776,Reverse,0.9352919971160779,AS260IV.DAT
T260,260,259,-1.679998,4.6981e-05,-4.32807774341495,Reverse,0.9352919971160779,AS260IV.DAT
T260,260,260,-1.689998,4.7809e-05,-4.32049034015746,Reverse,0.9352919971160779,AS260IV.DAT
T260,260,261,-1.699998,4.8072e-05,-4.318107808994817,Reverse,0.9352919971160779,AS260IV.DAT
T260,260,262,-1.709998,4.8288e-05,-4.316160781904504,Reverse,0.9352919971160779,AS260IV.DAT
T260,260,263,-1.719998,4.8681e-05,-4.31264050911861,Reverse,0.9352919971160779,AS260IV.DAT
T260,260,264,-1.729998,4.9208e-05,-4.307964285984308,Reverse,0.9352919971160779,AS260IV.DAT
T260,260,265,-1.739998,4.9361e-05,-4.306616050553366,Reverse,0.9352919971160779,AS260IV.DAT
T260,260,266,-1.749998,4.9509e-05,-4.3053158456109095,Reverse,0.9352919971160779,AS260IV.DAT
T260,260,267,-1.759998,4.984e-05,-4.302421966348887,Reverse,0.9352919971160779,AS260IV.DAT
T260,260,268,-1.769998,5.03e-05,-4.298432014944073,Reverse,0.9352919971160779,AS260IV.DAT
T260,260,269,-1.779998,5.0382e-05,-4.297724596430531,Reverse,0.9352919971160779,AS260IV.DAT
T260,260,270,-1.789998,5.0135e-05,-4.299858980722581,Reverse,0.9352919971160779,AS260IV.DAT
T260,260,271,-1.799998,5.0628e-05,-4.295609228570494,Reverse,0.9352919971160779,AS260IV.DAT
T260,260,272,-1.809998,5.0934e-05,-4.292992216034445,Reverse,0.9352919971160779,AS260IV.DAT
T260,260,273,-1.819998,5.1076e-05,-4.2917831217051985,Reverse,0.9352919971160779,AS260IV.DAT
T260,260,274,-1.829998,5.149e-05,-4.288277108172765,Reverse,0.9352919971160779,AS260IV.DAT
T260,260,275,-1.839998,5.1874e-05,-4.285050262302365,Reverse,0.9352919971160779,AS260IV.DAT
T260,260,276,-1.849998,5.1951e-05,-4.284406088331981,Reverse,0.9352919971160779,AS260IV.DAT
T260,260,277,-1.859998,5.231e-05,-4.281415279972564,Reverse,0.9352919971160779,AS260IV.DAT
T260,260,278,-1.869998,5.2728e-05,-4.277958701367884,Reverse,0.9352919971160779,AS260IV.DAT
T260,260,279,-1.879998,5.3232e-05,-4.273827216475253,Reverse,0.9352919971160779,AS260IV.DAT
T260,260,280,-1.889998,5.3551e-05,-4.271232414833491,Reverse,0.9352919971160779,AS260IV.DAT
T260,260,281,-1.899998,5.3985e-05,-4.267726894291408,Reverse,0.9352919971160779,AS260IV.DAT
T260,260,282,-1.909998,5.4596e-05,-4.262839174906318,Reverse,0.9352919971160779,AS260IV.DAT
T260,260,283,-1.919998,5.4996e-05,-4.259668896707589,Reverse,0.9352919971160779,AS260IV.DAT
T260,260,284,-1.929998,5.5366e-05,-4.2567568516132,Reverse,0.9352919971160779,AS260IV.DAT
T260,260,285,-1.939998,5.5934e-05,-4.252324121923122,Reverse,0.9352919971160779,AS260IV.DAT
T260,260,286,-1.949998,5.6639e-05,-4.24688442301454,Reverse,0.9352919971160779,AS260IV.DAT
T260,260,287,-1.959998,5.6993e-05,-4.244178482012755,Reverse,0.9352919971160779,AS260IV.DAT
T260,260,288,-1.969998,5.7405e-05,-4.241050278719819,Reverse,0.9352919971160779,AS260IV.DAT
T260,260,289,-1.979998,5.8001e-05,-4.236564518665717,Reverse,0.9352919971160779,AS260IV.DAT
T260,260,290,-1.989998,5.7914e-05,-4.237216438210563,Reverse,0.9352919971160779,AS260IV.DAT
T260,260,291,-1.999998,5.8515e-05,-4.232732790632528,Reverse,0.9352919971160779,AS260IV.DAT
T260,260,292,-2.009998,5.8977e-05,-4.229317322604537,Reverse,0.9352919971160779,AS260IV.DAT
T280,280,1,0.8500001,0.0021806,-2.661423992250192,Forward,0.951586282780121,AS280IV.DAT
T280,280,2,0.8400002,0.00214981,-2.667599921292688,Forward,0.951586282780121,AS280IV.DAT
T280,280,3,0.8300002,0.00211907,-2.673854696846728,Forward,0.951586282780121,AS280IV.DAT
T280,280,4,0.8200002,0.00208831,-2.680205031868914,Forward,0.951586282780121,AS280IV.DAT
T280,280,5,0.8100002,0.00205762,-2.686634827407007,Forward,0.951586282780121,AS280IV.DAT
T280,280,6,0.8000002,0.00202701,-2.693144108764265,Forward,0.951586282780121,AS280IV.DAT
T280,280,7,0.7900002,0.0019963,-2.699774193231842,Forward,0.951586282780121,AS280IV.DAT
T280,280,8,0.7800002,0.0019658,-2.7064606692682434,Forward,0.951586282780121,AS280IV.DAT
T280,280,9,0.7700002,0.00193531,-2.713249459324076,Forward,0.951586282780121,AS280IV.DAT
T280,280,10,0.7600002,0.00190486,-2.720136937816048,Forward,0.951586282780121,AS280IV.DAT
T280,280,11,0.7500002,0.0018744,-2.7271377244110937,Forward,0.951586282780121,AS280IV.DAT
T280,280,12,0.7400002,0.0018441,-2.7342155321594803,Forward,0.951586282780121,AS280IV.DAT
T280,280,13,0.7300003,0.00181368,-2.7414393360706186,Forward,0.951586282780121,AS280IV.DAT
T280,280,14,0.7200003,0.00178327,-2.7487828965146646,Forward,0.951586282780121,AS280IV.DAT
T280,280,15,0.7100003,0.0017531,-2.756193310255595,Forward,0.951586282780121,AS280IV.DAT
T280,280,16,0.7000003,0.00172287,-2.7637474912186213,Forward,0.951586282780121,AS280IV.DAT
T280,280,17,0.6900003,0.00169268,-2.771425137206997,Forward,0.951586282780121,AS280IV.DAT
T280,280,18,0.6800003,0.0016626,-2.779212223834125,Forward,0.951586282780121,AS280IV.DAT
T280,280,19,0.6700003,0.00163266,-2.7871042472889442,Forward,0.951586282780121,AS280IV.DAT
T280,280,20,0.6600003,0.00160255,-2.7951884114906806,Forward,0.951586282780121,AS280IV.DAT
T280,280,21,0.6500003,0.0015726,-2.803381728669756,Forward,0.951586282780121,AS280IV.DAT
T280,280,22,0.6400003,0.00154272,-2.811712890197087,Forward,0.951586282780121,AS280IV.DAT
T280,280,23,0.6300004,0.00151284,-2.820207001118585,Forward,0.951586282780121,AS280IV.DAT
T280,280,24,0.6200004,0.00148308,-2.8288354217150635,Forward,0.951586282780121,AS280IV.DAT
T280,280,25,0.6100004,0.00148309,-2.828832493396849,Forward,0.951586282780121,AS280IV.DAT
T280,280,26,0.6000004,0.00145344,-2.8376028917963776,Forward,0.951586282780121,AS280IV.DAT
T280,280,27,0.5900004,0.00142372,-2.846575414078234,Forward,0.951586282780121,AS280IV.DAT
T280,280,28,0.5800004,0.00139399,-2.855740341704578,Forward,0.951586282780121,AS280IV.DAT
T280,280,29,0.5700004,0.00136455,-2.865010546233547,Forward,0.951586282780121,AS280IV.DAT
T280,280,30,0.5600004,0.00133505,-2.874502468893067,Forward,0.951586282780121,AS280IV.DAT
T280,280,31,0.5500004,0.00130562,-2.884183205845797,Forward,0.951586282780121,AS280IV.DAT
T280,280,32,0.5400004,0.00127636,-2.8940268146724173,Forward,0.951586282780121,AS280IV.DAT
T280,280,33,0.5300004,0.00124712,-2.904091755959761,Forward,0.951586282780121,AS280IV.DAT
T280,280,34,0.5200005,0.00121786,-2.9144026334782316,Forward,0.951586282780121,AS280IV.DAT
T280,280,35,0.5100005,0.00118877,-2.9249021633739227,Forward,0.951586282780121,AS280IV.DAT
T280,280,36,0.5000005,0.00115975,-2.935635618809203,Forward,0.951586282780121,AS280IV.DAT
T280,280,37,0.4900005,0.0011308,-2.946614200182518,Forward,0.951586282780121,AS280IV.DAT
T280,280,38,0.4800005,0.00110197,-2.957830228543947,Forward,0.951586282780121,AS280IV.DAT
T280,280,39,0.4700005,0.00107317,-2.9693314763435232,Forward,0.951586282780121,AS280IV.DAT
T280,280,40,0.4600005,0.0010443,-2.9811747219960494,Forward,0.951586282780121,AS280IV.DAT
T280,280,41,0.4500005,0.00101565,-2.9932559271468944,Forward,0.951586282780121,AS280IV.DAT
T280,280,42,0.4400005,0.00098721,-3.005590454077828,Forward,0.951586282780121,AS280IV.DAT
T280,280,43,0.4300005,0.00095885,-3.0182493274148547,Forward,0.951586282780121,AS280IV.DAT
T280,280,44,0.4200006,0.0009306,-3.0312369518027515,Forward,0.951586282780121,AS280IV.DAT
T280,280,45,0.4100006,0.00090244,-3.044581663145446,Forward,0.951586282780121,AS280IV.DAT
T280,280,46,0.4000006,0.00087441,-3.058284884315461,Forward,0.951586282780121,AS280IV.DAT
T280,280,47,0.3900006,0.00084638,-3.072434607587081,Forward,0.951586282780121,AS280IV.DAT
T280,280,48,0.3800006,0.00081862,-3.0869176491562595,Forward,0.951586282780121,AS280IV.DAT
T280,280,49,0.3700006,0.00079095,-3.1018509696128547,Forward,0.951586282780121,AS280IV.DAT
T280,280,50,0.3600006,0.00076346,-3.1172137120251744,Forward,0.951586282780121,AS280IV.DAT
T280,280,51,0.3500006,0.00073602,-3.133110384342358,Forward,0.951586282780121,AS280IV.DAT
T280,280,52,0.3400006,0.00070883,-3.1494579099715394,Forward,0.951586282780121,AS280IV.DAT
T280,280,53,0.3300006,0.00068161,-3.166464046596754,Forward,0.951586282780121,AS280IV.DAT
T280,280,54,0.3200006,0.0006547,-3.183957659078003,Forward,0.951586282780121,AS280IV.DAT
T280,280,55,0.3100007,0.00062803,-3.2020196102066434,Forward,0.951586282780121,AS280IV.DAT
T280,280,56,0.3000007,0.0006015,-3.2207643683241365,Forward,0.951586282780121,AS280IV.DAT
T280,280,57,0.2900007,0.00057513,-3.240233978090598,Forward,0.951586282780121,AS280IV.DAT
T280,280,58,0.2800007,0.00054904,-3.260396014117385,Forward,0.951586282780121,AS280IV.DAT
T280,280,59,0.2700007,0.00052306,-3.2814484905317225,Forward,0.951586282780121,AS280IV.DAT
T280,280,60,0.2600007,0.00049735,-3.3033378777222544,Forward,0.951586282780121,AS280IV.DAT
T280,280,61,0.2500007,0.00047195,-3.3261040095742187,Forward,0.951586282780121,AS280IV.DAT
T280,280,62,0.2400007,0.00044677,-3.349915996863236,Forward,0.951586282780121,AS280IV.DAT
T280,280,63,0.2300007,0.00042185,-3.374841946556775,Forward,0.951586282780121,AS280IV.DAT
T280,280,64,0.2200007,0.00039728,-3.400903297789511,Forward,0.951586282780121,AS280IV.DAT
T280,280,65,0.2100007,0.00037301,-3.428279525063689,Forward,0.951586282780121,AS280IV.DAT
T280,280,66,0.2000007,0.00034894,-3.4572492432674253,Forward,0.951586282780121,AS280IV.DAT
T280,280,67,0.1900007,0.00032536,-3.4876358406034687,Forward,0.951586282780121,AS280IV.DAT
T280,280,68,0.1800007,0.00030224,-3.5196480594222415,Forward,0.951586282780121,AS280IV.DAT
T280,280,69,0.1700007,0.0002795,-3.5536181877775577,Forward,0.951586282780121,AS280IV.DAT
T280,280,70,0.1600007,0.00025727,-3.589610853486767,Forward,0.951586282780121,AS280IV.DAT
T280,280,71,0.1500007,0.00023549,-3.6280275303059066,Forward,0.951586282780121,AS280IV.DAT
T280,280,72,0.1400007,0.00021422,-3.6691399850253603,Forward,0.951586282780121,AS280IV.DAT
T280,280,73,0.1300007,0.000193678,-3.712919708249556,Forward,0.951586282780121,AS280IV.DAT
T280,280,74,0.1200007,0.00017363,-3.760375234753862,Forward,0.951586282780121,AS280IV.DAT
T280,280,75,0.1100007,0.0001543,-3.811634073936852,Forward,0.951586282780121,AS280IV.DAT
T280,280,76,0.1000007,0.000135731,-3.867320951224712,Forward,0.951586282780121,AS280IV.DAT
T280,280,77,0.09000066,0.000117945,-3.928320465278056,Forward,0.951586282780121,AS280IV.DAT
T280,280,78,0.08000066,0.000101073,-3.9953648435887223,Forward,0.951586282780121,AS280IV.DAT
T280,280,79,0.07000066,8.5078e-05,-4.070182727974446,Forward,0.951586282780121,AS280IV.DAT
T280,280,80,0.06000067,7.0264e-05,-4.153267130255927,Forward,0.951586282780121,AS280IV.DAT
T280,280,81,0.05000067,5.6536e-05,-4.247674921693334,Forward,0.951586282780121,AS280IV.DAT
T280,280,82,0.04000067,4.4001e-05,-4.3565374532968395,Forward,0.951586282780121,AS280IV.DAT
T280,280,83,0.03000067,3.2738e-05,-4.4849478556355855,Forward,0.951586282780121,AS280IV.DAT
T280,280,84,0.02000067,2.2812e-05,-4.641836637086932,Forward,0.951586282780121,AS280IV.DAT
T280,280,85,0.01000067,1.41551e-05,-4.849087058174909,Forward,0.951586282780121,AS280IV.DAT
T280,280,86,6.705523e-07,6.7859e-06,-5.168392544597796,Forward,0.951586282780121,AS280IV.DAT
T280,280,87,-0.009999329,1.20893e-08,-7.917598845122562,Reverse,0.951586282780121,AS280IV.DAT
T280,280,88,-0.01999933,4.444e-06,-5.35222594973117,Reverse,0.951586282780121,AS280IV.DAT
T280,280,89,-0.02999933,8.4971e-06,-5.070729270626229,Reverse,0.951586282780121,AS280IV.DAT
T280,280,90,-0.03999933,1.17295e-05,-4.930720500405282,Reverse,0.951586282780121,AS280IV.DAT
T280,280,91,-0.04999933,1.42754e-05,-4.845411713880088,Reverse,0.951586282780121,AS280IV.DAT
T280,280,92,-0.05999932,1.63045e-05,-4.787692514893625,Reverse,0.951586282780121,AS280IV.DAT
T280,280,93,-0.06999932,1.79328e-05,-4.746351895066357,Reverse,0.951586282780121,AS280IV.DAT
T280,280,94,-0.07999932,1.92597e-05,-4.715350481975726,Reverse,0.951586282780121,AS280IV.DAT
T280,280,95,-0.08999932,2.03518e-05,-4.691397173883644,Reverse,0.951586282780121,AS280IV.DAT
T280,280,96,-0.09999932,2.1269e-05,-4.672252928747544,Reverse,0.951586282780121,AS280IV.DAT
T280,280,97,-0.1099993,2.2067e-05,-4.6562567049899055,Reverse,0.951586282780121,AS280IV.DAT
T280,280,98,-0.1199993,2.2753e-05,-4.642961333180545,Reverse,0.951586282780121,AS280IV.DAT
T280,280,99,-0.1299993,2.3369e-05,-4.6313598714235145,Reverse,0.951586282780121,AS280IV.DAT
T280,280,100,-0.1399993,2.395e-05,-4.620694482249418,Reverse,0.951586282780121,AS280IV.DAT
T280,280,101,-0.1499993,2.4494e-05,-4.610940286493305,Reverse,0.951586282780121,AS280IV.DAT
T280,280,102,-0.1599993,2.4959e-05,-4.602772818956839,Reverse,0.951586282780121,AS280IV.DAT
T280,280,103,-0.1699993,2.5435e-05,-4.594568258032626,Reverse,0.951586282780121,AS280IV.DAT
T280,280,104,-0.1799993,2.5926e-05,-4.5862644833051265,Reverse,0.951586282780121,AS280IV.DAT
T280,280,105,-0.1899993,2.6381e-05,-4.57870874608114,Reverse,0.951586282780121,AS280IV.DAT
T280,280,106,-0.1999993,2.6802e-05,-4.571832797144518,Reverse,0.951586282780121,AS280IV.DAT
T280,280,107,-0.2099994,2.7221e-05,-4.565095924448459,Reverse,0.951586282780121,AS280IV.DAT
T280,280,108,-0.2199994,2.7615e-05,-4.558854952440304,Reverse,0.951586282780121,AS280IV.DAT
T280,280,109,-0.2299994,2.7906e-05,-4.55430241010484,Reverse,0.951586282780121,AS280IV.DAT
T280,280,110,-0.2399994,2.8385e-05,-4.546911101438568,Reverse,0.951586282780121,AS280IV.DAT
T280,280,111,-0.2499994,2.871e-05,-4.541966807503494,Reverse,0.951586282780121,AS280IV.DAT
T280,280,112,-0.2599994,2.9089e-05,-4.53627120834891,Reverse,0.951586282780121,AS280IV.DAT
T280,280,113,-0.2699994,2.9443e-05,-4.53101794103743,Reverse,0.951586282780121,AS280IV.DAT
T280,280,114,-0.2799993,2.9786e-05,-4.52598781483015,Reverse,0.951586282780121,AS280IV.DAT
T280,280,115,-0.2899993,3.0203e-05,-4.519949917349563,Reverse,0.951586282780121,AS280IV.DAT
T280,280,116,-0.2999993,3.0604e-05,-4.514221806708078,Reverse,0.951586282780121,AS280IV.DAT
T280,280,117,-0.3099993,3.106e-05,-4.50779854860746,Reverse,0.951586282780121,AS280IV.DAT
T280,280,118,-0.3199993,3.1309e-05,-4.504330803396098,Reverse,0.951586282780121,AS280IV.DAT
T280,280,119,-0.3299993,3.1637e-05,-4.499804705490959,Reverse,0.951586282780121,AS280IV.DAT
T280,280,120,-0.3399993,3.1937e-05,-4.495705881705267,Reverse,0.951586282780121,AS280IV.DAT
T280,280,121,-0.3499993,3.2123e-05,-4.493183902291084,Reverse,0.951586282780121,AS280IV.DAT
T280,280,122,-0.3599993,3.2404e-05,-4.489401376500078,Reverse,0.951586282780121,AS280IV.DAT
T280,280,123,-0.3699993,3.2752e-05,-4.48476217468157,Reverse,0.951586282780121,AS280IV.DAT
T280,280,124,-0.3799993,3.311e-05,-4.4800408192479315,Reverse,0.951586282780121,AS280IV.DAT
T280,280,125,-0.3899992,3.3447e-05,-4.475642829820656,Reverse,0.951586282780121,AS280IV.DAT
T280,280,126,-0.3999992,3.378e-05,-4.47134035476501,Reverse,0.951586282780121,AS280IV.DAT
T280,280,127,-0.4099992,3.4152e-05,-4.4665838582041095,Reverse,0.951586282780121,AS280IV.DAT
T280,280,128,-0.4199992,3.449e-05,-4.462306805632609,Reverse,0.951586282780121,AS280IV.DAT
T280,280,129,-0.4299992,3.487e-05,-4.457548052624023,Reverse,0.951586282780121,AS280IV.DAT
T280,280,130,-0.4399992,3.5251e-05,-4.452828558436503,Reverse,0.951586282780121,AS280IV.DAT
T280,280,131,-0.4499992,3.5538e-05,-4.449307016975413,Reverse,0.951586282780121,AS280IV.DAT
T280,280,132,-0.4599992,3.5941e-05,-4.444409843519753,Reverse,0.951586282780121,AS280IV.DAT
T280,280,133,-0.4699992,3.6264e-05,-4.440524293949369,Reverse,0.951586282780121,AS280IV.DAT
T280,280,134,-0.4799992,3.6611e-05,-4.4363884085522125,Reverse,0.951586282780121,AS280IV.DAT
T280,280,135,-0.4899991,3.6943e-05,-4.43246784006678,Reverse,0.951586282780121,AS280IV.DAT
T280,280,136,-0.4999991,3.7322e-05,-4.428035091461161,Reverse,0.951586282780121,AS280IV.DAT
T280,280,137,-0.5099992,3.7758e-05,-4.4229910178688705,Reverse,0.951586282780121,AS280IV.DAT
T280,280,138,-0.5199991,3.8081e-05,-4.4192916556452415,Reverse,0.951586282780121,AS280IV.DAT
T280,280,139,-0.5299991,3.8427e-05,-4.4153635196288725,Reverse,0.951586282780121,AS280IV.DAT
T280,280,140,-0.5399991,3.8816e-05,-4.410989220813521,Reverse,0.951586282780121,AS280IV.DAT
T280,280,141,-0.5499991,3.9028e-05,-4.408623703682086,Reverse,0.951586282780121,AS280IV.DAT
T280,280,142,-0.5599991,3.9425e-05,-4.40422829799906,Reverse,0.951586282780121,AS280IV.DAT
T280,280,143,-0.5699991,3.984e-05,-4.399680670248339,Reverse,0.951586282780121,AS280IV.DAT
T280,280,144,-0.5799991,4.018e-05,-4.3959900675877694,Reverse,0.951586282780121,AS280IV.DAT
T280,280,145,-0.5899991,4.0502e-05,-4.392523530673779,Reverse,0.951586282780121,AS280IV.DAT
T280,280,146,-0.5999991,4.0801e-05,-4.38932919256797,Reverse,0.951586282780121,AS280IV.DAT
T280,280,147,-0.6099991,4.1289e-05,-4.384165635404326,Reverse,0.951586282780121,AS280IV.DAT
T280,280,148,-0.6199991,4.1647e-05,-4.380416277099223,Reverse,0.951586282780121,AS280IV.DAT
T280,280,149,-0.629999,4.201e-05,-4.376647318462008,Reverse,0.951586282780121,AS280IV.DAT
T280,280,150,-0.639999,4.2304e-05,-4.373618566530473,Reverse,0.951586282780121,AS280IV.DAT
T280,280,151,-0.649999,4.2647e-05,-4.370111513834565,Reverse,0.951586282780121,AS280IV.DAT
T280,280,152,-0.659999,4.3071e-05,-4.365815044897714,Reverse,0.951586282780121,AS280IV.DAT
T280,280,153,-0.669999,4.3441e-05,-4.362100185963335,Reverse,0.951586282780121,AS280IV.DAT
T280,280,154,-0.679999,4.381e-05,-4.3584267468218245,Reverse,0.951586282780121,AS280IV.DAT
T280,280,155,-0.689999,4.4233e-05,-4.354253604621755,Reverse,0.951586282780121,AS280IV.DAT
T280,280,156,-0.699999,4.4605e-05,-4.3506164562946,Reverse,0.951586282780121,AS280IV.DAT
T280,280,157,-0.709999,4.4913e-05,-4.347627934918778,Reverse,0.951586282780121,AS280IV.DAT
T280,280,158,-0.719999,4.5282e-05,-4.344074399624958,Reverse,0.951586282780121,AS280IV.DAT
T280,280,159,-0.7299989,4.5686e-05,-4.340216864574498,Reverse,0.951586282780121,AS280IV.DAT
T280,280,160,-0.7399989,4.6059e-05,-4.336685495359986,Reverse,0.951586282780121,AS280IV.DAT
T280,280,161,-0.7499989,4.642e-05,-4.333294863880101,Reverse,0.951586282780121,AS280IV.DAT
T280,280,162,-0.7599989,4.68e-05,-4.329754146925876,Reverse,0.951586282780121,AS280IV.DAT
T280,280,163,-0.7699989,4.7201e-05,-4.326048800309103,Reverse,0.951586282780121,AS280IV.DAT
T280,280,164,-0.7799989,4.7468e-05,-4.323599066306961,Reverse,0.951586282780121,AS280IV.DAT
T280,280,165,-0.7899989,4.7845e-05,-4.3201634410819025,Reverse,0.951586282780121,AS280IV.DAT
T280,280,166,-0.7999989,4.8255e-05,-4.316457680042349,Reverse,0.951586282780121,AS280IV.DAT
T280,280,167,-0.8099989,4.863e-05,-4.313095730431822,Reverse,0.951586282780121,AS280IV.DAT
T280,280,168,-0.8199989,4.9136e-05,-4.308600200901006,Reverse,0.951586282780121,AS280IV.DAT
T280,280,169,-0.8299989,4.9472e-05,-4.3056405320977875,Reverse,0.951586282780121,AS280IV.DAT
T280,280,170,-0.8399988,4.9904e-05,-4.301864642586931,Reverse,0.951586282780121,AS280IV.DAT
T280,280,171,-0.8499988,5.0197e-05,-4.299322237484025,Reverse,0.951586282780121,AS280IV.DAT
T280,280,172,-0.8599988,5.0636e-05,-4.295540608807055,Reverse,0.951586282780121,AS280IV.DAT
T280,280,173,-0.8699988,5.1024e-05,-4.292225498101116,Reverse,0.951586282780121,AS280IV.DAT
T280,280,174,-0.8799988,5.1505e-05,-4.288150608492692,Reverse,0.951586282780121,AS280IV.DAT
T280,280,175,-0.8899988,5.1927e-05,-4.284606767354511,Reverse,0.951586282780121,AS280IV.DAT
T280,280,176,-0.8999988,5.2339e-05,-4.281174579339064,Reverse,0.951586282780121,AS280IV.DAT
T280,280,177,-0.9099988,5.2763e-05,-4.2776705192969136,Reverse,0.951586282780121,AS280IV.DAT
T280,280,178,-0.9199988,5.323e-05,-4.273843533827245,Reverse,0.951586282780121,AS280IV.DAT
T280,280,179,-0.9299988,5.353e-05,-4.271402756616569,Reverse,0.951586282780121,AS280IV.DAT
T280,280,180,-0.9399987,5.3647e-05,-4.270454559250209,Reverse,0.951586282780121,AS280IV.DAT
T280,280,181,-0.9499987,5.4024e-05,-4.267413263287874,Reverse,0.951586282780121,AS280IV.DAT
T280,280,182,-0.9599987,5.4576e-05,-4.262998297936678,Reverse,0.951586282780121,AS280IV.DAT
T280,280,183,-0.9699987,5.4972e-05,-4.259858462176291,Reverse,0.951586282780121,AS280IV.DAT
T280,280,184,-0.9799987,5.5394e-05,-4.256537273322258,Reverse,0.951586282780121,AS280IV.DAT
T280,280,185,-0.9899987,5.5834e-05,-4.253101257772003,Reverse,0.951586282780121,AS280IV.DAT
T280,280,186,-0.9999987,5.6376e-05,-4.2489057415107885,Reverse,0.951586282780121,AS280IV.DAT
T280,280,187,-1.009999,5.6661e-05,-4.246715764961196,Reverse,0.951586282780121,AS280IV.DAT
T280,280,188,-1.019999,5.7173e-05,-4.242809018748427,Reverse,0.951586282780121,AS280IV.DAT
T280,280,189,-1.029999,5.7286e-05,-4.24195150134221,Reverse,0.951586282780121,AS280IV.DAT
T280,280,190,-1.039999,5.7701e-05,-4.2388166601420405,Reverse,0.951586282780121,AS280IV.DAT
T280,280,191,-1.049999,5.8095e-05,-4.235861243958236,Reverse,0.951586282780121,AS280IV.DAT
T280,280,192,-1.059999,5.8484e-05,-4.232962931561151,Reverse,0.951586282780121,AS280IV.DAT
T280,280,193,-1.069999,5.8996e-05,-4.2291774330496805,Reverse,0.951586282780121,AS280IV.DAT
T280,280,194,-1.079999,5.9538e-05,-4.225205758260884,Reverse,0.951586282780121,AS280IV.DAT
T280,280,195,-1.089999,5.9908e-05,-4.222515178881716,Reverse,0.951586282780121,AS280IV.DAT
T280,280,196,-1.099999,6.0265e-05,-4.219934839102641,Reverse,0.951586282780121,AS280IV.DAT
T280,280,197,-1.109999,6.0688e-05,-4.216897174641285,Reverse,0.951586282780121,AS280IV.DAT
T280,280,198,-1.119999,6.1103e-05,-4.213937466492943,Reverse,0.951586282780121,AS280IV.DAT
T280,280,199,-1.129999,6.1455e-05,-4.211442776991176,Reverse,0.951586282780121,AS280IV.DAT
T280,280,200,-1.139999,6.1817e-05,-4.208892075219978,Reverse,0.951586282780121,AS280IV.DAT
T280,280,201,-1.149999,6.2192e-05,-4.206265476712809,Reverse,0.951586282780121,AS280IV.DAT
T280,280,202,-1.159999,6.2636e-05,-4.203175984561151,Reverse,0.951586282780121,AS280IV.DAT
T280,280,203,-1.169999,6.323e-05,-4.199076818186781,Reverse,0.951586282780121,AS280IV.DAT
T280,280,204,-1.179999,6.3652e-05,-4.196187945893786,Reverse,0.951586282780121,AS280IV.DAT
T280,280,205,-1.189999,6.4038e-05,-4.1935622401900785,Reverse,0.951586282780121,AS280IV.DAT
T280,280,206,-1.199998,6.4301e-05,-4.191782272937289,Reverse,0.951586282780121,AS280IV.DAT
T280,280,207,-1.209998,6.4903e-05,-4.187735228417909,Reverse,0.951586282780121,AS280IV.DAT
T280,280,208,-1.219998,6.5464e-05,-4.183997461831959,Reverse,0.951586282780121,AS280IV.DAT
T280,280,209,-1.229998,6.5875e-05,-4.181279371779397,Reverse,0.951586282780121,AS280IV.DAT
T280,280,210,-1.239998,6.639e-05,-4.17789733135308,Reverse,0.951586282780121,AS280IV.DAT
T280,280,211,-1.249998,6.6767e-05,-4.175438137211419,Reverse,0.951586282780121,AS280IV.DAT
T280,280,212,-1.259998,6.7202e-05,-4.172617801707505,Reverse,0.951586282780121,AS280IV.DAT
T280,280,213,-1.269998,6.7567e-05,-4.170265363483927,Reverse,0.951586282780121,AS280IV.DAT
T280,280,214,-1.279998,6.8124e-05,-4.166699859726962,Reverse,0.951586282780121,AS280IV.DAT
T280,280,215,-1.289998,6.8486e-05,-4.164398198495278,Reverse,0.951586282780121,AS280IV.DAT
T280,280,216,-1.299998,6.902e-05,-4.161025045044532,Reverse,0.951586282780121,AS280IV.DAT
T280,280,217,-1.309998,6.9576e-05,-4.157540542933397,Reverse,0.951586282780121,AS280IV.DAT
T280,280,218,-1.319998,7.0024e-05,-4.154753084540566,Reverse,0.951586282780121,AS280IV.DAT
T280,280,219,-1.329998,7.0453e-05,-4.1521005092160035,Reverse,0.951586282780121,AS280IV.DAT
T280,280,220,-1.339998,7.0739e-05,-4.150341083870314,Reverse,0.951586282780121,AS280IV.DAT
T280,280,221,-1.349998,7.1251e-05,-4.147209036001077,Reverse,0.951586282780121,AS280IV.DAT
T280,280,222,-1.359998,7.125e-05,-4.147215131319452,Reverse,0.951586282780121,AS280IV.DAT
T280,280,223,-1.369998,7.1837e-05,-4.14365181262486,Reverse,0.951586282780121,AS280IV.DAT
T280,280,224,-1.379998,7.2359e-05,-4.140507443712208,Reverse,0.951586282780121,AS280IV.DAT
T280,280,225,-1.389998,7.2749e-05,-4.138172972066684,Reverse,0.951586282780121,AS280IV.DAT
T280,280,226,-1.399998,7.3124e-05,-4.135940060020211,Reverse,0.951586282780121,AS280IV.DAT
T280,280,227,-1.409998,7.3653e-05,-4.132809558978701,Reverse,0.951586282780121,AS280IV.DAT
T280,280,228,-1.419998,7.4109e-05,-4.130129046906111,Reverse,0.951586282780121,AS280IV.DAT
T280,280,229,-1.429998,7.47e-05,-4.126679398184601,Reverse,0.951586282780121,AS280IV.DAT
T280,280,230,-1.439998,7.502e-05,-4.124822940185296,Reverse,0.951586282780121,AS280IV.DAT
T280,280,231,-1.449998,7.5562e-05,-4.121696555548131,Reverse,0.951586282780121,AS280IV.DAT
T280,280,232,-1.459998,7.6024e-05,-4.119049283743359,Reverse,0.951586282780121,AS280IV.DAT
T280,280,233,-1.469998,7.6301e-05,-4.117469770149498,Reverse,0.951586282780121,AS280IV.DAT
T280,280,234,-1.479998,7.6707e-05,-4.115165002118077,Reverse,0.951586282780121,AS280IV.DAT
T280,280,235,-1.489998,7.7096e-05,-4.112968154024168,Reverse,0.951586282780121,AS280IV.DAT
T280,280,236,-1.499998,7.7593e-05,-4.110177456557504,Reverse,0.951586282780121,AS280IV.DAT
T280,280,237,-1.509998,7.8129e-05,-4.107187734339614,Reverse,0.951586282780121,AS280IV.DAT
T280,280,238,-1.519998,7.8646e-05,-4.104323361052188,Reverse,0.951586282780121,AS280IV.DAT
T280,280,239,-1.529998,7.9149e-05,-4.101554567816476,Reverse,0.951586282780121,AS280IV.DAT
T280,280,240,-1.539998,7.9713e-05,-4.0984708458828765,Reverse,0.951586282780121,AS280IV.DAT
T280,280,241,-1.549998,8.0139e-05,-4.096156081134558,Reverse,0.951586282780121,AS280IV.DAT
T280,280,242,-1.559998,8.0707e-05,-4.093088795767001,Reverse,0.951586282780121,AS280IV.DAT
T280,280,243,-1.569998,8.1198e-05,-4.0904546677989835,Reverse,0.951586282780121,AS280IV.DAT
T280,280,244,-1.579998,8.1668e-05,-4.087948079890857,Reverse,0.951586282780121,AS280IV.DAT
T280,280,245,-1.589998,8.2207e-05,-4.085091200319589,Reverse,0.951586282780121,AS280IV.DAT
T280,280,246,-1.599998,8.2784e-05,-4.08205359296355,Reverse,0.951586282780121,AS280IV.DAT
T280,280,247,-1.609998,8.3215e-05,-4.079798382482569,Reverse,0.951586282780121,AS280IV.DAT
T280,280,248,-1.619998,8.3831e-05,-4.076595353215116,Reverse,0.951586282780121,AS280IV.DAT
T280,280,249,-1.629998,8.4434e-05,-4.07348263585081,Reverse,0.951586282780121,AS280IV.DAT
T280,280,250,-1.639998,8.5164e-05,-4.069743948723488,Reverse,0.951586282780121,AS280IV.DAT
T280,280,251,-1.649998,8.5573e-05,-4.0676632423404095,Reverse,0.951586282780121,AS280IV.DAT
T280,280,252,-1.659998,8.617e-05,-4.0646439070544265,Reverse,0.951586282780121,AS280IV.DAT
T280,280,253,-1.669998,8.6929e-05,-4.060835316313852,Reverse,0.951586282780121,AS280IV.DAT
T280,280,254,-1.679998,8.7521e-05,-4.05788772880771,Reverse,0.951586282780121,AS280IV.DAT
T280,280,255,-1.689998,8.7972e-05,-4.055655534446289,Reverse,0.951586282780121,AS280IV.DAT
T280,280,256,-1.699998,8.8637e-05,-4.052384951459216,Reverse,0.951586282780121,AS280IV.DAT
T280,280,257,-1.709998,8.9205e-05,-4.0496108024450415,Reverse,0.951586282780121,AS280IV.DAT
T280,280,258,-1.719998,8.9787e-05,-4.046786539022746,Reverse,0.951586282780121,AS280IV.DAT
T280,280,259,-1.729998,9.0376e-05,-4.043946884252553,Reverse,0.951586282780121,AS280IV.DAT
T280,280,260,-1.739998,9.0878e-05,-4.041541239275238,Reverse,0.951586282780121,AS280IV.DAT
T280,280,261,-1.749998,9.1365e-05,-4.039220141442898,Reverse,0.951586282780121,AS280IV.DAT
T280,280,262,-1.759998,9.2082e-05,-4.03582525649891,Reverse,0.951586282780121,AS280IV.DAT
T280,280,263,-1.769998,9.2631e-05,-4.033243647487673,Reverse,0.951586282780121,AS280IV.DAT
T280,280,264,-1.779998,9.3028e-05,-4.031386315797828,Reverse,0.951586282780121,AS280IV.DAT
T280,280,265,-1.789998,9.34e-05,-4.029653123769907,Reverse,0.951586282780121,AS280IV.DAT
T280,280,266,-1.799998,9.4049e-05,-4.026645817835992,Reverse,0.951586282780121,AS280IV.DAT
T280,280,267,-1.809998,9.4629e-05,-4.023975749328473,Reverse,0.951586282780121,AS280IV.DAT
T280,280,268,-1.819998,9.4967e-05,-4.022427281107705,Reverse,0.951586282780121,AS280IV.DAT
T280,280,269,-1.829998,9.5567e-05,-4.019692046971209,Reverse,0.951586282780121,AS280IV.DAT
T280,280,270,-1.839998,9.6247e-05,-4.016612798481808,Reverse,0.951586282780121,AS280IV.DAT
T280,280,271,-1.849998,9.6982e-05,-4.013308863940771,Reverse,0.951586282780121,AS280IV.DAT
T280,280,272,-1.859998,9.7585e-05,-4.010616933541049,Reverse,0.951586282780121,AS280IV.DAT
T280,280,273,-1.869998,9.808e-05,-4.00841954282566,Reverse,0.951586282780121,AS280IV.DAT
T280,280,274,-1.879998,9.8707e-05,-4.005652047395461,Reverse,0.951586282780121,AS280IV.DAT
T280,280,275,-1.889998,9.93e-05,-4.0030507515046185,Reverse,0.951586282780121,AS280IV.DAT
T280,280,276,-1.899998,9.9934e-05,-4.0002867289890345,Reverse,0.951586282780121,AS280IV.DAT
T280,280,277,-1.909998,0.000100597,-3.9974149706008943,Reverse,0.951586282780121,AS280IV.DAT
T280,280,278,-1.919998,0.000101188,-3.9948709879190605,Reverse,0.951586282780121,AS280IV.DAT
T280,280,279,-1.929998,0.000101893,-3.991855650790397,Reverse,0.951586282780121,AS280IV.DAT
T280,280,280,-1.939998,0.000102501,-3.9892718976095596,Reverse,0.951586282780121,AS280IV.DAT
T280,280,281,-1.949998,0.000103248,-3.98611835223695,Reverse,0.951586282780121,AS280IV.DAT
T280,280,282,-1.959998,0.00010396,-3.983133729171025,Reverse,0.951586282780121,AS280IV.DAT
T280,280,283,-1.969998,0.000104564,-3.980617811572308,Reverse,0.951586282780121,AS280IV.DAT
T280,280,284,-1.979998,0.000105088,-3.978446873232691,Reverse,0.951586282780121,AS280IV.DAT
T280,280,285,-1.989998,0.000105705,-3.9759044694470504,Reverse,0.951586282780121,AS280IV.DAT
T280,280,286,-1.999998,0.000106367,-3.9731930895302217,Reverse,0.951586282780121,AS280IV.DAT
T280,280,287,-2.009998,0.000107154,-3.969991612344941,Reverse,0.951586282780121,AS280IV.DAT
T300,300,1,0.8000002,0.0021967,-2.6582292499710722,Forward,0.9684583799925345,AS300IV.DAT
T300,300,2,0.7900002,0.00216497,-2.6645481172897045,Forward,0.9684583799925345,AS300IV.DAT
T300,300,3,0.7800002,0.00213337,-2.6709338163635143,Forward,0.9684583799925345,AS300IV.DAT
T300,300,4,0.7700002,0.0021018,-2.677408612298664,Forward,0.9684583799925345,AS300IV.DAT
T300,300,5,0.7600002,0.00207022,-2.6839835000942323,Forward,0.9684583799925345,AS300IV.DAT
T300,300,6,0.7500002,0.0020387,-2.69064667708122,Forward,0.9684583799925345,AS300IV.DAT
T300,300,7,0.7400002,0.00200724,-2.697400697047081,Forward,0.9684583799925345,AS300IV.DAT
T300,300,8,0.7300003,0.00197579,-2.704259216979056,Forward,0.9684583799925345,AS300IV.DAT
T300,300,9,0.7200003,0.00194423,-2.71125235987152,Forward,0.9684583799925345,AS300IV.DAT
T300,300,10,0.7100003,0.00191289,-2.7183100031909735,Forward,0.9684583799925345,AS300IV.DAT
T300,300,11,0.7000003,0.00188154,-2.725486544500843,Forward,0.9684583799925345,AS300IV.DAT
T300,300,12,0.6900003,0.00185026,-2.732767239904359,Forward,0.9684583799925345,AS300IV.DAT
T300,300,13,0.6800003,0.00181904,-2.740157750860499,Forward,0.9684583799925345,AS300IV.DAT
T300,300,14,0.6700003,0.00178789,-2.747659204702617,Forward,0.9684583799925345,AS300IV.DAT
T300,300,15,0.6600003,0.00175663,-2.7553197045719338,Forward,0.9684583799925345,AS300IV.DAT
T300,300,16,0.6500003,0.00172549,-2.763087553299416,Forward,0.9684583799925345,AS300IV.DAT
T300,300,17,0.6400003,0.00169447,-2.7709661157907766,Forward,0.9684583799925345,AS300IV.DAT
T300,300,18,0.6300004,0.00166348,-2.7789824162810937,Forward,0.9684583799925345,AS300IV.DAT
T300,300,19,0.6200004,0.00163253,-2.7871388292169037,Forward,0.9684583799925345,AS300IV.DAT
T300,300,20,0.6100004,0.00163253,-2.7871388292169037,Forward,0.9684583799925345,AS300IV.DAT
T300,300,21,0.6000004,0.00160163,-2.795437805054295,Forward,0.9684583799925345,AS300IV.DAT
T300,300,22,0.5900004,0.00157075,-2.803892931612023,Forward,0.9684583799925345,AS300IV.DAT
T300,300,23,0.5800004,0.0015398,-2.8125356847070804,Forward,0.9684583799925345,AS300IV.DAT
T300,300,24,0.5700004,0.00150911,-2.821279103066102,Forward,0.9684583799925345,AS300IV.DAT
T300,300,25,0.5600004,0.00147841,-2.8302051085359468,Forward,0.9684583799925345,AS300IV.DAT
T300,300,26,0.5500004,0.0014478,-2.8392914277075705,Forward,0.9684583799925345,AS300IV.DAT
T300,300,27,0.5400004,0.00141728,-2.8485443413953355,Forward,0.9684583799925345,AS300IV.DAT
T300,300,28,0.5300004,0.00138678,-2.857992430321288,Forward,0.9684583799925345,AS300IV.DAT
T300,300,29,0.5200005,0.00135624,-2.867663450990496,Forward,0.9684583799925345,AS300IV.DAT
T300,300,30,0.5100005,0.00132586,-2.8775023314647377,Forward,0.9684583799925345,AS300IV.DAT
T300,300,31,0.5000005,0.0012956,-2.8875290606618607,Forward,0.9684583799925345,AS300IV.DAT
T300,300,32,0.4900005,0.00126532,-2.897799627326579,Forward,0.9684583799925345,AS300IV.DAT
T300,300,33,0.4800005,0.00123516,-2.9082767811765393,Forward,0.9684583799925345,AS300IV.DAT
T300,300,34,0.4700005,0.00120506,-2.9189913290059617,Forward,0.9684583799925345,AS300IV.DAT
T300,300,35,0.4600005,0.00117487,-2.9300101856527574,Forward,0.9684583799925345,AS300IV.DAT
T300,300,36,0.4500005,0.00114494,-2.941217271709833,Forward,0.9684583799925345,AS300IV.DAT
T300,300,37,0.4400005,0.00111513,-2.9526745003363466,Forward,0.9684583799925345,AS300IV.DAT
T300,300,38,0.4300005,0.00108544,-2.964394178095418,Forward,0.9684583799925345,AS300IV.DAT
T300,300,39,0.4200006,0.00105577,-2.9764306827589704,Forward,0.9684583799925345,AS300IV.DAT
T300,300,40,0.4100006,0.00102629,-2.9887299027682532,Forward,0.9684583799925345,AS300IV.DAT
T300,300,41,0.4000006,0.0009968299,-3.0013789437885796,Forward,0.9684583799925345,AS300IV.DAT
T300,300,42,0.3900006,0.00096732,-3.0144298327995442,Forward,0.9684583799925345,AS300IV.DAT
T300,300,43,0.3800006,0.00093815,-3.0277277170963246,Forward,0.9684583799925345,AS300IV.DAT
T300,300,44,0.3700006,0.00090906,-3.041407451421638,Forward,0.9684583799925345,AS300IV.DAT
T300,300,45,0.3600006,0.00088002,-3.0555074576328582,Forward,0.9684583799925345,AS300IV.DAT
T300,300,46,0.3500006,0.00085111,-3.0700143067711667,Forward,0.9684583799925345,AS300IV.DAT
T300,300,47,0.3400006,0.00082242,-3.084906336840989,Forward,0.9684583799925345,AS300IV.DAT
T300,300,48,0.3300006,0.00079359,-3.1004038133490663,Forward,0.9684583799925345,AS300IV.DAT
T300,300,49,0.3200006,0.00076514,-3.116259093389344,Forward,0.9684583799925345,AS300IV.DAT
T300,300,50,0.3100007,0.00073683,-3.1326327001711163,Forward,0.9684583799925345,AS300IV.DAT
T300,300,51,0.3000007,0.00070861,-3.1495927231372267,Forward,0.9684583799925345,AS300IV.DAT
T300,300,52,0.2900007,0.00068063,-3.1670889125024515,Forward,0.9684583799925345,AS300IV.DAT
T300,300,53,0.2800007,0.0006528,-3.1852198542541954,Forward,0.9684583799925345,AS300IV.DAT
T300,300,54,0.2700007,0.00062509,-3.2040574487528635,Forward,0.9684583799925345,AS300IV.DAT
T300,300,55,0.2600007,0.00059752,-3.2236475535693296,Forward,0.9684583799925345,AS300IV.DAT
T300,300,56,0.2500007,0.00057027,-3.2439194745961197,Forward,0.9684583799925345,AS300IV.DAT
T300,300,57,0.2400007,0.00054317,-3.2650642247258066,Forward,0.9684583799925345,AS300IV.DAT
T300,300,58,0.2300007,0.00051628,-3.287114698617073,Forward,0.9684583799925345,AS300IV.DAT
T300,300,59,0.2200007,0.00048967,-3.3100965025440843,Forward,0.9684583799925345,AS300IV.DAT
T300,300,60,0.2100007,0.00046327,-3.3341658225171176,Forward,0.9684583799925345,AS300IV.DAT
T300,300,61,0.2000007,0.00043699,-3.3595285012321185,Forward,0.9684583799925345,AS300IV.DAT
T300,300,62,0.1900007,0.0004112,-3.385946894012781,Forward,0.9684583799925345,AS300IV.DAT
T300,300,63,0.1800007,0.00038569,-3.413761621183529,Forward,0.9684583799925345,AS300IV.DAT
T300,300,64,0.1700007,0.00036047,-3.443130873459399,Forward,0.9684583799925345,AS300IV.DAT
T300,300,65,0.1600007,0.00033561,-3.4741651071993678,Forward,0.9684583799925345,AS300IV.DAT
T300,300,66,0.1500007,0.00031116,-3.5070162371830236,Forward,0.9684583799925345,AS300IV.DAT
T300,300,67,0.1400007,0.00028699,-3.542133235741554,Forward,0.9684583799925345,AS300IV.DAT
T300,300,68,0.1300007,0.00026336,-3.5794501864678243,Forward,0.9684583799925345,AS300IV.DAT
T300,300,69,0.1200007,0.00024021,-3.6194089167731676,Forward,0.9684583799925345,AS300IV.DAT
T300,300,70,0.1100007,0.00021747,-3.662600645528103,Forward,0.9684583799925345,AS300IV.DAT
T300,300,71,0.1000007,0.00019537,-3.709142123497112,Forward,0.9684583799925345,AS300IV.DAT
T300,300,72,0.09000066,0.000173765,-3.760037695307363,Forward,0.9684583799925345,AS300IV.DAT
T300,300,73,0.08000066,0.00015274,-3.81604721373342,Forward,0.9684583799925345,AS300IV.DAT
T300,300,74,0.07000066,0.000132334,-3.8783285600805373,Forward,0.9684583799925345,AS300IV.DAT
T300,300,75,0.06000067,0.000112779,-3.9477717605758915,Forward,0.9684583799925345,AS300IV.DAT
T300,300,76,0.05000067,9.3966e-05,-4.027029260054321,Forward,0.9684583799925345,AS300IV.DAT
T300,300,77,0.04000067,7.602e-05,-4.119072134732915,Forward,0.9684583799925345,AS300IV.DAT
T300,300,78,0.03000067,5.9011e-05,-4.22906702574734,Forward,0.9684583799925345,AS300IV.DAT
T300,300,79,0.02000067,4.2989e-05,-4.366642657221516,Forward,0.9684583799925345,AS300IV.DAT
T300,300,80,0.01000067,2.7952e-05,-4.553587112361145,Forward,0.9684583799925345,AS300IV.DAT
T300,300,81,6.705523e-07,1.4103e-05,-4.850688494092085,Forward,0.9684583799925345,AS300IV.DAT
T300,300,82,-0.009999329,3.8384e-08,-7.415849769376244,Reverse,0.9684583799925345,AS300IV.DAT
T300,300,83,-0.01999933,1.02028e-05,-4.991280626505285,Reverse,0.9684583799925345,AS300IV.DAT
T300,300,84,-0.02999933,2.03955e-05,-4.69046564339522,Reverse,0.9684583799925345,AS300IV.DAT
T300,300,85,-0.03999933,2.9481e-05,-4.530457789228313,Reverse,0.9684583799925345,AS300IV.DAT
T300,300,86,-0.04999933,3.7268e-05,-4.428663913183105,Reverse,0.9684583799925345,AS300IV.DAT
T300,300,87,-0.05999932,4.3999e-05,-4.356557193955111,Reverse,0.9684583799925345,AS300IV.DAT
T300,300,88,-0.06999932,4.9723e-05,-4.30344267640729,Reverse,0.9684583799925345,AS300IV.DAT
T300,300,89,-0.07999932,5.4566e-05,-4.263077881320365,Reverse,0.9684583799925345,AS300IV.DAT
T300,300,90,-0.08999932,5.8636e-05,-4.231835663830421,Reverse,0.9684583799925345,AS300IV.DAT
T300,300,91,-0.09999932,6.2116e-05,-4.206796518717139,Reverse,0.9684583799925345,AS300IV.DAT
T300,300,92,-0.1099993,6.5125e-05,-4.186252263692419,Reverse,0.9684583799925345,AS300IV.DAT
T300,300,93,-0.1199993,6.763e-05,-4.169860612574658,Reverse,0.9684583799925345,AS300IV.DAT
T300,300,94,-0.1299993,6.9822e-05,-4.156007715296638,Reverse,0.9684583799925345,AS300IV.DAT
T300,300,95,-0.1399993,7.1766e-05,-4.1440812592343,Reverse,0.9684583799925345,AS300IV.DAT
T300,300,96,-0.1499993,7.3602e-05,-4.133110384342358,Reverse,0.9684583799925345,AS300IV.DAT
T300,300,97,-0.1599993,7.5114e-05,-4.124279110184985,Reverse,0.9684583799925345,AS300IV.DAT
T300,300,98,-0.1699993,7.6564e-05,-4.115975385412138,Reverse,0.9684583799925345,AS300IV.DAT
T300,300,99,-0.1799993,7.7903e-05,-4.108445817573151,Reverse,0.9684583799925345,AS300IV.DAT
T300,300,100,-0.1899993,7.9367e-05,-4.1003600353182685,Reverse,0.9684583799925345,AS300IV.DAT
T300,300,101,-0.1999993,8.0683e-05,-4.093217961981048,Reverse,0.9684583799925345,AS300IV.DAT
T300,300,102,-0.2099994,8.1833e-05,-4.087071527284571,Reverse,0.9684583799925345,AS300IV.DAT
T300,300,103,-0.2199994,8.2835e-05,-4.081786123418666,Reverse,0.9684583799925345,AS300IV.DAT
T300,300,104,-0.2299994,8.3856e-05,-4.076465857641482,Reverse,0.9684583799925345,AS300IV.DAT
T300,300,105,-0.2399994,8.4675e-05,-4.072244794683332,Reverse,0.9684583799925345,AS300IV.DAT
T300,300,106,-0.2499994,8.572e-05,-4.066917837630209,Reverse,0.9684583799925345,AS300IV.DAT
T300,300,107,-0.2599994,8.6788e-05,-4.061540319685954,Reverse,0.9684583799925345,AS300IV.DAT
T300,300,108,-0.2699994,8.7916e-05,-4.055932079654698,Reverse,0.9684583799925345,AS300IV.DAT
T300,300,109,-0.2799993,8.885e-05,-4.05134256785868,Reverse,0.9684583799925345,AS300IV.DAT
T300,300,110,-0.2899993,8.9939e-05,-4.046051945508307,Reverse,0.9684583799925345,AS300IV.DAT
T300,300,111,-0.2999993,9.1521e-05,-4.038479243226431,Reverse,0.9684583799925345,AS300IV.DAT
T300,300,112,-0.3099993,9.152e-05,-4.038483988551051,Reverse,0.9684583799925345,AS300IV.DAT
T300,300,113,-0.3199993,9.2529e-05,-4.033722131411146,Reverse,0.9684583799925345,AS300IV.DAT
T300,300,114,-0.3299993,9.3451e-05,-4.029416046964034,Reverse,0.9684583799925345,AS300IV.DAT
T300,300,115,-0.3399993,9.4144e-05,-4.026207353288583,Reverse,0.9684583799925345,AS300IV.DAT
T300,300,116,-0.3499993,9.5062e-05,-4.021993052866564,Reverse,0.9684583799925345,AS300IV.DAT
T300,300,117,-0.3599993,9.5836e-05,-4.018471321146127,Reverse,0.9684583799925345,AS300IV.DAT
T300,300,118,-0.3699993,9.6704e-05,-4.014555561677088,Reverse,0.9684583799925345,AS300IV.DAT
T300,300,119,-0.3799993,9.7636e-05,-4.010390021281804,Reverse,0.9684583799925345,AS300IV.DAT
T300,300,120,-0.3899992,9.8493e-05,-4.006594634166357,Reverse,0.9684583799925345,AS300IV.DAT
T300,300,121,-0.3999992,9.9281e-05,-4.003133857090565,Reverse,0.9684583799925345,AS300IV.DAT
T300,300,122,-0.4099992,0.000100324,-3.99859516049167,Reverse,0.9684583799925345,AS300IV.DAT
T300,300,123,-0.4199992,0.000101088,-3.995300395774945,Reverse,0.9684583799925345,AS300IV.DAT
T300,300,124,-0.4299992,0.000102129,-3.990850920482462,Reverse,0.9684583799925345,AS300IV.DAT
T300,300,125,-0.4399992,0.00010298,-3.987247112508784,Reverse,0.9684583799925345,AS300IV.DAT
T300,300,126,-0.4499992,0.000103846,-3.98361022721154,Reverse,0.9684583799925345,AS300IV.DAT
T300,300,127,-0.4599992,0.000104635,-3.980323021354391,Reverse,0.9684583799925345,AS300IV.DAT
T300,300,128,-0.4699992,0.000105354,-3.9773489707825136,Reverse,0.9684583799925345,AS300IV.DAT
T300,300,129,-0.4799992,0.000106098,-3.9742928026882014,Reverse,0.9684583799925345,AS300IV.DAT
T300,300,130,-0.4899991,0.000106909,-3.9709857327162914,Reverse,0.9684583799925345,AS300IV.DAT
T300,300,131,-0.4999991,0.000107571,-3.968304794073903,Reverse,0.9684583799925345,AS300IV.DAT
T300,300,132,-0.5099992,0.000108466,-3.964706375423165,Reverse,0.9684583799925345,AS300IV.DAT
T300,300,133,-0.5199991,0.000109393,-3.9610104673868403,Reverse,0.9684583799925345,AS300IV.DAT
T300,300,134,-0.5299991,0.000110233,-3.9576883730661305,Reverse,0.9684583799925345,AS300IV.DAT
T300,300,135,-0.5399991,0.000110945,-3.954892265503537,Reverse,0.9684583799925345,AS300IV.DAT
T300,300,136,-0.5499991,0.000111851,-3.951360128755188,Reverse,0.9684583799925345,AS300IV.DAT
T300,300,137,-0.5599991,0.000112512,-3.94880115527836,Reverse,0.9684583799925345,AS300IV.DAT
T300,300,138,-0.5699991,0.000113201,-3.946149736641001,Reverse,0.9684583799925345,AS300IV.DAT
T300,300,139,-0.5799991,0.000114215,-3.9422768559024606,Reverse,0.9684583799925345,AS300IV.DAT
T300,300,140,-0.5899991,0.000114921,-3.939600603593836,Reverse,0.9684583799925345,AS300IV.DAT
T300,300,141,-0.5999991,0.00011605,-3.9353548552080633,Reverse,0.9684583799925345,AS300IV.DAT
T300,300,142,-0.6099991,0.000116811,-3.932516258128076,Reverse,0.9684583799925345,AS300IV.DAT
T300,300,143,-0.6199991,0.000117672,-3.9293268650422157,Reverse,0.9684583799925345,AS300IV.DAT
T300,300,144,-0.629999,0.000118455,-3.9264466029312555,Reverse,0.9684583799925345,AS300IV.DAT
T300,300,145,-0.639999,0.000119308,-3.9233304344573274,Reverse,0.9684583799925345,AS300IV.DAT
T300,300,146,-0.649999,0.000120042,-3.920666777478041,Reverse,0.9684583799925345,AS300IV.DAT
T300,300,147,-0.659999,0.000120958,-3.9173654026972393,Reverse,0.9684583799925345,AS300IV.DAT
T300,300,148,-0.669999,0.000121833,-3.9142350616476054,Reverse,0.9684583799925345,AS300IV.DAT
T300,300,149,-0.679999,0.000122707,-3.9111306616034005,Reverse,0.9684583799925345,AS300IV.DAT
T300,300,150,-0.689999,0.000123631,-3.907872617913191,Reverse,0.9684583799925345,AS300IV.DAT
T300,300,151,-0.699999,0.000124446,-3.9050190581220483,Reverse,0.9684583799925345,AS300IV.DAT
T300,300,152,-0.709999,0.000125133,-3.902628143320484,Reverse,0.9684583799925345,AS300IV.DAT
T300,300,153,-0.719999,0.000125846,-3.9001605838942064,Reverse,0.9684583799925345,AS300IV.DAT
T300,300,154,-0.7299989,0.000126761,-3.8970143433791113,Reverse,0.9684583799925345,AS300IV.DAT
T300,300,155,-0.7399989,0.000127603,-3.8941391150495748,Reverse,0.9684583799925345,AS300IV.DAT
T300,300,156,-0.7499989,0.000128461,-3.8912287015591005,Reverse,0.9684583799925345,AS300IV.DAT
T300,300,157,-0.7599989,0.000129363,-3.8881899214540185,Reverse,0.9684583799925345,AS300IV.DAT
T300,300,158,-0.7699989,0.000130285,-3.8851055826928165,Reverse,0.9684583799925345,AS300IV.DAT
T300,300,159,-0.7799989,0.000130979,-3.8827983296511457,Reverse,0.9684583799925345,AS300IV.DAT
T300,300,160,-0.7899989,0.00013185,-3.879919865870547,Reverse,0.9684583799925345,AS300IV.DAT
T300,300,161,-0.7999989,0.000132476,-3.8778627935132532,Reverse,0.9684583799925345,AS300IV.DAT
T300,300,162,-0.8099989,0.000133389,-3.874879983285095,Reverse,0.9684583799925345,AS300IV.DAT
T300,300,163,-0.8199989,0.000134349,-3.8717655618031848,Reverse,0.9684583799925345,AS300IV.DAT
T300,300,164,-0.8299989,0.00013524,-3.8688948379062684,Reverse,0.9684583799925345,AS300IV.DAT
T300,300,165,-0.8399988,0.000136075,-3.8662216570108887,Reverse,0.9684583799925345,AS300IV.DAT
T300,300,166,-0.8499988,0.000137186,-3.862690206653889,Reverse,0.9684583799925345,AS300IV.DAT
T300,300,167,-0.8599988,0.000138124,-3.8597308531956394,Reverse,0.9684583799925345,AS300IV.DAT
T300,300,168,-0.8699988,0.000138915,-3.857250856742561,Reverse,0.9684583799925345,AS300IV.DAT
T300,300,169,-0.8799988,0.000139691,-3.8548315736728442,Reverse,0.9684583799925345,AS300IV.DAT
T300,300,170,-0.8899988,0.000140893,-3.851110583447719,Reverse,0.9684583799925345,AS300IV.DAT
T300,300,171,-0.8999988,0.000141742,-3.848501443573685,Reverse,0.9684583799925345,AS300IV.DAT
T300,300,172,-0.9099988,0.000142386,-3.846532710289392,Reverse,0.9684583799925345,AS300IV.DAT
T300,300,173,-0.9199988,0.000143314,-3.843711382346824,Reverse,0.9684583799925345,AS300IV.DAT
T300,300,174,-0.9299988,0.000144211,-3.8410016116200625,Reverse,0.9684583799925345,AS300IV.DAT
T300,300,175,-0.9399987,0.000144962,-3.838745827786937,Reverse,0.9684583799925345,AS300IV.DAT
T300,300,176,-0.9499987,0.000146126,-3.8352725037651187,Reverse,0.9684583799925345,AS300IV.DAT
T300,300,177,-0.9599987,0.000146819,-3.83321773828092,Reverse,0.9684583799925345,AS300IV.DAT
T300,300,178,-0.9699987,0.00014781,-3.8302961830054283,Reverse,0.9684583799925345,AS300IV.DAT
T300,300,179,-0.9799987,0.000148793,-3.827417499790694,Reverse,0.9684583799925345,AS300IV.DAT
T300,300,180,-0.9899987,0.000149823,-3.8244215110268467,Reverse,0.9684583799925345,AS300IV.DAT
T300,300,181,-0.9999987,0.000150618,-3.8221231235301247,Reverse,0.9684583799925345,AS300IV.DAT
T300,300,182,-1.009999,0.000151594,-3.819317987480074,Reverse,0.9684583799925345,AS300IV.DAT
T300,300,183,-1.019999,0.000152528,-3.81665042432192,Reverse,0.9684583799925345,AS300IV.DAT
T300,300,184,-1.029999,0.000153291,-3.8144833426347113,Reverse,0.9684583799925345,AS300IV.DAT
T300,300,185,-1.039999,0.000154104,-3.812186088371899,Reverse,0.9684583799925345,AS300IV.DAT
T300,300,186,-1.049999,0.000155072,-3.8094666118786065,Reverse,0.9684583799925345,AS300IV.DAT
T300,300,187,-1.059999,0.000156003,-3.8068670499088837,Reverse,0.9684583799925345,AS300IV.DAT
T300,300,188,-1.069999,0.000156871,-3.804457334960227,Reverse,0.9684583799925345,AS300IV.DAT
T300,300,189,-1.079999,0.000157764,-3.8019920910190854,Reverse,0.9684583799925345,AS300IV.DAT
T300,300,190,-1.089999,0.000158029,-3.8012632080817257,Reverse,0.9684583799925345,AS300IV.DAT
T300,300,191,-1.099999,0.000158953,-3.7987312710134384,Reverse,0.9684583799925345,AS300IV.DAT
T300,300,192,-1.109999,0.000159861,-3.7962574746569993,Reverse,0.9684583799925345,AS300IV.DAT
T300,300,193,-1.119999,0.000160854,-3.7935681349091794,Reverse,0.9684583799925345,AS300IV.DAT
T300,300,194,-1.129999,0.000161742,-3.7911771909793686,Reverse,0.9684583799925345,AS300IV.DAT
T300,300,195,-1.139999,0.000162633,-3.788791326738421,Reverse,0.9684583799925345,AS300IV.DAT
T300,300,196,-1.149999,0.000163638,-3.7861158371318147,Reverse,0.9684583799925345,AS300IV.DAT
T300,300,197,-1.159999,0.000164508,-3.7838129775232767,Reverse,0.9684583799925345,AS300IV.DAT
T300,300,198,-1.169999,0.000165363,-3.781561657379636,Reverse,0.9684583799925345,AS300IV.DAT
T300,300,199,-1.179999,0.000166473,-3.7786561940007064,Reverse,0.9684583799925345,AS300IV.DAT
T300,300,200,-1.189999,0.000167454,-3.776104473939705,Reverse,0.9684583799925345,AS300IV.DAT
T300,300,201,-1.199998,0.000168266,-3.7740036291465886,Reverse,0.9684583799925345,AS300IV.DAT
T300,300,202,-1.209998,0.000169098,-3.771861528972929,Reverse,0.9684583799925345,AS300IV.DAT
T300,300,203,-1.219998,0.000170086,-3.7693314322602776,Reverse,0.9684583799925345,AS300IV.DAT
T300,300,204,-1.229998,0.000170802,-3.7675070482613084,Reverse,0.9684583799925345,AS300IV.DAT
T300,300,205,-1.239998,0.000171795,-3.764989480225434,Reverse,0.9684583799925345,AS300IV.DAT
T300,300,206,-1.249998,0.000172635,-3.7628711508809003,Reverse,0.9684583799925345,AS300IV.DAT
T300,300,207,-1.259998,0.00017352,-3.760650460993863,Reverse,0.9684583799925345,AS300IV.DAT
T300,300,208,-1.269998,0.000174714,-3.757672293190297,Reverse,0.9684583799925345,AS300IV.DAT
T300,300,209,-1.279998,0.000175542,-3.755618957910522,Reverse,0.9684583799925345,AS300IV.DAT
T300,300,210,-1.289998,0.000176682,-3.7528076932711985,Reverse,0.9684583799925345,AS300IV.DAT
T300,300,211,-1.299998,0.00017785,-3.7499461304782007,Reverse,0.9684583799925345,AS300IV.DAT
T300,300,212,-1.309998,0.000178521,-3.748310689088591,Reverse,0.9684583799925345,AS300IV.DAT
T300,300,213,-1.319998,0.000179607,-3.745676741153509,Reverse,0.9684583799925345,AS300IV.DAT
T300,300,214,-1.329998,0.000180462,-3.7436142338011713,Reverse,0.9684583799925345,AS300IV.DAT
T300,300,215,-1.339998,0.000181199,-3.7418442034344834,Reverse,0.9684583799925345,AS300IV.DAT
T300,300,216,-1.349998,0.000182438,-3.738884697414024,Reverse,0.9684583799925345,AS300IV.DAT
T300,300,217,-1.359998,0.000183014,-3.737515686825934,Reverse,0.9684583799925345,AS300IV.DAT
T300,300,218,-1.369998,0.000184152,-3.734823560087661,Reverse,0.9684583799925345,AS300IV.DAT
T300,300,219,-1.379998,0.000185319,-3.732080051959351,Reverse,0.9684583799925345,AS300IV.DAT
T300,300,220,-1.389998,0.000186262,-3.7298757380916068,Reverse,0.9684583799925345,AS300IV.DAT
T300,300,221,-1.399998,0.000187153,-3.72780320689846,Reverse,0.9684583799925345,AS300IV.DAT
T300,300,222,-1.409998,0.000188257,-3.7252488663631023,Reverse,0.9684583799925345,AS300IV.DAT
T300,300,223,-1.419998,0.000189143,-3.723209726893719,Reverse,0.9684583799925345,AS300IV.DAT
T300,300,224,-1.429998,0.000190133,-3.7209424992623585,Reverse,0.9684583799925345,AS300IV.DAT
T300,300,225,-1.439998,0.000191494,-3.717844829046344,Reverse,0.9684583799925345,AS300IV.DAT
T300,300,226,-1.449998,0.000192461,-3.7156572620036425,Reverse,0.9684583799925345,AS300IV.DAT
T300,300,227,-1.459998,0.000193393,-3.713559249572517,Reverse,0.9684583799925345,AS300IV.DAT
T300,300,228,-1.469998,0.0001944,-3.711303739409744,Reverse,0.9684583799925345,AS300IV.DAT
T300,300,229,-1.479998,0.000195332,-3.7092266031791428,Reverse,0.9684583799925345,AS300IV.DAT
T300,300,230,-1.489998,0.000196431,-3.706789972422119,Reverse,0.9684583799925345,AS300IV.DAT
T300,300,231,-1.499998,0.00019771,-3.703971363893278,Reverse,0.9684583799925345,AS300IV.DAT
T300,300,232,-1.509998,0.000198613,-3.7019923286327328,Reverse,0.9684583799925345,AS300IV.DAT
T300,300,233,-1.519998,0.000199603,-3.6998329356255284,Reverse,0.9684583799925345,AS300IV.DAT
T300,300,234,-1.529998,0.000200952,-3.6969076670801004,Reverse,0.9684583799925345,AS300IV.DAT
T300,300,235,-1.539998,0.000201836,-3.6950013692836907,Reverse,0.9684583799925345,AS300IV.DAT
T300,300,236,-1.549998,0.000202738,-3.693064842113178,Reverse,0.9684583799925345,AS300IV.DAT
T300,300,237,-1.559998,0.000203855,-3.6906786320372884,Reverse,0.9684583799925345,AS300IV.DAT
T300,300,238,-1.569998,0.000204602,-3.6890901253417545,Reverse,0.9684583799925345,AS300IV.DAT
T300,300,239,-1.579998,0.000205625,-3.6869240847059506,Reverse,0.9684583799925345,AS300IV.DAT
T300,300,240,-1.589998,0.000207305,-3.683390223008781,Reverse,0.9684583799925345,AS300IV.DAT
T300,300,241,-1.599998,0.000208066,-3.68179888191607,Reverse,0.9684583799925345,AS300IV.DAT
T300,300,242,-1.609998,0.000209297,-3.6792369966626666,Reverse,0.9684583799925345,AS300IV.DAT
T300,300,243,-1.619998,0.00021027,-3.677222685296793,Reverse,0.9684583799925345,AS300IV.DAT
T300,300,244,-1.629998,0.00021164,-3.6744022471399806,Reverse,0.9684583799925345,AS300IV.DAT
T300,300,245,-1.639998,0.00021254,-3.6725593237572447,Reverse,0.9684583799925345,AS300IV.DAT
T300,300,246,-1.649998,0.00021351,-3.670581779453412,Reverse,0.9684583799925345,AS300IV.DAT
T300,300,247,-1.659998,0.00021467,-3.6682286437090728,Reverse,0.9684583799925345,AS300IV.DAT
T300,300,248,-1.669998,0.00021607,-3.665405528067718,Reverse,0.9684583799925345,AS300IV.DAT
T300,300,249,-1.679998,0.00021716,-3.663220167016358,Reverse,0.9684583799925345,AS300IV.DAT
T300,300,250,-1.689998,0.00021804,-3.661463826644341,Reverse,0.9684583799925345,AS300IV.DAT
T300,300,251,-1.699998,0.00021946,-3.658644625136295,Reverse,0.9684583799925345,AS300IV.DAT
T300,300,252,-1.709998,0.00022017,-3.657241857580709,Reverse,0.9684583799925345,AS300IV.DAT
T300,300,253,-1.719998,0.00022128,-3.655057837234765,Reverse,0.9684583799925345,AS300IV.DAT
T300,300,254,-1.729998,0.0002226,-3.6524748400013105,Reverse,0.9684583799925345,AS300IV.DAT
T300,300,255,-1.739998,0.00022375,-3.6502369560120504,Reverse,0.9684583799925345,AS300IV.DAT
T300,300,256,-1.749998,0.00022469,-3.6484162557582662,Reverse,0.9684583799925345,AS300IV.DAT
T300,300,257,-1.759998,0.00022577,-3.6463337670170977,Reverse,0.9684583799925345,AS300IV.DAT
T300,300,258,-1.769998,0.0002269,-3.644165504115064,Reverse,0.9684583799925345,AS300IV.DAT
T300,300,259,-1.779998,0.00022764,-3.6427514230637126,Reverse,0.9684583799925345,AS300IV.DAT
T300,300,260,-1.789998,0.00022895,-3.640259352136284,Reverse,0.9684583799925345,AS300IV.DAT
T300,300,261,-1.799998,0.00023021,-3.6378758151523956,Reverse,0.9684583799925345,AS300IV.DAT
T300,300,262,-1.809998,0.00023135,-3.635730496164084,Reverse,0.9684583799925345,AS300IV.DAT
T300,300,263,-1.819998,0.00023199,-3.6345307351022886,Reverse,0.9684583799925345,AS300IV.DAT
T300,300,264,-1.829998,0.00023337,-3.6319549737913235,Reverse,0.9684583799925345,AS300IV.DAT
T300,300,265,-1.839998,0.00023457,-3.6297275321504716,Reverse,0.9684583799925345,AS300IV.DAT
T300,300,266,-1.849998,0.00023561,-3.6278062807242657,Reverse,0.9684583799925345,AS300IV.DAT
T300,300,267,-1.859998,0.00023688,-3.625471605618757,Reverse,0.9684583799925345,AS300IV.DAT
T300,300,268,-1.869998,0.00023789,-3.623623813684038,Reverse,0.9684583799925345,AS300IV.DAT
T300,300,269,-1.879998,0.00023893,-3.621729316903642,Reverse,0.9684583799925345,AS300IV.DAT
T300,300,270,-1.889998,0.00024004,-3.619716381905941,Reverse,0.9684583799925345,AS300IV.DAT
T300,300,271,-1.899998,0.00024092,-3.618127145501457,Reverse,0.9684583799925345,AS300IV.DAT
T300,300,272,-1.909998,0.0002421,-3.616005210558267,Reverse,0.9684583799925345,AS300IV.DAT
T300,300,273,-1.919998,0.00024343,-3.613625900914517,Reverse,0.9684583799925345,AS300IV.DAT
T300,300,274,-1.929998,0.00024469,-3.6113837790485444,Reverse,0.9684583799925345,AS300IV.DAT
T300,300,275,-1.939998,0.00024583,-3.6093651188481237,Reverse,0.9684583799925345,AS300IV.DAT
T300,300,276,-1.949998,0.00024671,-3.6078132467129365,Reverse,0.9684583799925345,AS300IV.DAT
T300,300,277,-1.959998,0.00024789,-3.6057409925238932,Reverse,0.9684583799925345,AS300IV.DAT
T300,300,278,-1.969998,0.0002491,-3.6036262724634933,Reverse,0.9684583799925345,AS300IV.DAT
T300,300,279,-1.979998,0.00025023,-3.6016606240853872,Reverse,0.9684583799925345,AS300IV.DAT
T300,300,280,-1.989998,0.00025123,-3.5999285016525033,Reverse,0.9684583799925345,AS300IV.DAT
T300,300,281,-1.999998,0.00025193,-3.598720113332832,Reverse,0.9684583799925345,AS300IV.DAT
T300,300,282,-2.009998,0.00025312,-3.5966735381824173,Reverse,0.9684583799925345,AS300IV.DAT
T320,320,1,0.7600002,0.00218879,-2.6597959041315513,Forward,0.9823930329420674,AS320IV.DAT
T320,320,2,0.7500002,0.0021565,-2.6662505375180294,Forward,0.9823930329420674,AS320IV.DAT
T320,320,3,0.7400002,0.00212429,-2.6727861953106404,Forward,0.9823930329420674,AS320IV.DAT
T320,320,4,0.7300003,0.00209207,-2.679423788205753,Forward,0.9823930329420674,AS320IV.DAT
T320,320,5,0.7200003,0.00205969,-2.686198139543677,Forward,0.9823930329420674,AS320IV.DAT
T320,320,6,0.7100003,0.00202763,-2.6930112917541833,Forward,0.9823930329420674,AS320IV.DAT
T320,320,7,0.7000003,0.00199554,-2.6999395624902465,Forward,0.9823930329420674,AS320IV.DAT
T320,320,8,0.6900003,0.0019634,-2.706991213341435,Forward,0.9823930329420674,AS320IV.DAT
T320,320,9,0.6800003,0.0019314,-2.714127772930743,Forward,0.9823930329420674,AS320IV.DAT
T320,320,10,0.6700003,0.00189941,-2.7213812798557084,Forward,0.9823930329420674,AS320IV.DAT
T320,320,11,0.6600003,0.0018674,-2.728762645529164,Forward,0.9823930329420674,AS320IV.DAT
T320,320,12,0.6500003,0.00183544,-2.7362598078883074,Forward,0.9823930329420674,AS320IV.DAT
T320,320,13,0.6400003,0.00180365,-2.7438477338760516,Forward,0.9823930329420674,AS320IV.DAT
T320,320,14,0.6300004,0.00177182,-2.7515804003820516,Forward,0.9823930329420674,AS320IV.DAT
T320,320,15,0.6200004,0.00174007,-2.759433280451743,Forward,0.9823930329420674,AS320IV.DAT
T320,320,16,0.6100004,0.00174007,-2.759433280451743,Forward,0.9823930329420674,AS320IV.DAT
T320,320,17,0.6000004,0.00170833,-2.7674282323965644,Forward,0.9823930329420674,AS320IV.DAT
T320,320,18,0.5900004,0.00167664,-2.775560176986766,Forward,0.9823930329420674,AS320IV.DAT
T320,320,19,0.5800004,0.0016448,-2.7838869026848183,Forward,0.9823930329420674,AS320IV.DAT
T320,320,20,0.5700004,0.00161325,-2.792298326220837,Forward,0.9823930329420674,AS320IV.DAT
T320,320,21,0.5600004,0.00158174,-2.800864902535668,Forward,0.9823930329420674,AS320IV.DAT
T320,320,22,0.5500004,0.00155018,-2.8096178705600208,Forward,0.9823930329420674,AS320IV.DAT
T320,320,23,0.5400004,0.00151883,-2.818490833242944,Forward,0.9823930329420674,AS320IV.DAT
T320,320,24,0.5300004,0.00148745,-2.8275576239786107,Forward,0.9823930329420674,AS320IV.DAT
T320,320,25,0.5200005,0.00145608,-2.836814763344346,Forward,0.9823930329420674,AS320IV.DAT
T320,320,26,0.5100005,0.00142483,-2.846236949315943,Forward,0.9823930329420674,AS320IV.DAT
T320,320,27,0.5000005,0.00139367,-2.855840048436977,Forward,0.9823930329420674,AS320IV.DAT
T320,320,28,0.4900005,0.00136251,-2.865660301580581,Forward,0.9823930329420674,AS320IV.DAT
T320,320,29,0.4800005,0.00133146,-2.875671876194786,Forward,0.9823930329420674,AS320IV.DAT
T320,320,30,0.4700005,0.00130046,-2.8859030014430695,Forward,0.9823930329420674,AS320IV.DAT
T320,320,31,0.4600005,0.00126931,-2.89643229843505,Forward,0.9823930329420674,AS320IV.DAT
T320,320,32,0.4500005,0.00123846,-2.907118015771573,Forward,0.9823930329420674,AS320IV.DAT
T320,320,33,0.4400005,0.00120767,-2.918051721971677,Forward,0.9823930329420674,AS320IV.DAT
T320,320,34,0.4300005,0.00117701,-2.929219847329573,Forward,0.9823930329420674,AS320IV.DAT
T320,320,35,0.4200006,0.00114639,-2.9406676109601193,Forward,0.9823930329420674,AS320IV.DAT
T320,320,36,0.4100006,0.0011159,-2.952374722418216,Forward,0.9823930329420674,AS320IV.DAT
T320,320,37,0.4000006,0.00108544,-2.964394178095418,Forward,0.9823930329420674,AS320IV.DAT
T320,320,38,0.3900006,0.00105499,-2.976751656921172,Forward,0.9823930329420674,AS320IV.DAT
T320,320,39,0.3800006,0.00102479,-2.989365121130279,Forward,0.9823930329420674,AS320IV.DAT
T320,320,40,0.3700006,0.00099457,-3.002364644873505,Forward,0.9823930329420674,AS320IV.DAT
T320,320,41,0.3600006,0.00096453,-3.0156842598481575,Forward,0.9823930329420674,AS320IV.DAT
T320,320,42,0.3500006,0.00093452,-3.029411399692648,Forward,0.9823930329420674,AS320IV.DAT
T320,320,43,0.3400006,0.00090471,-3.0434906092844773,Forward,0.9823930329420674,AS320IV.DAT
T320,320,44,0.3300006,0.0008748,-3.0580912256344006,Forward,0.9823930329420674,AS320IV.DAT
T320,320,45,0.3200006,0.00084519,-3.0730456500136087,Forward,0.9823930329420674,AS320IV.DAT
T320,320,46,0.3100007,0.00081572,-3.0884588894359344,Forward,0.9823930329420674,AS320IV.DAT
T320,320,47,0.3000007,0.00078633,-3.104395154848914,Forward,0.9823930329420674,AS320IV.DAT
T320,320,48,0.2900007,0.00075716,-3.120812337442175,Forward,0.9823930329420674,AS320IV.DAT
T320,320,49,0.2800007,0.0007281,-3.137808968948403,Forward,0.9823930329420674,AS320IV.DAT
T320,320,50,0.2700007,0.00069913,-3.1554420616888774,Forward,0.9823930329420674,AS320IV.DAT
T320,320,51,0.2600007,0.0006703,-3.173730780606274,Forward,0.9823930329420674,AS320IV.DAT
T320,320,52,0.2500007,0.00064167,-3.1926882648057724,Forward,0.9823930329420674,AS320IV.DAT
T320,320,53,0.2400007,0.00061319,-3.212404936303363,Forward,0.9823930329420674,AS320IV.DAT
T320,320,54,0.2300007,0.00058491,-3.232910953593604,Forward,0.9823930329420674,AS320IV.DAT
T320,320,55,0.2200007,0.00055686,-3.2542539769444665,Forward,0.9823930329420674,AS320IV.DAT
T320,320,56,0.2100007,0.00052898,-3.2765607477263203,Forward,0.9823930329420674,AS320IV.DAT
T320,320,57,0.2000007,0.00050112,-3.3000582639581695,Forward,0.9823930329420674,AS320IV.DAT
T320,320,58,0.1900007,0.00047368,-3.3245149519260564,Forward,0.9823930329420674,AS320IV.DAT
T320,320,59,0.1800007,0.00044651,-3.350168810244222,Forward,0.9823930329420674,AS320IV.DAT
T320,320,60,0.1700007,0.00041955,-3.3772162745727914,Forward,0.9823930329420674,AS320IV.DAT
T320,320,61,0.1600007,0.00039284,-3.405784297629421,Forward,0.9823930329420674,AS320IV.DAT
T320,320,62,0.1500007,0.00036644,-3.4359971255306503,Forward,0.9823930329420674,AS320IV.DAT
T320,320,63,0.1400007,0.0003403,-3.468138050904191,Forward,0.9823930329420674,AS320IV.DAT
T320,320,64,0.1300007,0.00031451,-3.502365541392718,Forward,0.9823930329420674,AS320IV.DAT
T320,320,65,0.1200007,0.00028904,-3.5390420514400343,Forward,0.9823930329420674,AS320IV.DAT
T320,320,66,0.1100007,0.00026399,-3.578412523990297,Forward,0.9823930329420674,AS320IV.DAT
T320,320,67,0.1000007,0.00023927,-3.621111750409586,Forward,0.9823930329420674,AS320IV.DAT
T320,320,68,0.09000066,0.00021499,-3.667581740297515,Forward,0.9823930329420674,AS320IV.DAT
T320,320,69,0.08000066,0.000191157,-3.718609793874561,Forward,0.9823930329420674,AS320IV.DAT
T320,320,70,0.07000066,0.00016762,-3.775674163680515,Forward,0.9823930329420674,AS320IV.DAT
T320,320,71,0.06000067,0.000144814,-3.8391894503706605,Forward,0.9823930329420674,AS320IV.DAT
T320,320,72,0.05000067,0.000122465,-3.911988013166818,Forward,0.9823930329420674,AS320IV.DAT
T320,320,73,0.04000067,0.000100713,-3.9969144672431223,Forward,0.9823930329420674,AS320IV.DAT
T320,320,74,0.03000067,7.9577e-05,-4.099212437494284,Forward,0.9823930329420674,AS320IV.DAT
T320,320,75,0.02000067,5.9119e-05,-4.2282729206578,Forward,0.9823930329420674,AS320IV.DAT
T320,320,76,0.01000067,3.9313e-05,-4.40546381362757,Forward,0.9823930329420674,AS320IV.DAT
T320,320,77,6.705523e-07,2.0307e-05,-4.692354231183079,Forward,0.9823930329420674,AS320IV.DAT
T320,320,78,-0.009999329,2.4847e-08,-7.60472604001302,Reverse,0.9823930329420674,AS320IV.DAT
T320,320,79,-0.01999933,1.54227e-05,-4.811839589160936,Reverse,0.9823930329420674,AS320IV.DAT
T320,320,80,-0.02999933,3.1799e-05,-4.497586537289485,Reverse,0.9823930329420674,AS320IV.DAT
T320,320,81,-0.03999933,4.7221e-05,-4.325864820097543,Reverse,0.9823930329420674,AS320IV.DAT
T320,320,82,-0.04999933,6.1588e-05,-4.210503898898329,Reverse,0.9823930329420674,AS320IV.DAT
T320,320,83,-0.05999932,7.4885e-05,-4.125605165873659,Reverse,0.9823930329420674,AS320IV.DAT
T320,320,84,-0.06999932,8.713e-05,-4.059832285965925,Reverse,0.9823930329420674,AS320IV.DAT
T320,320,85,-0.07999932,9.8267e-05,-4.007592302351695,Reverse,0.9823930329420674,AS320IV.DAT
T320,320,86,-0.08999932,0.000108312,-3.9653234247682483,Reverse,0.9823930329420674,AS320IV.DAT
T320,320,87,-0.09999932,0.000117361,-3.9304761986481442,Reverse,0.9823930329420674,AS320IV.DAT
T320,320,88,-0.1099993,0.000125372,-3.901799445987747,Reverse,0.9823930329420674,AS320IV.DAT
T320,320,89,-0.1199993,0.00013248,-3.877849680559195,Reverse,0.9823930329420674,AS320IV.DAT
T320,320,90,-0.1299993,0.000138727,-3.857839005330141,Reverse,0.9823930329420674,AS320IV.DAT
T320,320,91,-0.1399993,0.000144254,-3.8408721355112783,Reverse,0.9823930329420674,AS320IV.DAT
T320,320,92,-0.1499993,0.000149126,-3.8264466310464917,Reverse,0.9823930329420674,AS320IV.DAT
T320,320,93,-0.1599993,0.000153477,-3.8139566985027757,Reverse,0.9823930329420674,AS320IV.DAT
T320,320,94,-0.1699993,0.000157371,-3.8030752954861775,Reverse,0.9823930329420674,AS320IV.DAT
T320,320,95,-0.1799993,0.000160877,-3.7935060409667196,Reverse,0.9823930329420674,AS320IV.DAT
T320,320,96,-0.1899993,0.000164085,-3.784931118611627,Reverse,0.9823930329420674,AS320IV.DAT
T320,320,97,-0.1999993,0.000167032,-3.7772003187200736,Reverse,0.9823930329420674,AS320IV.DAT
T320,320,98,-0.2099994,0.00016975,-3.770190217047461,Reverse,0.9823930329420674,AS320IV.DAT
T320,320,99,-0.2199994,0.0001723,-3.7637147225519714,Reverse,0.9823930329420674,AS320IV.DAT
T320,320,100,-0.2299994,0.000174728,-3.7576374941521165,Reverse,0.9823930329420674,AS320IV.DAT
T320,320,101,-0.2399994,0.000176984,-3.7520659936709357,Reverse,0.9823930329420674,AS320IV.DAT
T320,320,102,-0.2499994,0.000179132,-3.746826825194885,Reverse,0.9823930329420674,AS320IV.DAT
T320,320,103,-0.2599994,0.000181225,-3.7417818915757275,Reverse,0.9823930329420674,AS320IV.DAT
T320,320,104,-0.2699994,0.000183217,-3.7370342322857373,Reverse,0.9823930329420674,AS320IV.DAT
T320,320,105,-0.2799993,0.000187043,-3.7280585404369555,Reverse,0.9823930329420674,AS320IV.DAT
T320,320,106,-0.2899993,0.000188853,-3.723876111852621,Reverse,0.9823930329420674,AS320IV.DAT
T320,320,107,-0.2999993,0.000190614,-3.7198452049597166,Reverse,0.9823930329420674,AS320IV.DAT
T320,320,108,-0.3099993,0.000192366,-3.71587168550625,Reverse,0.9823930329420674,AS320IV.DAT
T320,320,109,-0.3199993,0.000194092,-3.7119923648046123,Reverse,0.9823930329420674,AS320IV.DAT
T320,320,110,-0.3299993,0.000195738,-3.708324853502611,Reverse,0.9823930329420674,AS320IV.DAT
T320,320,111,-0.3399993,0.000197458,-3.7045252661539623,Reverse,0.9823930329420674,AS320IV.DAT
T320,320,112,-0.3499993,0.000199072,-3.7009898203374245,Reverse,0.9823930329420674,AS320IV.DAT
T320,320,113,-0.3599993,0.000200669,-3.6975197135553617,Reverse,0.9823930329420674,AS320IV.DAT
T320,320,114,-0.3699993,0.000202334,-3.6939311326929505,Reverse,0.9823930329420674,AS320IV.DAT
T320,320,115,-0.3799993,0.000203922,-3.690535918100262,Reverse,0.9823930329420674,AS320IV.DAT
T320,320,116,-0.3899992,0.000205548,-3.6870867445863293,Reverse,0.9823930329420674,AS320IV.DAT
T320,320,117,-0.3999992,0.00020715,-3.6837150623656876,Reverse,0.9823930329420674,AS320IV.DAT
T320,320,118,-0.4099992,0.000208724,-3.680427610981035,Reverse,0.9823930329420674,AS320IV.DAT
T320,320,119,-0.4199992,0.00020991,-3.6779668713681968,Reverse,0.9823930329420674,AS320IV.DAT
T320,320,120,-0.4299992,0.00021159,-3.674504861435736,Reverse,0.9823930329420674,AS320IV.DAT
T320,320,121,-0.4399992,0.00021321,-3.67119242983791,Reverse,0.9823930329420674,AS320IV.DATT320,320,122,-0.4499992,0.00021484,-3.667884856296538,Reverse,0.9823930329420674,AS320IV.DAT
T320,320,123,-0.4599992,0.00021641,-3.6647226749680706,Reverse,0.9823930329420674,AS320IV.DAT
T320,320,124,-0.4699992,0.00021803,-3.661483745211634,Reverse,0.9823930329420674,AS320IV.DAT
T320,320,125,-0.4799992,0.00021962,-3.6583281127914824,Reverse,0.9823930329420674,AS320IV.DAT
T320,320,126,-0.4899991,0.00022118,-3.6552541462748125,Reverse,0.9823930329420674,AS320IV.DAT
T320,320,127,-0.4999991,0.00022282,-3.6520458301059837,Reverse,0.9823930329420674,AS320IV.DAT
T320,320,128,-0.5099992,0.00022437,-3.649035212056902,Reverse,0.9823930329420674,AS320IV.DAT
T320,320,129,-0.5199991,0.00022598,-3.6459299956932725,Reverse,0.9823930329420674,AS320IV.DAT
T320,320,130,-0.5299991,0.00022747,-3.6430758723852277,Reverse,0.9823930329420674,AS320IV.DAT
T320,320,131,-0.5399991,0.00022901,-3.6401455532496416,Reverse,0.9823930329420674,AS320IV.DAT
T320,320,132,-0.5499991,0.00023059,-3.637159530688275,Reverse,0.9823930329420674,AS320IV.DAT
T320,320,133,-0.5599991,0.00023209,-3.634343571471611,Reverse,0.9823930329420674,AS320IV.DAT
T320,320,134,-0.5699991,0.00023357,-3.6315829392614383,Reverse,0.9823930329420674,AS320IV.DAT
T320,320,135,-0.5799991,0.00023517,-3.6286180808333492,Reverse,0.9823930329420674,AS320IV.DAT
T320,320,136,-0.5899991,0.00023668,-3.6258384393950256,Reverse,0.9823930329420674,AS320IV.DAT
T320,320,137,-0.5999991,0.0002383,-3.622875957653544,Reverse,0.9823930329420674,AS320IV.DAT
T320,320,138,-0.6099991,0.00023993,-3.6199154459884704,Reverse,0.9823930329420674,AS320IV.DAT
T320,320,139,-0.6199991,0.00024146,-3.617154803703739,Reverse,0.9823930329420674,AS320IV.DAT
T320,320,140,-0.629999,0.00024304,-3.614322243481289,Reverse,0.9823930329420674,AS320IV.DAT
T320,320,141,-0.639999,0.00024459,-3.611561302956307,Reverse,0.9823930329420674,AS320IV.DAT
T320,320,142,-0.649999,0.00024611,-3.608870739582098,Reverse,0.9823930329420674,AS320IV.DAT
T320,320,143,-0.659999,0.0002477,-3.606073993414163,Reverse,0.9823930329420674,AS320IV.DAT
T320,320,144,-0.669999,0.00024927,-3.6033299863114894,Reverse,0.9823930329420674,AS320IV.DAT
T320,320,145,-0.679999,0.00024926,-3.6033474093143965,Reverse,0.9823930329420674,AS320IV.DAT
T320,320,146,-0.689999,0.00025075,-3.600759058307544,Reverse,0.9823930329420674,AS320IV.DAT
T320,320,147,-0.699999,0.00025234,-3.598013901276526,Reverse,0.9823930329420674,AS320IV.DAT
T320,320,148,-0.709999,0.00025393,-3.5952859873311014,Reverse,0.9823930329420674,AS320IV.DAT
T320,320,149,-0.719999,0.00025551,-3.592592098034818,Reverse,0.9823930329420674,AS320IV.DAT
T320,320,150,-0.7299989,0.00025708,-3.5899317087616374,Reverse,0.9823930329420674,AS320IV.DAT
T320,320,151,-0.7399989,0.00025868,-3.5872371477249207,Reverse,0.9823930329420674,AS320IV.DAT
T320,320,152,-0.7499989,0.00026027,-3.584575887923465,Reverse,0.9823930329420674,AS320IV.DAT
T320,320,153,-0.7599989,0.00026186,-3.58193083645834,Reverse,0.9823930329420674,AS320IV.DAT
T320,320,154,-0.7699989,0.00026341,-3.579367741665879,Reverse,0.9823930329420674,AS320IV.DAT
T320,320,155,-0.7799989,0.00026499,-3.5767705148434317,Reverse,0.9823930329420674,AS320IV.DAT
T320,320,156,-0.7899989,0.00026657,-3.574188728018811,Reverse,0.9823930329420674,AS320IV.DAT
T320,320,157,-0.7999989,0.0002681,-3.5717031860171202,Reverse,0.9823930329420674,AS320IV.DAT
T320,320,158,-0.8099989,0.00026975,-3.569038546645052,Reverse,0.9823930329420674,AS320IV.DAT
T320,320,159,-0.8199989,0.00027133,-3.566502185176279,Reverse,0.9823930329420674,AS320IV.DAT
T320,320,160,-0.8299989,0.00027293,-3.5639487247977573,Reverse,0.9823930329420674,AS320IV.DAT
T320,320,161,-0.8399988,0.00027451,-3.561441830209465,Reverse,0.9823930329420674,AS320IV.DAT
T320,320,162,-0.8499988,0.0002761,-3.5589335933607367,Reverse,0.9823930329420674,AS320IV.DAT
T320,320,163,-0.8599988,0.00027769,-3.556439759511593,Reverse,0.9823930329420674,AS320IV.DAT
T320,320,164,-0.8699988,0.00027944,-3.5537114273704096,Reverse,0.9823930329420674,AS320IV.DAT
T320,320,165,-0.8799988,0.00028106,-3.5512009580758717,Reverse,0.9823930329420674,AS320IV.DAT
T320,320,166,-0.8899988,0.00028272,-3.5486434678373113,Reverse,0.9823930329420674,AS320IV.DAT
T320,320,167,-0.8999988,0.00028416,-3.546437055901493,Reverse,0.9823930329420674,AS320IV.DAT
T320,320,168,-0.9099988,0.00028583,-3.543892190693067,Reverse,0.9823930329420674,AS320IV.DAT
T320,320,169,-0.9199988,0.00028761,-3.5411960179090523,Reverse,0.9823930329420674,AS320IV.DAT
T320,320,170,-0.9299988,0.00028923,-3.5387566624192273,Reverse,0.9823930329420674,AS320IV.DAT
T320,320,171,-0.9399987,0.00029083,-3.5363607967041553,Reverse,0.9823930329420674,AS320IV.DAT
T320,320,172,-0.9499987,0.00029236,-3.5340820467880647,Reverse,0.9823930329420674,AS320IV.DAT
T320,320,173,-0.9599987,0.00029397,-3.5316969876124644,Reverse,0.9823930329420674,AS320IV.DAT
T320,320,174,-0.9699987,0.00029565,-3.5292221166648754,Reverse,0.9823930329420674,AS320IV.DAT
T320,320,175,-0.9799987,0.00029717,-3.526995035732729,Reverse,0.9823930329420674,AS320IV.DAT
T320,320,176,-0.9899987,0.00029886,-3.524532207883973,Reverse,0.9823930329420674,AS320IV.DAT
T320,320,177,-0.9999987,0.00030043,-3.522256702214054,Reverse,0.9823930329420674,AS320IV.DAT
T320,320,178,-1.009999,0.00030201,-3.5199786766689503,Reverse,0.9823930329420674,AS320IV.DAT
T320,320,179,-1.019999,0.0003036,-3.5176982327765574,Reverse,0.9823930329420674,AS320IV.DAT
T320,320,180,-1.029999,0.00030517,-3.5154581623123127,Reverse,0.9823930329420674,AS320IV.DAT
T320,320,181,-1.039999,0.00030686,-3.5130597192953044,Reverse,0.9823930329420674,AS320IV.DAT
T320,320,182,-1.049999,0.00030852,-3.5107166773095146,Reverse,0.9823930329420674,AS320IV.DAT
T320,320,183,-1.059999,0.00031019,-3.508372207214944,Reverse,0.9823930329420674,AS320IV.DAT
T320,320,184,-1.069999,0.0003118,-3.5061238891471773,Reverse,0.9823930329420674,AS320IV.DAT
T320,320,185,-1.079999,0.0003135,-3.503762454833265,Reverse,0.9823930329420674,AS320IV.DAT
T320,320,186,-1.089999,0.00031515,-3.501482688538366,Reverse,0.9823930329420674,AS320IV.DAT
T320,320,187,-1.099999,0.00031676,-3.4992696657065077,Reverse,0.9823930329420674,AS320IV.DAT
T320,320,188,-1.109999,0.00031841,-3.4970133012464886,Reverse,0.9823930329420674,AS320IV.DAT
T320,320,189,-1.119999,0.00032008,-3.4947414616290593,Reverse,0.9823930329420674,AS320IV.DAT
T320,320,190,-1.129999,0.00032165,-3.492616444263613,Reverse,0.9823930329420674,AS320IV.DAT
T320,320,191,-1.139999,0.0003233,-3.4903942953884437,Reverse,0.9823930329420674,AS320IV.DAT
T320,320,192,-1.149999,0.00032495,-3.48818345869691,Reverse,0.9823930329420674,AS320IV.DAT
T320,320,193,-1.159999,0.00032662,-3.4859572255280096,Reverse,0.9823930329420674,AS320IV.DAT
T320,320,194,-1.169999,0.0003283,-3.4837291172706597,Reverse,0.9823930329420674,AS320IV.DAT
T320,320,195,-1.179999,0.00032992,-3.4815913563965775,Reverse,0.9823930329420674,AS320IV.DAT
T320,320,196,-1.189999,0.00033162,-3.4793592850345814,Reverse,0.9823930329420674,AS320IV.DAT
T320,320,197,-1.199998,0.00033316,-3.477347146587229,Reverse,0.9823930329420674,AS320IV.DAT
T320,320,198,-1.209998,0.00033479,-3.4752275226312244,Reverse,0.9823930329420674,AS320IV.DAT
T320,320,199,-1.219998,0.0003364,-3.4731440128741253,Reverse,0.9823930329420674,AS320IV.DAT
T320,320,200,-1.229998,0.00033809,-3.4709676745730245,Reverse,0.9823930329420674,AS320IV.DAT
T320,320,201,-1.239998,0.00033988,-3.4686743904189723,Reverse,0.9823930329420674,AS320IV.DAT
T320,320,202,-1.249998,0.00034153,-3.466571141873477,Reverse,0.9823930329420674,AS320IV.DAT
T320,320,203,-1.259998,0.00034319,-3.4644653752758137,Reverse,0.9823930329420674,AS320IV.DAT
T320,320,204,-1.269998,0.00034495,-3.4622438507173867,Reverse,0.9823930329420674,AS320IV.DAT
T320,320,205,-1.279998,0.00034651,-3.460284227481752,Reverse,0.9823930329420674,AS320IV.DAT
T320,320,206,-1.289998,0.00034828,-3.458071464212528,Reverse,0.9823930329420674,AS320IV.DAT
T320,320,207,-1.299998,0.00034991,-3.4560436457344115,Reverse,0.9823930329420674,AS320IV.DAT
T320,320,208,-1.309998,0.0003516,-3.4539511335982658,Reverse,0.9823930329420674,AS320IV.DAT
T320,320,209,-1.319998,0.00035318,-3.4520038977772756,Reverse,0.9823930329420674,AS320IV.DAT
T320,320,210,-1.329998,0.00035496,-3.4498205842915017,Reverse,0.9823930329420674,AS320IV.DAT
T320,320,211,-1.339998,0.00035662,-3.4477943043292787,Reverse,0.9823930329420674,AS320IV.DAT
T320,320,212,-1.349998,0.00035834,-3.4457047106458614,Reverse,0.9823930329420674,AS320IV.DAT
T320,320,213,-1.359998,0.00035997,-3.443733691947589,Reverse,0.9823930329420674,AS320IV.DAT
T320,320,214,-1.369998,0.0003617,-3.4416514912383804,Reverse,0.9823930329420674,AS320IV.DAT
T320,320,215,-1.379998,0.00036341,-3.4396031263260975,Reverse,0.9823930329420674,AS320IV.DAT
T320,320,216,-1.389998,0.0003651,-3.4375881670502726,Reverse,0.9823930329420674,AS320IV.DAT
T320,320,217,-1.399998,0.00036677,-3.4356061947230914,Reverse,0.9823930329420674,AS320IV.DAT
T320,320,218,-1.409998,0.00036848,-3.433586079379844,Reverse,0.9823930329420674,AS320IV.DAT
T320,320,219,-1.419998,0.00037029,-3.4314580162882864,Reverse,0.9823930329420674,AS320IV.DAT
T320,320,220,-1.429998,0.0003719,-3.4295738216410276,Reverse,0.9823930329420674,AS320IV.DAT
T320,320,221,-1.439998,0.00037382,-3.427337466848896,Reverse,0.9823930329420674,AS320IV.DAT
T320,320,222,-1.449998,0.00037553,-3.4253553627502913,Reverse,0.9823930329420674,AS320IV.DAT
T320,320,223,-1.459998,0.00037738,-3.423221119856824,Reverse,0.9823930329420674,AS320IV.DAT
T320,320,224,-1.469998,0.00037914,-3.4212003942523683,Reverse,0.9823930329420674,AS320IV.DAT
T320,320,225,-1.479998,0.00038086,-3.419234636925517,Reverse,0.9823930329420674,AS320IV.DAT
T320,320,226,-1.489998,0.0003825,-3.4173685605103636,Reverse,0.9823930329420674,AS320IV.DAT
T320,320,227,-1.499998,0.00038436,-3.415261815288553,Reverse,0.9823930329420674,AS320IV.DAT
T320,320,228,-1.509998,0.00038606,-3.413345193660067,Reverse,0.9823930329420674,AS320IV.DAT
T320,320,229,-1.519998,0.00038784,-3.4113474018498264,Reverse,0.9823930329420674,AS320IV.DAT
T320,320,230,-1.529998,0.00038967,-3.4093030284797696,Reverse,0.9823930329420674,AS320IV.DAT
T320,320,231,-1.539998,0.00039127,-3.4075234496559945,Reverse,0.9823930329420674,AS320IV.DAT
T320,320,232,-1.549998,0.00039307,-3.4055301012616703,Reverse,0.9823930329420674,AS320IV.DAT
T320,320,233,-1.559998,0.00039498,-3.4034248945242775,Reverse,0.9823930329420674,AS320IV.DAT
T320,320,234,-1.569998,0.0003966,-3.401647290130716,Reverse,0.9823930329420674,AS320IV.DAT
T320,320,235,-1.579998,0.00039834,-3.399746080969436,Reverse,0.9823930329420674,AS320IV.DAT
T320,320,236,-1.589998,0.0004,-3.3979400086720375,Reverse,0.9823930329420674,AS320IV.DAT
T320,320,237,-1.599998,0.00040181,-3.395979258999476,Reverse,0.9823930329420674,AS320IV.DAT
T320,320,238,-1.609998,0.0004036,-3.394048842435127,Reverse,0.9823930329420674,AS320IV.DAT
T320,320,239,-1.619998,0.00040538,-3.3921376816516435,Reverse,0.9823930329420674,AS320IV.DAT
T320,320,240,-1.629998,0.0004072,-3.3901922306712975,Reverse,0.9823930329420674,AS320IV.DAT
T320,320,241,-1.639998,0.00040891,-3.388372268531713,Reverse,0.9823930329420674,AS320IV.DAT
T320,320,242,-1.649998,0.00041079,-3.3863801371236386,Reverse,0.9823930329420674,AS320IV.DAT
T320,320,243,-1.659998,0.00041247,-3.3846076333158885,Reverse,0.9823930329420674,AS320IV.DAT
T320,320,244,-1.669998,0.00041435,-3.382632656820281,Reverse,0.9823930329420674,AS320IV.DAT
T320,320,245,-1.679998,0.00041614,-3.380760537164638,Reverse,0.9823930329420674,AS320IV.DAT
T320,320,246,-1.689998,0.00041797,-3.3788548888039633,Reverse,0.9823930329420674,AS320IV.DAT
T320,320,247,-1.699998,0.00041976,-3.3769989488097174,Reverse,0.9823930329420674,AS320IV.DAT
T320,320,248,-1.709998,0.00042177,-3.374924314349517,Reverse,0.9823930329420674,AS320IV.DAT
T320,320,249,-1.719998,0.00042351,-3.3731363305669335,Reverse,0.9823930329420674,AS320IV.DAT
T320,320,250,-1.729998,0.00042532,-3.3712841947949945,Reverse,0.9823930329420674,AS320IV.DAT
T320,320,251,-1.739998,0.00042727,-3.3692975993237924,Reverse,0.9823930329420674,AS320IV.DAT
T320,320,252,-1.749998,0.00042919,-3.367350405521122,Reverse,0.9823930329420674,AS320IV.DAT
T320,320,253,-1.759998,0.00043103,-3.3654925015769983,Reverse,0.9823930329420674,AS320IV.DAT
T320,320,254,-1.769998,0.00043291,-3.3636023820901495,Reverse,0.9823930329420674,AS320IV.DAT
T320,320,255,-1.779998,0.00043469,-3.3618203505953907,Reverse,0.9823930329420674,AS320IV.DAT
T320,320,256,-1.789998,0.00043654,-3.3599759558911333,Reverse,0.9823930329420674,AS320IV.DAT
T320,320,257,-1.799998,0.0004383,-3.3582285293460408,Reverse,0.9823930329420674,AS320IV.DAT
T320,320,258,-1.809998,0.00044014,-3.356409160885187,Reverse,0.9823930329420674,AS320IV.DAT
T320,320,259,-1.819998,0.00044203,-3.3545482546501795,Reverse,0.9823930329420674,AS320IV.DAT
T320,320,260,-1.829998,0.00044376,-3.352851847129221,Reverse,0.9823930329420674,AS320IV.DAT
T320,320,261,-1.839998,0.0004457,-3.3509573659138234,Reverse,0.9823930329420674,AS320IV.DAT
T320,320,262,-1.849998,0.00044744,-3.349265193679808,Reverse,0.9823930329420674,AS320IV.DAT
T320,320,263,-1.859998,0.00044941,-3.3473572681507564,Reverse,0.9823930329420674,AS320IV.DAT
T320,320,264,-1.869998,0.0004512,-3.345630909024714,Reverse,0.9823930329420674,AS320IV.DAT
T320,320,265,-1.879998,0.00045303,-3.3438730377155172,Reverse,0.9823930329420674,AS320IV.DAT
T320,320,266,-1.889998,0.00045476,-3.3422177421884616,Reverse,0.9823930329420674,AS320IV.DAT
T320,320,267,-1.899998,0.00045672,-3.3403499700013737,Reverse,0.9823930329420674,AS320IV.DAT
T320,320,268,-1.909998,0.00045854,-3.3386227733602536,Reverse,0.9823930329420674,AS320IV.DAT
T320,320,269,-1.919998,0.00046047,-3.336798659188886,Reverse,0.9823930329420674,AS320IV.DAT
T320,320,270,-1.929998,0.00046244,-3.3349446074855704,Reverse,0.9823930329420674,AS320IV.DAT
T320,320,271,-1.939998,0.00046438,-3.3331264928022795,Reverse,0.9823930329420674,AS320IV.DAT
T320,320,272,-1.949998,0.00046613,-3.3314929450931987,Reverse,0.9823930329420674,AS320IV.DAT
T320,320,273,-1.959998,0.00046813,-3.329633526321878,Reverse,0.9823930329420674,AS320IV.DAT
T320,320,274,-1.969998,0.00046992,-3.327976070821275,Reverse,0.9823930329420674,AS320IV.DAT
T320,320,275,-1.979998,0.00047168,-3.3263525381570616,Reverse,0.9823930329420674,AS320IV.DAT
T320,320,276,-1.989998,0.00047344,-3.324735052183442,Reverse,0.9823930329420674,AS320IV.DAT
T320,320,277,-1.999998,0.00047505,-3.323260677572407,Reverse,0.9823930329420674,AS320IV.DAT
T320,320,278,-2.009998,0.00047721,-3.321290464206819,Reverse,0.9823930329420674,AS320IV.DAT
T340,340,1,0.7200003,0.00216752,-2.664036886539381,Forward,0.9967345370726085,AS340IV.DAT
T340,340,2,0.7100003,0.00213467,-2.6706692533116527,Forward,0.9967345370726085,AS340IV.DAT
T340,340,3,0.7000003,0.00210175,-2.6774189439107996,Forward,0.9967345370726085,AS340IV.DAT
T340,340,4,0.6900003,0.00206888,-2.684264698724892,Forward,0.9967345370726085,AS340IV.DAT
T340,340,5,0.6800003,0.00203614,-2.6911923642836353,Forward,0.9967345370726085,AS340IV.DAT
T340,340,6,0.6700003,0.0020034,-2.6982323305619857,Forward,0.9967345370726085,AS340IV.DAT
T340,340,7,0.6600003,0.00197055,-2.7054125410325307,Forward,0.9967345370726085,AS340IV.DAT
T340,340,8,0.6500003,0.00193787,-2.712675360503173,Forward,0.9967345370726085,AS340IV.DAT
T340,340,9,0.6400003,0.00190526,-2.720045750245368,Forward,0.9967345370726085,AS340IV.DAT
T340,340,10,0.6300004,0.00187266,-2.7275410659390262,Forward,0.9967345370726085,AS340IV.DAT
T340,340,11,0.6200004,0.00184005,-2.7351703756703203,Forward,0.9967345370726085,AS340IV.DAT
T340,340,12,0.6100004,0.00184005,-2.7351703756703203,Forward,0.9967345370726085,AS340IV.DAT
T340,340,13,0.6000004,0.00180752,-2.742916888588572,Forward,0.9967345370726085,AS340IV.DAT
T340,340,14,0.5900004,0.00177501,-2.750799195886304,Forward,0.9967345370726085,AS340IV.DAT
T340,340,15,0.5800004,0.0017424,-2.7588521375883004,Forward,0.9967345370726085,AS340IV.DAT
T340,340,16,0.5700004,0.00171002,-2.766998810169926,Forward,0.9967345370726085,AS340IV.DAT
T340,340,17,0.5600004,0.00167767,-2.775293461429516,Forward,0.9967345370726085,AS340IV.DAT
T340,340,18,0.5500004,0.00164535,-2.783741704461472,Forward,0.9967345370726085,AS340IV.DAT
T340,340,19,0.5400004,0.00161311,-2.792336016514236,Forward,0.9967345370726085,AS340IV.DAT
T340,340,20,0.5300004,0.00158091,-2.801092853417527,Forward,0.9967345370726085,AS340IV.DAT
T340,340,21,0.5200005,0.00154862,-2.8100551362428674,Forward,0.9967345370726085,AS340IV.DAT
T340,340,22,0.5100005,0.00151654,-2.8191461303251764,Forward,0.9967345370726085,AS340IV.DAT
T340,340,23,0.5000005,0.00148449,-2.8284227236047816,Forward,0.9967345370726085,AS340IV.DAT
T340,340,24,0.4900005,0.00145242,-2.8379077794301484,Forward,0.9967345370726085,AS340IV.DAT
T340,340,25,0.4800005,0.00142051,-2.847555704616489,Forward,0.9967345370726085,AS340IV.DAT
T340,340,26,0.4700005,0.00138861,-2.8574197115199227,Forward,0.9967345370726085,AS340IV.DAT
T340,340,27,0.4600005,0.00135657,-2.867557791412615,Forward,0.9967345370726085,AS340IV.DAT
T340,340,28,0.4500005,0.00132477,-2.8778595152376205,Forward,0.9967345370726085,AS340IV.DAT
T340,340,29,0.4400005,0.00129312,-2.888361171237446,Forward,0.9967345370726085,AS340IV.DAT
T340,340,30,0.4300005,0.00126153,-2.899102417219701,Forward,0.9967345370726085,AS340IV.DAT
T340,340,31,0.4200006,0.00122991,-2.9101266673682726,Forward,0.9967345370726085,AS340IV.DAT
T340,340,32,0.4100006,0.00119839,-2.921401823612348,Forward,0.9967345370726085,AS340IV.DAT
T340,340,33,0.4000006,0.00116701,-2.9329254225097183,Forward,0.9967345370726085,AS340IV.DAT
T340,340,34,0.3900006,0.00113559,-2.9447784405244306,Forward,0.9967345370726085,AS340IV.DAT
T340,340,35,0.3800006,0.00110433,-2.9569011297194936,Forward,0.9967345370726085,AS340IV.DAT
T340,340,36,0.3700006,0.00107318,-2.9693274295246734,Forward,0.9967345370726085,AS340IV.DAT
T340,340,37,0.3600006,0.00104199,-2.9821364489497943,Forward,0.9967345370726085,AS340IV.DAT
T340,340,38,0.3500006,0.00101101,-2.995244548738039,Forward,0.9967345370726085,AS340IV.DAT
T340,340,39,0.3400006,0.00098011,-3.008725179703315,Forward,0.9967345370726085,AS340IV.DAT
T340,340,40,0.3300006,0.0009491,-3.022688026603074,Forward,0.9967345370726085,AS340IV.DAT
T340,340,41,0.3200006,0.0009184,-3.036968124946102,Forward,0.9967345370726085,AS340IV.DAT
T340,340,42,0.3100007,0.00088777,-3.051699534974758,Forward,0.9967345370726085,AS340IV.DAT
T340,340,43,0.3000007,0.00085721,-3.0669127712285675,Forward,0.9967345370726085,AS340IV.DAT
T340,340,44,0.2900007,0.00082687,-3.08256276459568,Forward,0.9967345370726085,AS340IV.DAT
T340,340,45,0.2800007,0.00079652,-3.0988033149280234,Forward,0.9967345370726085,AS340IV.DAT
T340,340,46,0.2700007,0.00076639,-3.115550170648135,Forward,0.9967345370726085,AS340IV.DAT
T340,340,47,0.2600007,0.00073624,-3.132980590981498,Forward,0.9967345370726085,AS340IV.DAT
T340,340,48,0.2500007,0.00070636,-3.1509739021132943,Forward,0.9967345370726085,AS340IV.DAT
T340,340,49,0.2400007,0.00067652,-3.1697193598036146,Forward,0.9967345370726085,AS340IV.DAT
T340,340,50,0.2300007,0.00064684,-3.1892031315576315,Forward,0.9967345370726085,AS340IV.DAT
T340,340,51,0.2200007,0.00061737,-3.209454478111145,Forward,0.9967345370726085,AS340IV.DAT
T340,340,52,0.2100007,0.00058804,-3.230593131086402,Forward,0.9967345370726085,AS340IV.DAT
T340,340,53,0.2000007,0.00055867,-3.2528446491772764,Forward,0.9967345370726085,AS340IV.DAT
T340,340,54,0.1900007,0.00052963,-3.276027422991597,Forward,0.9967345370726085,AS340IV.DAT
T340,340,55,0.1800007,0.00050087,-3.3002749799388256,Forward,0.9967345370726085,AS340IV.DAT
T340,340,56,0.1700007,0.00047215,-3.32592000597782,Forward,0.9967345370726085,AS340IV.DAT
T340,340,57,0.1600007,0.0004437,-3.352910571283445,Forward,0.9967345370726085,AS340IV.DAT
T340,340,58,0.1500007,0.00041549,-3.3814394243397534,Forward,0.9967345370726085,AS340IV.DAT
T340,340,59,0.1400007,0.00038739,-3.4118515942541627,Forward,0.9967345370726085,AS340IV.DAT
T340,340,60,0.1300007,0.0003596,-3.4441803169388088,Forward,0.9967345370726085,AS340IV.DAT
T340,340,61,0.1200007,0.00033203,-3.4788226745916253,Forward,0.9967345370726085,AS340IV.DAT
T340,340,62,0.1100007,0.00030472,-3.51609904034711,Forward,0.9967345370726085,AS340IV.DAT
T340,340,63,0.1000007,0.00027773,-3.5563772058429954,Forward,0.9967345370726085,AS340IV.DAT
T340,340,64,0.09000066,0.000251,-3.600326278518962,Forward,0.9967345370726085,AS340IV.DAT
T340,340,65,0.08000066,0.00022451,-3.6487643101257046,Forward,0.9967345370726085,AS340IV.DAT
T340,340,66,0.07000066,0.00019821,-3.7028744384720196,Forward,0.9967345370726085,AS340IV.DAT
T340,340,67,0.06000067,0.000172446,-3.763346874929962,Forward,0.9967345370726085,AS340IV.DAT
T340,340,68,0.05000067,0.000147001,-3.8326797108776423,Forward,0.9967345370726085,AS340IV.DAT
T340,340,69,0.04000067,0.0001219,-3.9139962943816182,Forward,0.9967345370726085,AS340IV.DAT
T340,340,70,0.03000067,9.719e-05,-4.012378417874516,Forward,0.9967345370726085,AS340IV.DAT
T340,340,71,0.02000067,7.2898e-05,-4.13728438664607,Forward,0.9967345370726085,AS340IV.DAT
T340,340,72,0.01000067,4.9034e-05,-4.3095026772806495,Forward,0.9967345370726085,AS340IV.DAT
T340,340,73,6.705523e-07,2.564e-05,-4.59108197915322,Forward,0.9967345370726085,AS340IV.DAT
T340,340,74,-0.009999329,9.8506e-08,-7.006537315821869,Reverse,0.9967345370726085,AS340IV.DAT
T340,340,75,-0.01999933,1.99513e-05,-4.700028801008193,Reverse,0.9967345370726085,AS340IV.DAT
T340,340,76,-0.02999933,4.1725e-05,-4.379603654648716,Reverse,0.9967345370726085,AS340IV.DAT
T340,340,77,-0.03999933,6.2991e-05,-4.20072149704726,Reverse,0.9967345370726085,AS340IV.DAT
T340,340,78,-0.04999933,8.3538e-05,-4.078115926477664,Reverse,0.9967345370726085,AS340IV.DAT
T340,340,79,-0.05999932,0.000103471,-3.9851813536346703,Reverse,0.9967345370726085,AS340IV.DAT
T340,340,80,-0.06999932,0.000122746,-3.910992651597927,Reverse,0.9967345370726085,AS340IV.DAT
T340,340,81,-0.07999932,0.000141291,-3.8498855011013475,Reverse,0.9967345370726085,AS340IV.DAT
T340,340,82,-0.08999932,0.000159053,-3.7984581349743585,Reverse,0.9967345370726085,AS340IV.DAT
T340,340,83,-0.09999932,0.000176133,-3.754159267682723,Reverse,0.9967345370726085,AS340IV.DAT
T340,340,84,-0.1099993,0.000192357,-3.715892004802668,Reverse,0.9967345370726085,AS340IV.DAT
T340,340,85,-0.1199993,0.000207673,-3.6826199633264127,Reverse,0.9967345370726085,AS340IV.DAT
T340,340,86,-0.1299993,0.00022213,-3.6533927833938673,Reverse,0.9967345370726085,AS340IV.DAT
T340,340,87,-0.1399993,0.00023571,-3.627621992135443,Reverse,0.9967345370726085,AS340IV.DAT
T340,340,88,-0.1499993,0.00024841,-3.6048309251725787,Reverse,0.9967345370726085,AS340IV.DAT
T340,340,89,-0.1599993,0.0002602,-3.5846927077744324,Reverse,0.9967345370726085,AS340IV.DAT
T340,340,90,-0.1699993,0.00027116,-3.566774374762595,Reverse,0.9967345370726085,AS340IV.DAT
T340,340,91,-0.1799993,0.00028124,-3.5509229107366833,Reverse,0.9967345370726085,AS340IV.DAT
T340,340,92,-0.1899993,0.00029051,-3.536838913634851,Reverse,0.9967345370726085,AS340IV.DAT
T340,340,93,-0.1999993,0.000299,-3.5243288116755704,Reverse,0.9967345370726085,AS340IV.DAT
T340,340,94,-0.2099994,0.00030677,-3.51318711366537,Reverse,0.9967345370726085,AS340IV.DAT
T340,340,95,-0.2199994,0.00031393,-3.5031671799613084,Reverse,0.9967345370726085,AS340IV.DAT
T340,340,96,-0.2299994,0.0003205,-3.4941719661451636,Reverse,0.9967345370726085,AS340IV.DAT
T340,340,97,-0.2399994,0.00032656,-3.486037012628005,Reverse,0.9967345370726085,AS340IV.DAT
T340,340,98,-0.2499994,0.00033216,-3.478652668167655,Reverse,0.9967345370726085,AS340IV.DAT
T340,340,99,-0.2599994,0.00033738,-3.4718806661069532,Reverse,0.9967345370726085,AS340IV.DAT
T340,340,100,-0.2699994,0.00034223,-3.465681922721908,Reverse,0.9967345370726085,AS340IV.DAT
T340,340,101,-0.2799993,0.0003468,-3.459920911195827,Reverse,0.9967345370726085,AS340IV.DAT
T340,340,102,-0.2899993,0.00035111,-3.454556801172722,Reverse,0.9967345370726085,AS340IV.DAT
T340,340,103,-0.2999993,0.00035522,-3.4495025900637293,Reverse,0.9967345370726085,AS340IV.DAT
T340,340,104,-0.3099993,0.00035915,-3.444724129230682,Reverse,0.9967345370726085,AS340IV.DAT
T340,340,105,-0.3199993,0.00036289,-3.440224999296431,Reverse,0.9967345370726085,AS340IV.DAT
T340,340,106,-0.3299993,0.00036651,-3.4359141714032866,Reverse,0.9967345370726085,AS340IV.DAT
T340,340,107,-0.3399993,0.00036999,-3.4318100137803254,Reverse,0.9967345370726085,AS340IV.DAT
T340,340,108,-0.3499993,0.00037336,-3.4278722121229004,Reverse,0.9967345370726085,AS340IV.DAT
T340,340,109,-0.3599993,0.00037669,-3.424015908871499,Reverse,0.9967345370726085,AS340IV.DAT
T340,340,110,-0.3699993,0.00037989,-3.420342138406267,Reverse,0.9967345370726085,AS340IV.DAT
T340,340,111,-0.3799993,0.00038303,-3.4167672095190635,Reverse,0.9967345370726085,AS340IV.DAT
T340,340,112,-0.3899992,0.00038611,-3.4132889502832837,Reverse,0.9967345370726085,AS340IV.DAT
T340,340,113,-0.3999992,0.00038917,-3.409860645630361,Reverse,0.9967345370726085,AS340IV.DAT
T340,340,114,-0.4099992,0.00039216,-3.4065367060919973,Reverse,0.9967345370726085,AS340IV.DAT
T340,340,115,-0.4199992,0.0003951,-3.403292970318554,Reverse,0.9967345370726085,AS340IV.DAT
T340,340,116,-0.4299992,0.000398,-3.400116927926312,Reverse,0.9967345370726085,AS340IV.DAT
T340,340,117,-0.4399992,0.00040089,-3.396974776872414,Reverse,0.9967345370726085,AS340IV.DAT
T340,340,118,-0.4499992,0.00040377,-3.3938659521543024,Reverse,0.9967345370726085,AS340IV.DAT
T340,340,119,-0.4599992,0.00040665,-3.3907792233638334,Reverse,0.9967345370726085,AS340IV.DAT
T340,340,120,-0.4699992,0.00040946,-3.387788517903001,Reverse,0.9967345370726085,AS340IV.DAT
T340,340,121,-0.4799992,0.00041227,-3.3848182667229825,Reverse,0.9967345370726085,AS340IV.DAT
T340,340,122,-0.4899991,0.00041512,-3.381826342313129,Reverse,0.9967345370726085,AS340IV.DAT
T340,340,123,-0.4999991,0.00041795,-3.3788756704329224,Reverse,0.9967345370726085,AS340IV.DAT
T340,340,124,-0.5099992,0.0004207,-3.376027487983004,Reverse,0.9967345370726085,AS340IV.DAT
T340,340,125,-0.5199991,0.00042351,-3.3731363305669335,Reverse,0.9967345370726085,AS340IV.DAT
T340,340,126,-0.5299991,0.00042623,-3.3703559859312207,Reverse,0.9967345370726085,AS340IV.DAT
T340,340,127,-0.5399991,0.00042902,-3.367522461458222,Reverse,0.9967345370726085,AS340IV.DAT
T340,340,128,-0.5499991,0.00043183,-3.3646871897417636,Reverse,0.9967345370726085,AS340IV.DAT
T340,340,129,-0.5599991,0.00043459,-3.361920271100595,Reverse,0.9967345370726085,AS340IV.DAT
T340,340,130,-0.5699991,0.00043734,-3.3591807993877683,Reverse,0.9967345370726085,AS340IV.DAT
T340,340,131,-0.5799991,0.00044012,-3.3564288957127144,Reverse,0.9967345370726085,AS340IV.DAT
T340,340,132,-0.5899991,0.00044285,-3.353743350986183,Reverse,0.9967345370726085,AS340IV.DAT
T340,340,133,-0.5999991,0.00044557,-3.3510840576751257,Reverse,0.9967345370726085,AS340IV.DAT
T340,340,134,-0.6099991,0.00044835,-3.348382825905038,Reverse,0.9967345370726085,AS340IV.DAT
T340,340,135,-0.6199991,0.00045106,-3.345765684428599,Reverse,0.9967345370726085,AS340IV.DAT
T340,340,136,-0.629999,0.00045383,-3.3431067988789844,Reverse,0.9967345370726085,AS340IV.DAT
T340,340,137,-0.639999,0.00045654,-3.340521165515805,Reverse,0.9967345370726085,AS340IV.DAT
T340,340,138,-0.649999,0.00045927,-3.3379319222284436,Reverse,0.9967345370726085,AS340IV.DAT
T340,340,139,-0.659999,0.00046204,-3.335320424817696,Reverse,0.9967345370726085,AS340IV.DAT
T340,340,140,-0.669999,0.00046476,-3.3327712569662924,Reverse,0.9967345370726085,AS340IV.DAT
T340,340,141,-0.679999,0.00046752,-3.330199805745797,Reverse,0.9967345370726085,AS340IV.DAT
T340,340,142,-0.689999,0.00047019,-3.3277266116870505,Reverse,0.9967345370726085,AS340IV.DAT
T340,340,143,-0.699999,0.00047292,-3.325212319086772,Reverse,0.9967345370726085,AS340IV.DAT
T340,340,144,-0.709999,0.0004757,-3.322666848580098,Reverse,0.9967345370726085,AS340IV.DAT
T340,340,145,-0.719999,0.0004784,-3.3202088290196454,Reverse,0.9967345370726085,AS340IV.DAT
T340,340,146,-0.7299989,0.00048111,-3.3177556160766835,Reverse,0.9967345370726085,AS340IV.DAT
T340,340,147,-0.7399989,0.00048381,-3.3153251593310307,Reverse,0.9967345370726085,AS340IV.DAT
T340,340,148,-0.7499989,0.00048654,-3.3128814491979686,Reverse,0.9967345370726085,AS340IV.DAT
T340,340,149,-0.7599989,0.00048928,-3.310442536267774,Reverse,0.9967345370726085,AS340IV.DAT
T340,340,150,-0.7699989,0.00049201,-3.308026070198729,Reverse,0.9967345370726085,AS340IV.DAT
T340,340,151,-0.7799989,0.00049468,-3.3056756478836897,Reverse,0.9967345370726085,AS340IV.DAT
T340,340,152,-0.7899989,0.0004974,-3.303294219066083,Reverse,0.9967345370726085,AS340IV.DAT
T340,340,153,-0.7999989,0.00050013,-3.300917093775296,Reverse,0.9967345370726085,AS340IV.DAT
T340,340,154,-0.8099989,0.0005029,-3.2985183643790728,Reverse,0.9967345370726085,AS340IV.DAT
T340,340,155,-0.8199989,0.00050556,-3.2962272948255276,Reverse,0.9967345370726085,AS340IV.DAT
T340,340,156,-0.8299989,0.00050837,-3.293820086007249,Reverse,0.9967345370726085,AS340IV.DAT
T340,340,157,-0.8399988,0.00051105,-3.2915366073764414,Reverse,0.9967345370726085,AS340IV.DAT
T340,340,158,-0.8499988,0.00051381,-3.2891974475539922,Reverse,0.9967345370726085,AS340IV.DAT
T340,340,159,-0.8599988,0.00051655,-3.286887634118975,Reverse,0.9967345370726085,AS340IV.DAT
T340,340,160,-0.8699988,0.00051937,-3.284523139825579,Reverse,0.9967345370726085,AS340IV.DAT
T340,340,161,-0.8799988,0.00052211,-3.282237988644813,Reverse,0.9967345370726085,AS340IV.DAT
T340,340,162,-0.8899988,0.00052475,-3.280047552745562,Reverse,0.9967345370726085,AS340IV.DAT
T340,340,163,-0.8999988,0.00052752,-3.2777610702009223,Reverse,0.9967345370726085,AS340IV.DAT
T340,340,164,-0.9099988,0.00053025,-3.2755193228114003,Reverse,0.9967345370726085,AS340IV.DAT
T340,340,165,-0.9199988,0.00053297,-3.2732972360037014,Reverse,0.9967345370726085,AS340IV.DAT
T340,340,166,-0.9299988,0.00053571,-3.271070246656291,Reverse,0.9967345370726085,AS340IV.DAT
T340,340,167,-0.9399987,0.00053848,-3.2688304224513103,Reverse,0.9967345370726085,AS340IV.DAT
T340,340,168,-0.9499987,0.00054119,-3.266650236806386,Reverse,0.9967345370726085,AS340IV.DAT
T340,340,169,-0.9599987,0.00054391,-3.2644729564359865,Reverse,0.9967345370726085,AS340IV.DAT
T340,340,170,-0.9699987,0.00054665,-3.262290647559232,Reverse,0.9967345370726085,AS340IV.DAT
T340,340,171,-0.9799987,0.00054934,-3.260158776826446,Reverse,0.9967345370726085,AS340IV.DAT
T340,340,172,-0.9899987,0.00055209,-3.257990119159718,Reverse,0.9967345370726085,AS340IV.DAT
T340,340,173,-0.9999987,0.00055477,-3.255887032073748,Reverse,0.9967345370726085,AS340IV.DAT
T340,340,174,-1.009999,0.00055761,-3.2536694463414024,Reverse,0.9967345370726085,AS340IV.DAT
T340,340,175,-1.019999,0.00056027,-3.2516026314736584,Reverse,0.9967345370726085,AS340IV.DAT
T340,340,176,-1.029999,0.00056301,-3.249483891283201,Reverse,0.9967345370726085,AS340IV.DAT
T340,340,177,-1.039999,0.0005658,-3.247337056879028,Reverse,0.9967345370726085,AS340IV.DAT
T340,340,178,-1.049999,0.00056852,-3.2452542526352515,Reverse,0.9967345370726085,AS340IV.DAT
T340,340,179,-1.059999,0.00057124,-3.243181389517861,Reverse,0.9967345370726085,AS340IV.DAT
T340,340,180,-1.069999,0.00057399,-3.2410956737738905,Reverse,0.9967345370726085,AS340IV.DAT
T340,340,181,-1.079999,0.0005768,-3.2389747482886273,Reverse,0.9967345370726085,AS340IV.DAT
T340,340,182,-1.089999,0.00057947,-3.2369690431718467,Reverse,0.9967345370726085,AS340IV.DAT
T340,340,183,-1.099999,0.0005822,-3.234927798897208,Reverse,0.9967345370726085,AS340IV.DAT
T340,340,184,-1.109999,0.000585,-3.2328441339178196,Reverse,0.9967345370726085,AS340IV.DAT
T340,340,185,-1.119999,0.00058772,-3.2308295300753804,Reverse,0.9967345370726085,AS340IV.DAT
T340,340,186,-1.129999,0.00059053,-3.228758034539023,Reverse,0.9967345370726085,AS340IV.DAT
T340,340,187,-1.139999,0.0005933,-3.226725651662546,Reverse,0.9967345370726085,AS340IV.DAT
T340,340,188,-1.149999,0.00059604,-3.2247245939571516,Reverse,0.9967345370726085,AS340IV.DAT
T340,340,189,-1.159999,0.00059882,-3.222703703077505,Reverse,0.9967345370726085,AS340IV.DAT
T340,340,190,-1.169999,0.00060158,-3.220706610637859,Reverse,0.9967345370726085,AS340IV.DAT
T340,340,191,-1.179999,0.0006044,-3.218675544333012,Reverse,0.9967345370726085,AS340IV.DAT
T340,340,192,-1.189999,0.00060714,-3.2167111537074926,Reverse,0.9967345370726085,AS340IV.DAT
T340,340,193,-1.199998,0.00061001,-3.214663045465919,Reverse,0.9967345370726085,AS340IV.DAT
T340,340,194,-1.209998,0.00061275,-3.2127166800758844,Reverse,0.9967345370726085,AS340IV.DAT
T340,340,195,-1.219998,0.00061551,-3.2107648868276453,Reverse,0.9967345370726085,AS340IV.DAT
T340,340,196,-1.229998,0.00061818,-3.2088850497905788,Reverse,0.9967345370726085,AS340IV.DAT
T340,340,197,-1.239998,0.00062104,-3.2068804268446396,Reverse,0.9967345370726085,AS340IV.DAT
T340,340,198,-1.249998,0.00062374,-3.2049964040613514,Reverse,0.9967345370726085,AS340IV.DAT
T340,340,199,-1.259998,0.0006266,-3.2030096094543135,Reverse,0.9967345370726085,AS340IV.DAT
T340,340,200,-1.269998,0.00062942,-3.201059461372531,Reverse,0.9967345370726085,AS340IV.DAT
T340,340,201,-1.279998,0.00063216,-3.199172987662629,Reverse,0.9967345370726085,AS340IV.DAT
T340,340,202,-1.289998,0.000635,-3.1972262747080245,Reverse,0.9967345370726085,AS340IV.DAT
T340,340,203,-1.299998,0.00063774,-3.1953563425635165,Reverse,0.9967345370726085,AS340IV.DAT
T340,340,204,-1.309998,0.00064058,-3.1934266248748675,Reverse,0.9967345370726085,AS340IV.DAT
T340,340,205,-1.319998,0.00064331,-3.1915796976108797,Reverse,0.9967345370726085,AS340IV.DAT
T340,340,206,-1.329998,0.00064603,-3.1897473139988177,Reverse,0.9967345370726085,AS340IV.DAT
T340,340,207,-1.339998,0.00064906,-3.1877151545640783,Reverse,0.9967345370726085,AS340IV.DAT
T340,340,208,-1.349998,0.00065177,-3.185905633337431,Reverse,0.9967345370726085,AS340IV.DAT
T340,340,209,-1.359998,0.00065456,-3.1840505378457014,Reverse,0.9967345370726085,AS340IV.DAT
T340,340,210,-1.369998,0.0006574,-3.1821703002543944,Reverse,0.9967345370726085,AS340IV.DAT
T340,340,211,-1.379998,0.00066027,-3.1802784348645656,Reverse,0.9967345370726085,AS340IV.DAT
T340,340,212,-1.389998,0.00066306,-3.1784471707054753,Reverse,0.9967345370726085,AS340IV.DAT
T340,340,213,-1.399998,0.00066587,-3.176610551300506,Reverse,0.9967345370726085,AS340IV.DAT
T340,340,214,-1.409998,0.00066869,-3.174775171457334,Reverse,0.9967345370726085,AS340IV.DAT
T340,340,215,-1.419998,0.00067158,-3.1729022458558647,Reverse,0.9967345370726085,AS340IV.DAT
T340,340,216,-1.429998,0.00067432,-3.17113395917131,Reverse,0.9967345370726085,AS340IV.DAT
T340,340,217,-1.439998,0.00067711,-3.169340772212398,Reverse,0.9967345370726085,AS340IV.DAT
T340,340,218,-1.449998,0.00068004,-3.167465541310879,Reverse,0.9967345370726085,AS340IV.DAT
T340,340,219,-1.459998,0.00068295,-3.165611090636129,Reverse,0.9967345370726085,AS340IV.DAT
T340,340,220,-1.469998,0.00068559,-3.163935525648003,Reverse,0.9967345370726085,AS340IV.DAT
T340,340,221,-1.479998,0.00068838,-3.1621717560316003,Reverse,0.9967345370726085,AS340IV.DAT
T340,340,222,-1.489998,0.00069123,-3.1603774213513254,Reverse,0.9967345370726085,AS340IV.DAT
T340,340,223,-1.499998,0.00069407,-3.1585967268352544,Reverse,0.9967345370726085,AS340IV.DAT
T340,340,224,-1.509998,0.00069693,-3.1568108404678563,Reverse,0.9967345370726085,AS340IV.DAT
T340,340,225,-1.519998,0.00069989,-3.15497021162424,Reverse,0.9967345370726085,AS340IV.DAT
T340,340,226,-1.529998,0.00070267,-3.153248587963538,Reverse,0.9967345370726085,AS340IV.DAT
T340,340,227,-1.539998,0.00070544,-3.1515399185177526,Reverse,0.9967345370726085,AS340IV.DAT
T340,340,228,-1.549998,0.00070834,-3.1497582328750906,Reverse,0.9967345370726085,AS340IV.DAT
T340,340,229,-1.559998,0.00071116,-3.14803267873612,Reverse,0.9967345370726085,AS340IV.DAT
T340,340,230,-1.569998,0.00071399,-3.14630787082219,Reverse,0.9967345370726085,AS340IV.DAT
T340,340,231,-1.579998,0.00071685,-3.144571710423525,Reverse,0.9967345370726085,AS340IV.DAT
T340,340,232,-1.589998,0.00071971,-3.1428424629722995,Reverse,0.9967345370726085,AS340IV.DAT
T340,340,233,-1.599998,0.00072257,-3.1411200736355886,Reverse,0.9967345370726085,AS340IV.DAT
T340,340,234,-1.609998,0.00072529,-3.1394883103705413,Reverse,0.9967345370726085,AS340IV.DAT
T340,340,235,-1.619998,0.00072826,-3.137713543205614,Reverse,0.9967345370726085,AS340IV.DAT
T340,340,236,-1.629998,0.00073118,-3.1359756963885985,Reverse,0.9967345370726085,AS340IV.DAT
T340,340,237,-1.639998,0.00073412,-3.1342329440646064,Reverse,0.9967345370726085,AS340IV.DAT
T340,340,238,-1.649998,0.00073698,-3.1325442977684856,Reverse,0.9967345370726085,AS340IV.DAT
T340,340,239,-1.659998,0.00073993,-3.13080936412266,Reverse,0.9967345370726085,AS340IV.DAT
T340,340,240,-1.669998,0.00074273,-3.1291690339121576,Reverse,0.9967345370726085,AS340IV.DAT
T340,340,241,-1.679998,0.00074576,-3.1274009144114894,Reverse,0.9967345370726085,AS340IV.DAT
T340,340,242,-1.689998,0.00074866,-3.125715370081984,Reverse,0.9967345370726085,AS340IV.DAT
T340,340,243,-1.699998,0.00075154,-3.1240478995521634,Reverse,0.9967345370726085,AS340IV.DAT
T340,340,244,-1.709998,0.00075437,-3.12241559107338,Reverse,0.9967345370726085,AS340IV.DAT
T340,340,245,-1.719998,0.00075726,-3.1207549828796974,Reverse,0.9967345370726085,AS340IV.DAT
T340,340,246,-1.729998,0.00076021,-3.119066421872806,Reverse,0.9967345370726085,AS340IV.DAT
T340,340,247,-1.739998,0.0007631,-3.1174185464455486,Reverse,0.9967345370726085,AS340IV.DAT
T340,340,248,-1.749998,0.00076602,-3.115759891233914,Reverse,0.9967345370726085,AS340IV.DAT
T340,340,249,-1.759998,0.00076897,-3.114090603096621,Reverse,0.9967345370726085,AS340IV.DAT
T340,340,250,-1.769998,0.00077187,-3.1124558383129592,Reverse,0.9967345370726085,AS340IV.DAT
T340,340,251,-1.779998,0.00077478,-3.1108215985901815,Reverse,0.9967345370726085,AS340IV.DAT
T340,340,252,-1.789998,0.00077779,-3.109137644851117,Reverse,0.9967345370726085,AS340IV.DAT
T340,340,253,-1.799998,0.00078068,-3.107526946549105,Reverse,0.9967345370726085,AS340IV.DAT
T340,340,254,-1.809998,0.00078365,-3.105877862070694,Reverse,0.9967345370726085,AS340IV.DAT
T340,340,255,-1.819998,0.00078655,-3.1042736646059943,Reverse,0.9967345370726085,AS340IV.DAT
T340,340,256,-1.829998,0.00078948,-3.10265886755519,Reverse,0.9967345370726085,AS340IV.DAT
T340,340,257,-1.839998,0.00079248,-3.101011689361619,Reverse,0.9967345370726085,AS340IV.DAT
T340,340,258,-1.849998,0.00079557,-3.099321601968046,Reverse,0.9967345370726085,AS340IV.DAT
T340,340,259,-1.859998,0.00079832,-3.097822990382168,Reverse,0.9967345370726085,AS340IV.DAT
T340,340,260,-1.869998,0.00080124,-3.0962373777188925,Reverse,0.9967345370726085,AS340IV.DAT
T340,340,261,-1.879998,0.00080431,-3.0945765316731624,Reverse,0.9967345370726085,AS340IV.DAT
T340,340,262,-1.889998,0.00080726,-3.0929865664186735,Reverse,0.9967345370726085,AS340IV.DAT
T340,340,263,-1.899998,0.00081035,-3.091327363543629,Reverse,0.9967345370726085,AS340IV.DAT
T340,340,264,-1.909998,0.00081336,-3.0897171894510156,Reverse,0.9967345370726085,AS340IV.DAT
T340,340,265,-1.919998,0.00081634,-3.0881289229007174,Reverse,0.9967345370726085,AS340IV.DAT
T340,340,266,-1.929998,0.00081917,-3.0866259609984055,Reverse,0.9967345370726085,AS340IV.DAT
T340,340,267,-1.939998,0.00082233,-3.0849538656489055,Reverse,0.9967345370726085,AS340IV.DAT
T340,340,268,-1.949998,0.00082535,-3.0833618443777024,Reverse,0.9967345370726085,AS340IV.DAT
T340,340,269,-1.959998,0.00082834,-3.081791366336555,Reverse,0.9967345370726085,AS340IV.DAT
T340,340,270,-1.969998,0.00083143,-3.0801743091545593,Reverse,0.9967345370726085,AS340IV.DAT
T340,340,271,-1.979998,0.00083431,-3.0786725509519663,Reverse,0.9967345370726085,AS340IV.DAT
T340,340,272,-1.989998,0.00083701,-3.077269353334248,Reverse,0.9967345370726085,AS340IV.DAT
T340,340,273,-1.999998,0.00084013,-3.075653506897282,Reverse,0.9967345370726085,AS340IV.DAT
T340,340,274,-2.009998,0.00084298,-3.0741827290439114,Reverse,0.9967345370726085,AS340IV.DAT
T360,360,1,0.7000003,0.00219565,-2.658436887893681,Forward,1.0040634674922602,AS360IV.DAT
T360,360,2,0.6900003,0.0021621,-2.665124223220895,Forward,1.0040634674922602,AS360IV.DAT
T360,360,3,0.6800003,0.00212858,-2.671910022768664,Forward,1.0040634674922602,AS360IV.DAT
T360,360,4,0.6700003,0.00209508,-2.678799388976823,Forward,1.0040634674922602,AS360IV.DAT
T360,360,5,0.6600003,0.00206151,-2.685814554176091,Forward,1.0040634674922602,AS360IV.DAT
T360,360,6,0.6500003,0.00202804,-2.692923483457065,Forward,1.0040634674922602,AS360IV.DAT
T360,360,7,0.6400003,0.00199471,-2.7001202350923035,Forward,1.0040634674922602,AS360IV.DAT
T360,360,8,0.6300004,0.00196131,-2.7074537573525737,Forward,1.0040634674922602,AS360IV.DAT
T360,360,9,0.6200004,0.00192795,-2.714904233402934,Forward,1.0040634674922602,AS360IV.DAT
T360,360,10,0.6100004,0.00192796,-2.7149019807856174,Forward,1.0040634674922602,AS360IV.DAT
T360,360,11,0.6000004,0.00189472,-2.722454960598094,Forward,1.0040634674922602,AS360IV.DAT
T360,360,12,0.5900004,0.0018615,-2.730136959445589,Forward,1.0040634674922602,AS360IV.DAT
T360,360,13,0.5800004,0.00182807,-2.7380071783879205,Forward,1.0040634674922602,AS360IV.DAT
T360,360,14,0.5700004,0.00179497,-2.745942805549915,Forward,1.0040634674922602,AS360IV.DAT
T360,360,15,0.5600004,0.00176181,-2.7540409292956007,Forward,1.0040634674922602,AS360IV.DAT
T360,360,16,0.5500004,0.0017287,-2.762280368003746,Forward,1.0040634674922602,AS360IV.DAT
T360,360,17,0.5400004,0.00169568,-2.7706561021657645,Forward,1.0040634674922602,AS360IV.DAT
T360,360,18,0.5300004,0.00166266,-2.7791965512738335,Forward,1.0040634674922602,AS360IV.DAT
T360,360,19,0.5200005,0.00162958,-2.7879243141152434,Forward,1.0040634674922602,AS360IV.DAT
T360,360,20,0.5100005,0.00159668,-2.796782114643984,Forward,1.0040634674922602,AS360IV.DAT
T360,360,21,0.5000005,0.00156382,-2.80581323689352,Forward,1.0040634674922602,AS360IV.DAT
T360,360,22,0.4900005,0.00153089,-2.815056013814657,Forward,1.0040634674922602,AS360IV.DAT
T360,360,23,0.4800005,0.00149813,-2.8244504991645916,Forward,1.0040634674922602,AS360IV.DAT
T360,360,24,0.4700005,0.00146538,-2.8340497401539886,Forward,1.0040634674922602,AS360IV.DAT
T360,360,25,0.4600005,0.00143245,-2.843920528245787,Forward,1.0040634674922602,AS360IV.DAT
T360,360,26,0.4500005,0.00139979,-2.853937113380349,Forward,1.0040634674922602,AS360IV.DAT
T360,360,27,0.4400005,0.00136723,-2.8641584208172235,Forward,1.0040634674922602,AS360IV.DAT
T360,360,28,0.4300005,0.00133474,-2.8746033242337456,Forward,1.0040634674922602,AS360IV.DAT
T360,360,29,0.4200006,0.0013023,-2.8852889594416378,Forward,1.0040634674922602,AS360IV.DAT
T360,360,30,0.4100006,0.00126989,-2.8962338967306667,Forward,1.0040634674922602,AS360IV.DAT
T360,360,31,0.4000006,0.00123753,-2.9074442641709317,Forward,1.0040634674922602,AS360IV.DAT
T360,360,32,0.3900006,0.00120517,-2.9189516876497072,Forward,1.0040634674922602,AS360IV.DAT
T360,360,33,0.3800006,0.00117302,-2.9306945830970963,Forward,1.0040634674922602,AS360IV.DAT
T360,360,34,0.3700006,0.00114085,-2.942771453263385,Forward,1.0040634674922602,AS360IV.DAT
T360,360,35,0.3600006,0.00110876,-2.955162450203974,Forward,1.0040634674922602,AS360IV.DAT
T360,360,36,0.3500006,0.00107667,-2.9679173878256813,Forward,1.0040634674922602,AS360IV.DAT
T360,360,37,0.3400006,0.00104479,-2.9809709928124954,Forward,1.0040634674922602,AS360IV.DAT
T360,360,38,0.3300006,0.00101275,-2.994497748144374,Forward,1.0040634674922602,AS360IV.DAT
T360,360,39,0.3200006,0.00098099,-3.0083354197015546,Forward,1.0040634674922602,AS360IV.DAT
T360,360,40,0.3100007,0.00094925,-3.0226193941881654,Forward,1.0040634674922602,AS360IV.DAT
T360,360,41,0.3000007,0.00091763,-3.037332396521916,Forward,1.0040634674922602,AS360IV.DAT
T360,360,42,0.2900007,0.00088616,-3.0524878572962133,Forward,1.0040634674922602,AS360IV.DAT
T360,360,43,0.2800007,0.00085469,-3.068191377321106,Forward,1.0040634674922602,AS360IV.DAT
T360,360,44,0.2700007,0.00082329,-3.0844471596658445,Forward,1.0040634674922602,AS360IV.DAT
T360,360,45,0.2600007,0.00079197,-3.101291269270635,Forward,1.0040634674922602,AS360IV.DAT
T360,360,46,0.2500007,0.00076085,-3.118700955047276,Forward,1.0040634674922602,AS360IV.DAT
T360,360,47,0.2400007,0.00072981,-3.136790190142287,Forward,1.0040634674922602,AS360IV.DAT
T360,360,48,0.2300007,0.00069885,-3.155616030496098,Forward,1.0040634674922602,AS360IV.DAT
T360,360,49,0.2200007,0.00066803,-3.1752040337192113,Forward,1.0040634674922602,AS360IV.DAT
T360,360,50,0.2100007,0.00063734,-3.195628823974032,Forward,1.0040634674922602,AS360IV.DAT
T360,360,51,0.2000007,0.00060656,-3.2171262329176407,Forward,1.0040634674922602,AS360IV.DAT
T360,360,52,0.1900007,0.00057609,-3.2395096633648848,Forward,1.0040634674922602,AS360IV.DAT
T360,360,53,0.1800007,0.00054581,-3.262958511712963,Forward,1.0040634674922602,AS360IV.DAT
T360,360,54,0.1700007,0.00051556,-3.287720784982634,Forward,1.0040634674922602,AS360IV.DAT
T360,360,55,0.1600007,0.00048554,-3.3137749860161385,Forward,1.0040634674922602,AS360IV.DAT
T360,360,56,0.1500007,0.00045566,-3.3413590941775744,Forward,1.0040634674922602,AS360IV.DAT
T360,360,57,0.1400007,0.0004258,-3.370794342897696,Forward,1.0040634674922602,AS360IV.DAT
T360,360,58,0.1300007,0.00039621,-3.40207456743954,Forward,1.0040634674922602,AS360IV.DAT
T360,360,59,0.1200007,0.00036679,-3.4355825132528905,Forward,1.0040634674922602,AS360IV.DAT
T360,360,60,0.1100007,0.00033753,-3.471687620594639,Forward,1.0040634674922602,AS360IV.DAT
T360,360,61,0.1000007,0.00030849,-3.510758909475824,Forward,1.0040634674922602,AS360IV.DAT
T360,360,62,0.09000066,0.00027962,-3.5534317686237857,Forward,1.0040634674922602,AS360IV.DAT
T360,360,63,0.08000066,0.00025096,-3.6003954943103116,Forward,1.0040634674922602,AS360IV.DAT
T360,360,64,0.07000066,0.00022232,-3.6530214662306846,Forward,1.0040634674922602,AS360IV.DAT
T360,360,65,0.06000067,0.000194141,-3.7118827377006505,Forward,1.0040634674922602,AS360IV.DAT
T360,360,66,0.05000067,0.00016614,-3.779525793870782,Forward,1.0040634674922602,AS360IV.DAT
T360,360,67,0.04000067,0.00013837,-3.8589580590609507,Forward,1.0040634674922602,AS360IV.DAT
T360,360,68,0.03000067,0.000110804,-3.955444561389436,Forward,1.0040634674922602,AS360IV.DAT
T360,360,69,0.02000067,8.3525e-05,-4.078183515689831,Forward,1.0040634674922602,AS360IV.DAT
T360,360,70,0.01000067,5.6428e-05,-4.248505342328869,Forward,1.0040634674922602,AS360IV.DAT
T360,360,71,6.705523e-07,2.9708e-05,-4.52712658475644,Forward,1.0040634674922602,AS360IV.DAT
T360,360,72,-0.009999329,2.0616e-07,-6.685795594457152,Reverse,1.0040634674922602,AS360IV.DAT
T360,360,73,-0.01999933,2.329e-05,-4.632830511465319,Reverse,1.0040634674922602,AS360IV.DAT
T360,360,74,-0.02999933,4.9062e-05,-4.309254751864251,Reverse,1.0040634674922602,AS360IV.DAT
T360,360,75,-0.03999933,7.4565e-05,-4.127464977805319,Reverse,1.0040634674922602,AS360IV.DAT
T360,360,76,-0.04999933,9.9629e-05,-4.001614228777219,Reverse,1.0040634674922602,AS360IV.DAT
T360,360,77,-0.05999932,0.000124355,-3.9053367481603964,Reverse,1.0040634674922602,AS360IV.DAT
T360,360,78,-0.06999932,0.000148669,-3.827779579779905,Reverse,1.0040634674922602,AS360IV.DAT
T360,360,79,-0.07999932,0.000172637,-3.7628661195492907,Reverse,1.0040634674922602,AS360IV.DAT
T360,360,80,-0.08999932,0.000196106,-3.707509118586023,Reverse,1.0040634674922602,AS360IV.DAT
T360,360,81,-0.09999932,0.00021932,-3.6589217627885566,Reverse,1.0040634674922602,AS360IV.DAT
T360,360,82,-0.1099993,0.00024194,-3.6162923236879068,Reverse,1.0040634674922602,AS360IV.DAT
T360,360,83,-0.1199993,0.00026411,-3.5782151547847474,Reverse,1.0040634674922602,AS360IV.DAT
T360,360,84,-0.1299993,0.00028581,-3.543922580062746,Reverse,1.0040634674922602,AS360IV.DAT
T360,360,85,-0.1399993,0.00030696,-3.51291821380974,Reverse,1.0040634674922602,AS360IV.DAT
T360,360,86,-0.1499993,0.00032763,-3.4846163381755533,Reverse,1.0040634674922602,AS360IV.DAT
T360,360,87,-0.1599993,0.00034776,-3.4587203728172193,Reverse,1.0040634674922602,AS360IV.DAT
T360,360,88,-0.1699993,0.00036738,-3.4348844901806235,Reverse,1.0040634674922602,AS360IV.DAT
T360,360,89,-0.1799993,0.00038634,-3.413030324524232,Reverse,1.0040634674922602,AS360IV.DAT
T360,360,90,-0.1899993,0.00040478,-3.392780953935593,Reverse,1.0040634674922602,AS360IV.DAT
T360,360,91,-0.1999993,0.00042259,-3.3740807841322704,Reverse,1.0040634674922602,AS360IV.DAT
T360,360,92,-0.2099994,0.00043976,-3.356784276042326,Reverse,1.0040634674922602,AS360IV.DAT
T360,360,93,-0.2199994,0.0004563,-3.340749531227339,Reverse,1.0040634674922602,AS360IV.DAT
T360,360,94,-0.2299994,0.00047226,-3.325818837220129,Reverse,1.0040634674922602,AS360IV.DAT
T360,360,95,-0.2399994,0.0004875,-3.312025379965444,Reverse,1.0040634674922602,AS360IV.DAT
T360,360,96,-0.2499994,0.00050206,-3.2992443782497873,Reverse,1.0040634674922602,AS360IV.DAT
T360,360,97,-0.2599994,0.00051593,-3.2874092182874723,Reverse,1.0040634674922602,AS360IV.DAT
T360,360,98,-0.2699994,0.00052914,-3.276429407013293,Reverse,1.0040634674922602,AS360IV.DAT
T360,360,99,-0.2799993,0.00054166,-3.2662732346005168,Reverse,1.0040634674922602,AS360IV.DAT
T360,360,100,-0.2899993,0.00055352,-3.2568666824045622,Reverse,1.0040634674922602,AS360IV.DAT
T360,360,101,-0.2999993,0.00056474,-3.2481514505063505,Reverse,1.0040634674922602,AS360IV.DAT
T360,360,102,-0.3099993,0.0005753,-3.2401056259745005,Reverse,1.0040634674922602,AS360IV.DAT
T360,360,103,-0.3199993,0.00058525,-3.232658577631338,Reverse,1.0040634674922602,AS360IV.DAT
T360,360,104,-0.3299993,0.00059464,-3.225745880205107,Reverse,1.0040634674922602,AS360IV.DAT
T360,360,105,-0.3399993,0.00060347,-3.219344314892729,Reverse,1.0040634674922602,AS360IV.DAT
T360,360,106,-0.3499993,0.00061186,-3.2133479376304455,Reverse,1.0040634674922602,AS360IV.DAT
T360,360,107,-0.3599993,0.00061983,-3.207727407575355,Reverse,1.0040634674922602,AS360IV.DAT
T360,360,108,-0.3699993,0.00062733,-3.2025039432566693,Reverse,1.0040634674922602,AS360IV.DAT
T360,360,109,-0.3799993,0.00063446,-3.1975957531230557,Reverse,1.0040634674922602,AS360IV.DAT
T360,360,110,-0.3899992,0.00064129,-3.192945532231022,Reverse,1.0040634674922602,AS360IV.DAT
T360,360,111,-0.3999992,0.00064779,-3.1885657605221063,Reverse,1.0040634674922602,AS360IV.DAT
T360,360,112,-0.4099992,0.00065403,-3.184402330367415,Reverse,1.0040634674922602,AS360IV.DAT
T360,360,113,-0.4199992,0.00066004,-3.1804297443780105,Reverse,1.0040634674922602,AS360IV.DAT
T360,360,114,-0.4299992,0.00066585,-3.176623595918952,Reverse,1.0040634674922602,AS360IV.DAT
T360,360,115,-0.4399992,0.00067143,-3.17299925804871,Reverse,1.0040634674922602,AS360IV.DAT
T360,360,116,-0.4499992,0.00067688,-3.169488317957638,Reverse,1.0040634674922602,AS360IV.DAT
T360,360,117,-0.4599992,0.00068217,-3.1661073836107376,Reverse,1.0040634674922602,AS360IV.DAT
T360,360,118,-0.4699992,0.00068735,-3.162822062995818,Reverse,1.0040634674922602,AS360IV.DAT
T360,360,119,-0.4799992,0.00069238,-3.159655485590241,Reverse,1.0040634674922602,AS360IV.DAT
T360,360,120,-0.4899991,0.00069741,-3.1565118296676955,Reverse,1.0040634674922602,AS360IV.DAT
T360,360,121,-0.4999991,0.00070231,-3.153471147739345,Reverse,1.0040634674922602,AS360IV.DAT
T360,360,122,-0.5099992,0.0007071,-3.1505191627560136,Reverse,1.0040634674922602,AS360IV.DAT
T360,360,123,-0.5199991,0.00071185,-3.1476115106262705,Reverse,1.0040634674922602,AS360IV.DAT
T360,360,124,-0.5299991,0.00071654,-3.1447595606129206,Reverse,1.0040634674922602,AS360IV.DAT
T360,360,125,-0.5399991,0.00072115,-3.1419743921504937,Reverse,1.0040634674922602,AS360IV.DAT
T360,360,126,-0.5499991,0.00072579,-3.1391890198427337,Reverse,1.0040634674922602,AS360IV.DAT
T360,360,127,-0.5599991,0.00073037,-3.1364570737843183,Reverse,1.0040634674922602,AS360IV.DAT
T360,360,128,-0.5699991,0.00073489,-3.1337776622330447,Reverse,1.0040634674922602,AS360IV.DAT
T360,360,129,-0.5799991,0.0007394,-3.131120553762912,Reverse,1.0040634674922602,AS360IV.DAT
T360,360,130,-0.5899991,0.00074384,-3.128520471160988,Reverse,1.0040634674922602,AS360IV.DAT
T360,360,131,-0.5999991,0.00074832,-3.125912647435571,Reverse,1.0040634674922602,AS360IV.DAT
T360,360,132,-0.6099991,0.0007528,-3.1233203895807997,Reverse,1.0040634674922602,AS360IV.DAT
T360,360,133,-0.6199991,0.00075721,-3.120783659214129,Reverse,1.0040634674922602,AS360IV.DAT
T360,360,134,-0.629999,0.0007616,-3.118273064623582,Reverse,1.0040634674922602,AS360IV.DAT
T360,360,135,-0.639999,0.00076599,-3.1157769000451605,Reverse,1.0040634674922602,AS360IV.DAT
T360,360,136,-0.649999,0.00077038,-3.113295000549131,Reverse,1.0040634674922602,AS360IV.DAT
T360,360,137,-0.659999,0.00077474,-3.1108440207328836,Reverse,1.0040634674922602,AS360IV.DAT
T360,360,138,-0.669999,0.00077913,-3.1083900730433855,Reverse,1.0040634674922602,AS360IV.DAT
T360,360,139,-0.679999,0.00078348,-3.105972085347912,Reverse,1.0040634674922602,AS360IV.DAT
T360,360,140,-0.689999,0.00078782,-3.103572998165891,Reverse,1.0040634674922602,AS360IV.DAT
T360,360,141,-0.699999,0.00079215,-3.101192573455824,Reverse,1.0040634674922602,AS360IV.DAT
T360,360,142,-0.709999,0.00079648,-3.098825125071501,Reverse,1.0040634674922602,AS360IV.DAT
T360,360,143,-0.719999,0.00080083,-3.0964596660601855,Reverse,1.0040634674922602,AS360IV.DAT
T360,360,144,-0.7299989,0.00080512,-3.0941393849068626,Reverse,1.0040634674922602,AS360IV.DAT
T360,360,145,-0.7399989,0.00080945,-3.0918099725989885,Reverse,1.0040634674922602,AS360IV.DAT
T360,360,146,-0.7499989,0.00081375,-3.0895089984237516,Reverse,1.0040634674922602,AS360IV.DAT
T360,360,147,-0.7599989,0.00081806,-3.0872148421559378,Reverse,1.0040634674922602,AS360IV.DAT
T360,360,148,-0.7699989,0.00082236,-3.0849380221349807,Reverse,1.0040634674922602,AS360IV.DAT
T360,360,149,-0.7799989,0.00082665,-3.082678329918848,Reverse,1.0040634674922602,AS360IV.DAT
T360,360,150,-0.7899989,0.00083097,-3.080414655000053,Reverse,1.0040634674922602,AS360IV.DAT
T360,360,151,-0.7999989,0.00083521,-3.0782043144869045,Reverse,1.0040634674922602,AS360IV.DAT
T360,360,152,-0.8099989,0.00083955,-3.0759534340375887,Reverse,1.0040634674922602,AS360IV.DAT
T360,360,153,-0.8199989,0.00084385,-3.0737347452722705,Reverse,1.0040634674922602,AS360IV.DAT
T360,360,154,-0.8299989,0.00084811,-3.0715478160276826,Reverse,1.0040634674922602,AS360IV.DAT
T360,360,155,-0.8399988,0.00085226,-3.069427894271157,Reverse,1.0040634674922602,AS360IV.DAT
T360,360,156,-0.8499988,0.00085659,-3.067226999948986,Reverse,1.0040634674922602,AS360IV.DAT
T360,360,157,-0.8599988,0.00086081,-3.0650926964644043,Reverse,1.0040634674922602,AS360IV.DAT
T360,360,158,-0.8699988,0.00086514,-3.062913607786438,Reverse,1.0040634674922602,AS360IV.DAT
T360,360,159,-0.8799988,0.00086942,-3.0607703735887832,Reverse,1.0040634674922602,AS360IV.DAT
T360,360,160,-0.8899988,0.00087359,-3.05869234598741,Reverse,1.0040634674922602,AS360IV.DAT
T360,360,161,-0.8999988,0.00087786,-3.0565747393051277,Reverse,1.0040634674922602,AS360IV.DAT
T360,360,162,-0.9099988,0.00088214,-3.0544624847066353,Reverse,1.0040634674922602,AS360IV.DAT
T360,360,163,-0.9199988,0.00088642,-3.052360453662973,Reverse,1.0040634674922602,AS360IV.DAT
T360,360,164,-0.9299988,0.00089063,-3.05030268017378,Reverse,1.0040634674922602,AS360IV.DAT
T360,360,165,-0.9399987,0.0008949,-3.048225491918275,Reverse,1.0040634674922602,AS360IV.DAT
T360,360,166,-0.9499987,0.0008992,-3.0461437017750144,Reverse,1.0040634674922602,AS360IV.DAT
T360,360,167,-0.9599987,0.00090341,-3.0441151064680243,Reverse,1.0040634674922602,AS360IV.DAT
T360,360,168,-0.9699987,0.00090763,-3.042091157763817,Reverse,1.0040634674922602,AS360IV.DAT
T360,360,169,-0.9799987,0.00091188,-3.0400623094421646,Reverse,1.0040634674922602,AS360IV.DAT
T360,360,170,-0.9899987,0.00091615,-3.038033414062487,Reverse,1.0040634674922602,AS360IV.DAT
T360,360,171,-0.9999987,0.0009204,-3.036023390003394,Reverse,1.0040634674922602,AS360IV.DAT
T360,360,172,-1.009999,0.00092462,-3.034036716786216,Reverse,1.0040634674922602,AS360IV.DAT
T360,360,173,-1.019999,0.00092888,-3.03204038794825,Reverse,1.0040634674922602,AS360IV.DAT
T360,360,174,-1.029999,0.00093313,-3.0300578478401112,Reverse,1.0040634674922602,AS360IV.DAT
T360,360,175,-1.039999,0.00093738,-3.028084316851971,Reverse,1.0040634674922602,AS360IV.DAT
T360,360,176,-1.049999,0.00094164,-3.0261151013431453,Reverse,1.0040634674922602,AS360IV.DAT
T360,360,177,-1.059999,0.00094583,-3.0241869150744205,Reverse,1.0040634674922602,AS360IV.DAT
T360,360,178,-1.069999,0.00095014,-3.0222123981345037,Reverse,1.0040634674922602,AS360IV.DAT
T360,360,179,-1.079999,0.00095435,-3.0202923221592997,Reverse,1.0040634674922602,AS360IV.DAT
T360,360,180,-1.089999,0.00095857,-3.0183761670804445,Reverse,1.0040634674922602,AS360IV.DAT
T360,360,181,-1.099999,0.00096283,-3.0164503863742844,Reverse,1.0040634674922602,AS360IV.DAT
T360,360,182,-1.109999,0.00096703,-3.0145600526674023,Reverse,1.0040634674922602,AS360IV.DAT
T360,360,183,-1.119999,0.00097128,-3.012655553896827,Reverse,1.0040634674922602,AS360IV.DAT
T360,360,184,-1.129999,0.00097557,-3.010741563252507,Reverse,1.0040634674922602,AS360IV.DAT
T360,360,185,-1.139999,0.00097982,-3.0088537000082964,Reverse,1.0040634674922602,AS360IV.DAT
T360,360,186,-1.149999,0.00098407,-3.006974007734856,Reverse,1.0040634674922602,AS360IV.DAT
T360,360,187,-1.159999,0.0009883,-3.0051112046350896,Reverse,1.0040634674922602,AS360IV.DAT
T360,360,188,-1.169999,0.00099253,-3.003256357474115,Reverse,1.0040634674922602,AS360IV.DAT
T360,360,189,-1.179999,0.0009968299,-3.0013789437885796,Reverse,1.0040634674922602,AS360IV.DAT
T360,360,190,-1.189999,0.00100109,-2.999526876820041,Reverse,1.0040634674922602,AS360IV.DAT
T360,360,191,-1.199998,0.00100532,-2.997695677433887,Reverse,1.0040634674922602,AS360IV.DAT
T360,360,192,-1.209998,0.0010095,-2.995893676720342,Reverse,1.0040634674922602,AS360IV.DAT
T360,360,193,-1.219998,0.00101367,-2.9941034064473886,Reverse,1.0040634674922602,AS360IV.DAT
T360,360,194,-1.229998,0.00101797,-2.992265020649985,Reverse,1.0040634674922602,AS360IV.DAT
T360,360,195,-1.239998,0.00102223,-2.9904513776918042,Reverse,1.0040634674922602,AS360IV.DAT
T360,360,196,-1.249998,0.00102642,-2.9886748942354133,Reverse,1.0040634674922602,AS360IV.DAT
T360,360,197,-1.259998,0.00103062,-2.98690143396367,Reverse,1.0040634674922602,AS360IV.DAT
T360,360,198,-1.269998,0.00103485,-2.985122595997724,Reverse,1.0040634674922602,AS360IV.DAT
T360,360,199,-1.279998,0.0010391,-2.9833426551777977,Reverse,1.0040634674922602,AS360IV.DAT
T360,360,200,-1.289998,0.00104329,-2.981594955337794,Reverse,1.0040634674922602,AS360IV.DAT
T360,360,201,-1.299998,0.00104749,-2.979850114390831,Reverse,1.0040634674922602,AS360IV.DAT
T360,360,202,-1.309998,0.00105171,-2.9781039966483798,Reverse,1.0040634674922602,AS360IV.DAT
T360,360,203,-1.319998,0.00105598,-2.9763443071543767,Reverse,1.0040634674922602,AS360IV.DAT
T360,360,204,-1.329998,0.00106016,-2.974628585798134,Reverse,1.0040634674922602,AS360IV.DAT
T360,360,205,-1.339998,0.00106443,-2.9728828937496865,Reverse,1.0040634674922602,AS360IV.DAT
T360,360,206,-1.349998,0.00106873,-2.9711319994880148,Reverse,1.0040634674922602,AS360IV.DAT
T360,360,207,-1.359998,0.00107298,-2.9694083730672163,Reverse,1.0040634674922602,AS360IV.DAT
T360,360,208,-1.369998,0.00107712,-2.967735910040289,Reverse,1.0040634674922602,AS360IV.DAT
T360,360,209,-1.379998,0.00108148,-2.9659815076349245,Reverse,1.0040634674922602,AS360IV.DAT
T360,360,210,-1.389998,0.00108569,-2.964294162323948,Reverse,1.0040634674922602,AS360IV.DAT
T360,360,211,-1.399998,0.00108992,-2.962605378053512,Reverse,1.0040634674922602,AS360IV.DAT
T360,360,212,-1.409998,0.00109416,-2.960919166086432,Reverse,1.0040634674922602,AS360IV.DAT
T360,360,213,-1.419998,0.00109841,-2.959235521906544,Reverse,1.0040634674922602,AS360IV.DAT
T360,360,214,-1.429998,0.00110264,-2.9575662568556815,Reverse,1.0040634674922602,AS360IV.DAT
T360,360,215,-1.439998,0.00110684,-2.9559151543148103,Reverse,1.0040634674922602,AS360IV.DAT
T360,360,216,-1.449998,0.00111109,-2.9542507611128723,Reverse,1.0040634674922602,AS360IV.DAT
T360,360,217,-1.459998,0.00111538,-2.9525771471561946,Reverse,1.0040634674922602,AS360IV.DAT
T360,360,218,-1.469998,0.0011196,-2.9509371102058752,Reverse,1.0040634674922602,AS360IV.DAT
T360,360,219,-1.479998,0.00112396,-2.9492491443616107,Reverse,1.0040634674922602,AS360IV.DAT
T360,360,220,-1.489998,0.00112819,-2.947617754073545,Reverse,1.0040634674922602,AS360IV.DAT
T360,360,221,-1.499998,0.00113241,-2.9459963041553596,Reverse,1.0040634674922602,AS360IV.DAT
T360,360,222,-1.509998,0.00113663,-2.9443808854525453,Reverse,1.0040634674922602,AS360IV.DAT
T360,360,223,-1.519998,0.00114097,-2.94272577451758,Reverse,1.0040634674922602,AS360IV.DAT
T360,360,224,-1.529998,0.00114523,-2.9411072838919634,Reverse,1.0040634674922602,AS360IV.DAT
T360,360,225,-1.539998,0.00114942,-2.93952125037783,Reverse,1.0040634674922602,AS360IV.DAT
T360,360,226,-1.549998,0.00115372,-2.937899578710429,Reverse,1.0040634674922602,AS360IV.DAT
T360,360,227,-1.559998,0.00115798,-2.9362989414416107,Reverse,1.0040634674922602,AS360IV.DAT
T360,360,228,-1.569998,0.00116236,-2.934659343718791,Reverse,1.0040634674922602,AS360IV.DAT
T360,360,229,-1.579998,0.00116662,-2.9330705824961076,Reverse,1.0040634674922602,AS360IV.DAT
T360,360,230,-1.589998,0.00117092,-2.9314727759313994,Reverse,1.0040634674922602,AS360IV.DAT
T360,360,231,-1.599998,0.00117521,-2.9298845217392926,Reverse,1.0040634674922602,AS360IV.DAT
T360,360,232,-1.609998,0.00117961,-2.928261554426097,Reverse,1.0040634674922602,AS360IV.DAT
T360,360,233,-1.619998,0.00118387,-2.9266959845914418,Reverse,1.0040634674922602,AS360IV.DAT
T360,360,234,-1.629998,0.00118805,-2.925165281352175,Reverse,1.0040634674922602,AS360IV.DAT
T360,360,235,-1.639998,0.00119244,-2.923563464132272,Reverse,1.0040634674922602,AS360IV.DAT
T360,360,236,-1.649998,0.00119668,-2.9220219672325696,Reverse,1.0040634674922602,AS360IV.DAT
T360,360,237,-1.659998,0.00120096,-2.9204714572670114,Reverse,1.0040634674922602,AS360IV.DAT
T360,360,238,-1.669998,0.00120523,-2.9189300666167504,Reverse,1.0040634674922602,AS360IV.DAT
T360,360,239,-1.679998,0.0012095,-2.9173941273021016,Reverse,1.0040634674922602,AS360IV.DAT
T360,360,240,-1.689998,0.00121388,-2.915824243996935,Reverse,1.0040634674922602,AS360IV.DAT
T360,360,241,-1.699998,0.00121829,-2.914249320563052,Reverse,1.0040634674922602,AS360IV.DAT
T360,360,242,-1.709998,0.00122261,-2.9127120563402364,Reverse,1.0040634674922602,AS360IV.DAT
T360,360,243,-1.719998,0.0012268,-2.911226232689552,Reverse,1.0040634674922602,AS360IV.DAT
T360,360,244,-1.729998,0.00123108,-2.9097137241363953,Reverse,1.0040634674922602,AS360IV.DAT
T360,360,245,-1.739998,0.0012354,-2.908192402998325,Reverse,1.0040634674922602,AS360IV.DAT
T360,360,246,-1.749998,0.00123973,-2.9066728892556064,Reverse,1.0040634674922602,AS360IV.DAT
T360,360,247,-1.759998,0.00124398,-2.905186601927725,Reverse,1.0040634674922602,AS360IV.DAT
T360,360,248,-1.769998,0.00124837,-2.903656676558296,Reverse,1.0040634674922602,AS360IV.DAT
T360,360,249,-1.779998,0.00125262,-2.902180658401679,Reverse,1.0040634674922602,AS360IV.DAT
T360,360,250,-1.789998,0.00125698,-2.900671632384638,Reverse,1.0040634674922602,AS360IV.DAT
T360,360,251,-1.799998,0.00126124,-2.899202264134249,Reverse,1.0040634674922602,AS360IV.DAT
T360,360,252,-1.809998,0.00126549,-2.8977412823208026,Reverse,1.0040634674922602,AS360IV.DAT
T360,360,253,-1.819998,0.0012698,-2.8962646772616667,Reverse,1.0040634674922602,AS360IV.DAT
T360,360,254,-1.829998,0.00127415,-2.8947794414374277,Reverse,1.0040634674922602,AS360IV.DAT
T360,360,255,-1.839998,0.00127849,-2.89330266455732,Reverse,1.0040634674922602,AS360IV.DAT
T360,360,256,-1.849998,0.00128288,-2.8918139654295723,Reverse,1.0040634674922602,AS360IV.DAT
T360,360,257,-1.859998,0.00128727,-2.8903303519208774,Reverse,1.0040634674922602,AS360IV.DAT
T360,360,258,-1.869998,0.00129157,-2.888882051132245,Reverse,1.0040634674922602,AS360IV.DAT
T360,360,259,-1.879998,0.0012959,-2.8874285101350208,Reverse,1.0040634674922602,AS360IV.DAT
T360,360,260,-1.889998,0.00130025,-2.88597313755313,Reverse,1.0040634674922602,AS360IV.DAT
T360,360,261,-1.899998,0.0013047,-2.8844893376150016,Reverse,1.0040634674922602,AS360IV.DAT
T360,360,262,-1.909998,0.00130901,-2.883057035704225,Reverse,1.0040634674922602,AS360IV.DAT
T360,360,263,-1.919998,0.00131344,-2.8815897616781263,Reverse,1.0040634674922602,AS360IV.DAT
T360,360,264,-1.929998,0.00131774,-2.880170270852939,Reverse,1.0040634674922602,AS360IV.DAT
T360,360,265,-1.939998,0.00132214,-2.8787225554341425,Reverse,1.0040634674922602,AS360IV.DAT
T360,360,266,-1.949998,0.00132648,-2.877299293706619,Reverse,1.0040634674922602,AS360IV.DAT
T360,360,267,-1.959998,0.00133088,-2.8758611013151603,Reverse,1.0040634674922602,AS360IV.DAT
T360,360,268,-1.969998,0.00133521,-2.874450423686093,Reverse,1.0040634674922602,AS360IV.DAT
T360,360,269,-1.979998,0.00133955,-2.873041071291436,Reverse,1.0040634674922602,AS360IV.DAT
T360,360,270,-1.989998,0.0013434,-2.871794656037326,Reverse,1.0040634674922602,AS360IV.DAT
T360,360,271,-1.999998,0.00134771,-2.870403549157698,Reverse,1.0040634674922602,AS360IV.DAT
T360,360,272,-2.009998,0.00135204,-2.8690104596352834,Reverse,1.0040634674922602,AS360IV.DAT
T380,380,1,0.6800003,0.00218585,-2.660379644036561,Forward,1.0115009746588695,AS380IV.DAT
T380,380,2,0.6700003,0.00215193,-2.667171859914653,Forward,1.0115009746588695,AS380IV.DAT
T380,380,3,0.6600003,0.00211794,-2.6740863473626275,Forward,1.0115009746588695,AS380IV.DAT
T380,380,4,0.6500003,0.00208404,-2.681093949665909,Forward,1.0115009746588695,AS380IV.DAT
T380,380,5,0.6400003,0.0020502,-2.6882037708175934,Forward,1.0115009746588695,AS380IV.DAT
T380,380,6,0.6300004,0.00201636,-2.695431926563972,Forward,1.0115009746588695,AS380IV.DAT
T380,380,7,0.6200004,0.00198258,-2.7027692792398335,Forward,1.0115009746588695,AS380IV.DAT
T380,380,8,0.6100004,0.00198258,-2.7027692792398335,Forward,1.0115009746588695,AS380IV.DAT
T380,380,9,0.6000004,0.00194883,-2.710226043530914,Forward,1.0115009746588695,AS380IV.DAT
T380,380,10,0.5900004,0.00191506,-2.7178176147707065,Forward,1.0115009746588695,AS380IV.DAT
T380,380,11,0.5800004,0.00188127,-2.725548870002431,Forward,1.0115009746588695,AS380IV.DAT
T380,380,12,0.5700004,0.00184759,-2.7333943970190027,Forward,1.0115009746588695,AS380IV.DAT
T380,380,13,0.5600004,0.001814,-2.7413627172759236,Forward,1.0115009746588695,AS380IV.DAT
T380,380,14,0.5500004,0.00178032,-2.7495019292958025,Forward,1.0115009746588695,AS380IV.DAT
T380,380,15,0.5400004,0.00174676,-2.7577667617805677,Forward,1.0115009746588695,AS380IV.DAT
T380,380,16,0.5300004,0.00171328,-2.76617165482918,Forward,1.0115009746588695,AS380IV.DAT
T380,380,17,0.5200005,0.00167965,-2.774781205717303,Forward,1.0115009746588695,AS380IV.DAT
T380,380,18,0.5100005,0.00164622,-2.783512126352512,Forward,1.0115009746588695,AS380IV.DAT
T380,380,19,0.5000005,0.00161285,-2.7924060214526354,Forward,1.0115009746588695,AS380IV.DAT
T380,380,20,0.4900005,0.00157937,-2.801516115631679,Forward,1.0115009746588695,AS380IV.DAT
T380,380,21,0.4800005,0.00154608,-2.8107680378047215,Forward,1.0115009746588695,AS380IV.DAT
T380,380,22,0.4700005,0.00151282,-2.8202127426028483,Forward,1.0115009746588695,AS380IV.DAT
T380,380,23,0.4600005,0.00147934,-2.829931999665028,Forward,1.0115009746588695,AS380IV.DAT
T380,380,24,0.4500005,0.00144611,-2.8397986706818528,Forward,1.0115009746588695,AS380IV.DAT
T380,380,25,0.4400005,0.00141296,-2.8498701325783102,Forward,1.0115009746588695,AS380IV.DAT
T380,380,26,0.4300005,0.00137992,-2.8601460908202494,Forward,1.0115009746588695,AS380IV.DAT
T380,380,27,0.4200006,0.00134686,-2.870677544876393,Forward,1.0115009746588695,AS380IV.DAT
T380,380,28,0.4100006,0.00131389,-2.8814409927615703,Forward,1.0115009746588695,AS380IV.DAT
T380,380,29,0.4000006,0.0012809,-2.8924847743485356,Forward,1.0115009746588695,AS380IV.DAT
T380,380,30,0.3900006,0.0012479,-2.9038202152852017,Forward,1.0115009746588695,AS380IV.DAT
T380,380,31,0.3800006,0.00121509,-2.9153915532954677,Forward,1.0115009746588695,AS380IV.DAT
T380,380,32,0.3700006,0.00118232,-2.9272649638731014,Forward,1.0115009746588695,AS380IV.DAT
T380,380,33,0.3600006,0.00114959,-2.9394570226780306,Forward,1.0115009746588695,AS380IV.DAT
T380,380,34,0.3500006,0.00111691,-2.9519818206875366,Forward,1.0115009746588695,AS380IV.DAT
T380,380,35,0.3400006,0.00108437,-2.9648225060442286,Forward,1.0115009746588695,AS380IV.DAT
T380,380,36,0.3300006,0.00105156,-2.978165942259163,Forward,1.0115009746588695,AS380IV.DAT
T380,380,37,0.3200006,0.00101914,-2.99176615254792,Forward,1.0115009746588695,AS380IV.DAT
T380,380,38,0.3100007,0.00098678,-3.0057796613485563,Forward,1.0115009746588695,AS380IV.DAT
T380,380,39,0.3000007,0.00095436,-3.0202877714996195,Forward,1.0115009746588695,AS380IV.DAT
T380,380,40,0.2900007,0.00092212,-3.035212558396838,Forward,1.0115009746588695,AS380IV.DAT
T380,380,41,0.2800007,0.00088999,-3.0506148730957814,Forward,1.0115009746588695,AS380IV.DAT
T380,380,42,0.2700007,0.00085786,-3.066583581834837,Forward,1.0115009746588695,AS380IV.DAT
T380,380,43,0.2600007,0.00082574,-3.0831566770626653,Forward,1.0115009746588695,AS380IV.DAT
T380,380,44,0.2500007,0.00079376,-3.1003107903078897,Forward,1.0115009746588695,AS380IV.DAT
T380,380,45,0.2400007,0.00076194,-3.1180792264226835,Forward,1.0115009746588695,AS380IV.DAT
T380,380,46,0.2300007,0.00073018,-3.13657006676919,Forward,1.0115009746588695,AS380IV.DAT
T380,380,47,0.2200007,0.00069847,-3.155852242540857,Forward,1.0115009746588695,AS380IV.DAT
T380,380,48,0.2100007,0.00066687,-3.1759588194347166,Forward,1.0115009746588695,AS380IV.DAT
T380,380,49,0.2000007,0.00063522,-3.1970758365367247,Forward,1.0115009746588695,AS380IV.DAT
T380,380,50,0.1900007,0.0006038,-3.2191068913129213,Forward,1.0115009746588695,AS380IV.DAT
T380,380,51,0.1800007,0.00057257,-3.242171410725486,Forward,1.0115009746588695,AS380IV.DAT
T380,380,52,0.1700007,0.0005413,-3.2665619729089386,Forward,1.0115009746588695,AS380IV.DAT
T380,380,53,0.1600007,0.00051024,-3.292225498101116,Forward,1.0115009746588695,AS380IV.DAT
T380,380,54,0.1500007,0.0004793,-3.319392571008212,Forward,1.0115009746588695,AS380IV.DAT
T380,380,55,0.1400007,0.00044841,-3.348324710759507,Forward,1.0115009746588695,AS380IV.DAT
T380,380,56,0.1300007,0.00041769,-3.379145922141645,Forward,1.0115009746588695,AS380IV.DAT
T380,380,57,0.1200007,0.00038711,-3.4121656096453328,Forward,1.0115009746588695,AS380IV.DAT
T380,380,58,0.1100007,0.0003567,-3.447696890661646,Forward,1.0115009746588695,AS380IV.DAT
T380,380,59,0.1000007,0.00032636,-3.4863030755425957,Forward,1.0115009746588695,AS380IV.DAT
T380,380,60,0.09000066,0.00029622,-3.5283856223968253,Forward,1.0115009746588695,AS380IV.DAT
T380,380,61,0.08000066,0.00026618,-3.574824579274365,Forward,1.0115009746588695,AS380IV.DAT
T380,380,62,0.07000066,0.00023615,-3.626812050087281,Forward,1.0115009746588695,AS380IV.DAT
T380,380,63,0.06000067,0.00020652,-3.685037883624815,Forward,1.0115009746588695,AS380IV.DAT
T380,380,64,0.05000067,0.000176961,-3.752122436186569,Forward,1.0115009746588695,AS380IV.DAT
T380,380,65,0.04000067,0.00014759,-3.830943067255148,Forward,1.0115009746588695,AS380IV.DAT
T380,380,66,0.03000067,0.000118407,-3.926622622178047,Forward,1.0115009746588695,AS380IV.DAT
T380,380,67,0.02000067,8.9447e-05,-4.048434220834947,Forward,1.0115009746588695,AS380IV.DAT
T380,380,68,0.01000067,6.0562e-05,-4.217799791126519,Forward,1.0115009746588695,AS380IV.DAT
T380,380,69,6.705523e-07,3.1932e-05,-4.4957738794009865,Forward,1.0115009746588695,AS380IV.DAT
T380,380,70,-0.009999329,1.29909e-07,-6.886360760282324,Reverse,1.0115009746588695,AS380IV.DAT
T380,380,71,-0.01999933,2.5152e-05,-4.599427475640686,Reverse,1.0115009746588695,AS380IV.DAT
T380,380,72,-0.02999933,5.3022e-05,-4.275543894622881,Reverse,1.0115009746588695,AS380IV.DAT
T380,380,73,-0.03999933,8.0873e-05,-4.092196446350494,Reverse,1.0115009746588695,AS380IV.DAT
T380,380,74,-0.04999933,0.000108296,-3.965387584094987,Reverse,1.0115009746588695,AS380IV.DAT
T380,380,75,-0.05999932,0.000135526,-3.8679773795251053,Reverse,1.0115009746588695,AS380IV.DAT
T380,380,76,-0.06999932,0.000162478,-3.7892054354569527,Reverse,1.0115009746588695,AS380IV.DAT
T380,380,77,-0.07999932,0.000189152,-3.7231890623312065,Reverse,1.0115009746588695,AS380IV.DAT
T380,380,78,-0.08999932,0.00021551,-3.6665325730946288,Reverse,1.0115009746588695,AS380IV.DAT
T380,380,79,-0.09999932,0.00024175,-3.616633517244961,Reverse,1.0115009746588695,AS380IV.DAT
T380,380,80,-0.1099993,0.00026761,-3.572497661966715,Reverse,1.0115009746588695,AS380IV.DAT
T380,380,81,-0.1199993,0.0002931,-3.5329841815615644,Reverse,1.0115009746588695,AS380IV.DAT
T380,380,82,-0.1299993,0.00031829,-3.497177005780635,Reverse,1.0115009746588695,AS380IV.DAT
T380,380,83,-0.1399993,0.00034314,-3.464528653069684,Reverse,1.0115009746588695,AS380IV.DAT
T380,380,84,-0.1499993,0.00036768,-3.4345299929918087,Reverse,1.0115009746588695,AS380IV.DAT
T380,380,85,-0.1599993,0.00039188,-3.40684690062315,Reverse,1.0115009746588695,AS380IV.DAT
T380,380,86,-0.1699993,0.00041579,-3.381125959922885,Reverse,1.0115009746588695,AS380IV.DAT
T380,380,87,-0.1799993,0.00043923,-3.3573080046474373,Reverse,1.0115009746588695,AS380IV.DAT
T380,380,88,-0.1899993,0.00046232,-3.3350573185416734,Reverse,1.0115009746588695,AS380IV.DAT
T380,380,89,-0.1999993,0.00048503,-3.314231398652334,Reverse,1.0115009746588695,AS380IV.DAT
T380,380,90,-0.2099994,0.00050739,-3.2946580964119145,Reverse,1.0115009746588695,AS380IV.DAT
T380,380,91,-0.2199994,0.00052929,-3.2763063111586375,Reverse,1.0115009746588695,AS380IV.DAT
T380,380,92,-0.2299994,0.00055091,-3.258919344334969,Reverse,1.0115009746588695,AS380IV.DAT
T380,380,93,-0.2399994,0.00057205,-3.24256601006173,Reverse,1.0115009746588695,AS380IV.DAT
T380,380,94,-0.2499994,0.0005927,-3.227165072760982,Reverse,1.0115009746588695,AS380IV.DAT
T380,380,95,-0.2599994,0.00061296,-3.2125678653609975,Reverse,1.0115009746588695,AS380IV.DAT
T380,380,96,-0.2699994,0.00063275,-3.198767846169708,Reverse,1.0115009746588695,AS380IV.DAT
T380,380,97,-0.2799993,0.00065209,-3.185692459780455,Reverse,1.0115009746588695,AS380IV.DAT
T380,380,98,-0.2899993,0.00067098,-3.173290424717875,Reverse,1.0115009746588695,AS380IV.DAT
T380,380,99,-0.2999993,0.00068944,-3.1615035232557074,Reverse,1.0115009746588695,AS380IV.DAT
T380,380,100,-0.3099993,0.00070737,-3.1503533628287785,Reverse,1.0115009746588695,AS380IV.DAT
T380,380,101,-0.3199993,0.00072476,-3.1398057836792668,Reverse,1.0115009746588695,AS380IV.DAT
T380,380,102,-0.3299993,0.00074174,-3.129748300048659,Reverse,1.0115009746588695,AS380IV.DAT
T380,380,103,-0.3399993,0.00075816,-3.120239132383245,Reverse,1.0115009746588695,AS380IV.DAT
T380,380,104,-0.3499993,0.00077407,-3.1112197638143795,Reverse,1.0115009746588695,AS380IV.DAT
T380,380,105,-0.3599993,0.00078953,-3.1026313633289946,Reverse,1.0115009746588695,AS380IV.DAT
T380,380,106,-0.3699993,0.00080439,-3.0945333370954526,Reverse,1.0115009746588695,AS380IV.DAT
T380,380,107,-0.3799993,0.00081874,-3.0868539913926383,Reverse,1.0115009746588695,AS380IV.DAT
T380,380,108,-0.3899992,0.00083256,-3.0795844584463343,Reverse,1.0115009746588695,AS380IV.DAT
T380,380,109,-0.3999992,0.00084583,-3.072716915307113,Reverse,1.0115009746588695,AS380IV.DAT
T380,380,110,-0.4099992,0.00085858,-3.0662192323145385,Reverse,1.0115009746588695,AS380IV.DAT
T380,380,111,-0.4199992,0.00087088,-3.0600416830270016,Reverse,1.0115009746588695,AS380IV.DAT
T380,380,112,-0.4299992,0.0008826,-3.0542360768888264,Reverse,1.0115009746588695,AS380IV.DAT
T380,380,113,-0.4399992,0.00089382,-3.048749931850128,Reverse,1.0115009746588695,AS380IV.DAT
T380,380,114,-0.4499992,0.0009046,-3.0435434165901003,Reverse,1.0115009746588695,AS380IV.DAT
T380,380,115,-0.4599992,0.00091492,-3.0386168786958305,Reverse,1.0115009746588695,AS380IV.DAT
T380,380,116,-0.4699992,0.00092483,-3.033938090879496,Reverse,1.0115009746588695,AS380IV.DAT
T380,380,117,-0.4799992,0.00093435,-3.029490410070178,Reverse,1.0115009746588695,AS380IV.DAT
T380,380,118,-0.4899991,0.00094355,-3.025235081032978,Reverse,1.0115009746588695,AS380IV.DAT
T380,380,119,-0.4999991,0.00095237,-3.021194293485198,Reverse,1.0115009746588695,AS380IV.DAT
T380,380,120,-0.5099992,0.00096088,-3.0173308460379253,Reverse,1.0115009746588695,AS380IV.DAT
T380,380,121,-0.5199991,0.00096911,-3.013626925032129,Reverse,1.0115009746588695,AS380IV.DAT
T380,380,122,-0.5299991,0.00097707,-3.0100743211075165,Reverse,1.0115009746588695,AS380IV.DAT
T380,380,123,-0.5399991,0.00098479,-3.006656370075592,Reverse,1.0115009746588695,AS380IV.DAT
T380,380,124,-0.5499991,0.00099234,-3.003339502417425,Reverse,1.0115009746588695,AS380IV.DAT
T380,380,125,-0.5599991,0.00099967,-3.000143340831566,Reverse,1.0115009746588695,AS380IV.DAT
T380,380,126,-0.5699991,0.00100683,-2.9970438524797056,Reverse,1.0115009746588695,AS380IV.DAT
T380,380,127,-0.5799991,0.00101384,-2.9940305781386787,Reverse,1.0115009746588695,AS380IV.DAT
T380,380,128,-0.5899991,0.00102068,-2.9911103950504936,Reverse,1.0115009746588695,AS380IV.DAT
T380,380,129,-0.5999991,0.00102744,-2.988243530454085,Reverse,1.0115009746588695,AS380IV.DAT
T380,380,130,-0.6099991,0.00103409,-2.9854416616265897,Reverse,1.0115009746588695,AS380IV.DAT
T380,380,131,-0.6199991,0.00104065,-2.982695311437845,Reverse,1.0115009746588695,AS380IV.DAT
T380,380,132,-0.629999,0.00104713,-2.979999397807417,Reverse,1.0115009746588695,AS380IV.DAT
T380,380,133,-0.639999,0.0010535,-2.977365460055881,Reverse,1.0115009746588695,AS380IV.DAT
T380,380,134,-0.649999,0.00105985,-2.9747555958503034,Reverse,1.0115009746588695,AS380IV.DAT
T380,380,135,-0.659999,0.00106609,-2.972206130343714,Reverse,1.0115009746588695,AS380IV.DAT
T380,380,136,-0.669999,0.00107233,-2.96967154381818,Reverse,1.0115009746588695,AS380IV.DAT
T380,380,137,-0.679999,0.00107855,-2.967159716837972,Reverse,1.0115009746588695,AS380IV.DAT
T380,380,138,-0.689999,0.00108464,-2.964714383434633,Reverse,1.0115009746588695,AS380IV.DAT
T380,380,139,-0.699999,0.00109072,-2.962286723345619,Reverse,1.0115009746588695,AS380IV.DAT
T380,380,140,-0.709999,0.00109682,-2.959864638989472,Reverse,1.0115009746588695,AS380IV.DAT
T380,380,141,-0.719999,0.00110286,-2.95747961456474,Reverse,1.0115009746588695,AS380IV.DAT
T380,380,142,-0.7299989,0.00110887,-2.9551193660167576,Reverse,1.0115009746588695,AS380IV.DAT
T380,380,143,-0.7399989,0.00111487,-2.9527757707989535,Reverse,1.0115009746588695,AS380IV.DAT
T380,380,144,-0.7499989,0.00112083,-2.950460253293221,Reverse,1.0115009746588695,AS380IV.DAT
T380,380,145,-0.7599989,0.0011268,-2.9481531616862644,Reverse,1.0115009746588695,AS380IV.DAT
T380,380,146,-0.7699989,0.00113271,-2.9458812653535897,Reverse,1.0115009746588695,AS380IV.DAT
T380,380,147,-0.7799989,0.00113869,-2.943594493316789,Reverse,1.0115009746588695,AS380IV.DAT
T380,380,148,-0.7899989,0.00114459,-2.941350052734628,Reverse,1.0115009746588695,AS380IV.DAT
T380,380,149,-0.7999989,0.00115047,-2.9391247016405595,Reverse,1.0115009746588695,AS380IV.DAT
T380,380,150,-0.8099989,0.00115639,-2.9368956725907926,Reverse,1.0115009746588695,AS380IV.DAT
T380,380,151,-0.8199989,0.00116229,-2.934685498721688,Reverse,1.0115009746588695,AS380IV.DAT
T380,380,152,-0.8299989,0.00116815,-2.9325013866845913,Reverse,1.0115009746588695,AS380IV.DAT
T380,380,153,-0.8399988,0.001174,-2.9303319030884043,Reverse,1.0115009746588695,AS380IV.DAT
T380,380,154,-0.8499988,0.00117982,-2.9281842460580245,Reverse,1.0115009746588695,AS380IV.DAT
T380,380,155,-0.8599988,0.00118568,-2.9260325057324765,Reverse,1.0115009746588695,AS380IV.DAT
T380,380,156,-0.8699988,0.00119158,-2.9238767947843955,Reverse,1.0115009746588695,AS380IV.DAT
T380,380,157,-0.8799988,0.00119739,-2.9217643731846166,Reverse,1.0115009746588695,AS380IV.DAT
T380,380,158,-0.8899988,0.00120318,-2.919669395803155,Reverse,1.0115009746588695,AS380IV.DAT
T380,380,159,-0.8999988,0.00120902,-2.9175665148399763,Reverse,1.0115009746588695,AS380IV.DAT
T380,380,160,-0.9099988,0.00121483,-2.915484491800213,Reverse,1.0115009746588695,AS380IV.DAT
T380,380,161,-0.9199988,0.00122065,-2.913408844538895,Reverse,1.0115009746588695,AS380IV.DAT
T380,380,162,-0.9299988,0.00122649,-2.9113359883972807,Reverse,1.0115009746588695,AS380IV.DAT
T380,380,163,-0.9399987,0.00123228,-2.9092906000948355,Reverse,1.0115009746588695,AS380IV.DAT
T380,380,164,-0.9499987,0.00123809,-2.907247784166719,Reverse,1.0115009746588695,AS380IV.DAT
T380,380,165,-0.9599987,0.00124388,-2.905221515024293,Reverse,1.0115009746588695,AS380IV.DAT
T380,380,166,-0.9699987,0.00124969,-2.9031977053810882,Reverse,1.0115009746588695,AS380IV.DAT
T380,380,167,-0.9799987,0.00125546,-2.9011971197141118,Reverse,1.0115009746588695,AS380IV.DAT
T380,380,168,-0.9899987,0.00126125,-2.899198820755033,Reverse,1.0115009746588695,AS380IV.DAT
T380,380,169,-0.9999987,0.00126706,-2.897202819171854,Reverse,1.0115009746588695,AS380IV.DAT
T380,380,170,-1.009999,0.00127283,-2.8952295971256845,Reverse,1.0115009746588695,AS380IV.DAT
T380,380,171,-1.019999,0.00127864,-2.89325171355181,Reverse,1.0115009746588695,AS380IV.DAT
T380,380,172,-1.029999,0.00128439,-2.8913030844211107,Reverse,1.0115009746588695,AS380IV.DAT
T380,380,173,-1.039999,0.00129019,-2.8893463285570284,Reverse,1.0115009746588695,AS380IV.DAT
T380,380,174,-1.049999,0.00129592,-2.887421807594228,Reverse,1.0115009746588695,AS380IV.DAT
T380,380,175,-1.059999,0.0013017,-2.885489095151126,Reverse,1.0115009746588695,AS380IV.DAT
T380,380,176,-1.069999,0.00130751,-2.8835549809094747,Reverse,1.0115009746588695,AS380IV.DAT
T380,380,177,-1.079999,0.00131326,-2.8816492835168326,Reverse,1.0115009746588695,AS380IV.DAT
T380,380,178,-1.089999,0.00131907,-2.8797321568364445,Reverse,1.0115009746588695,AS380IV.DAT
T380,380,179,-1.099999,0.00132487,-2.877826733842253,Reverse,1.0115009746588695,AS380IV.DAT
T380,380,180,-1.109999,0.00133065,-2.875936161698539,Reverse,1.0115009746588695,AS380IV.DAT
T380,380,181,-1.119999,0.00133639,-2.8740667827802904,Reverse,1.0115009746588695,AS380IV.DAT
T380,380,182,-1.129999,0.00134222,-2.8721762941854063,Reverse,1.0115009746588695,AS380IV.DAT
T380,380,183,-1.139999,0.00134795,-2.870326216945229,Reverse,1.0115009746588695,AS380IV.DAT
T380,380,184,-1.149999,0.00135367,-2.868487195803506,Reverse,1.0115009746588695,AS380IV.DAT
T380,380,185,-1.159999,0.00135945,-2.866636760951376,Reverse,1.0115009746588695,AS380IV.DAT
T380,380,186,-1.169999,0.00136522,-2.8647973580831034,Reverse,1.0115009746588695,AS380IV.DAT
T380,380,187,-1.179999,0.00137102,-2.8629562098156773,Reverse,1.0115009746588695,AS380IV.DAT
T380,380,188,-1.189999,0.00137679,-2.86113229706791,Reverse,1.0115009746588695,AS380IV.DAT
T380,380,189,-1.199998,0.00138253,-2.8593254360137905,Reverse,1.0115009746588695,AS380IV.DAT
T380,380,190,-1.209998,0.0013883,-2.857516676340496,Reverse,1.0115009746588695,AS380IV.DAT
T380,380,191,-1.219998,0.00139413,-2.8556967272062654,Reverse,1.0115009746588695,AS380IV.DAT
T380,380,192,-1.229998,0.00139983,-2.853924703282352,Reverse,1.0115009746588695,AS380IV.DAT
T380,380,193,-1.239998,0.00140561,-2.852135161779288,Reverse,1.0115009746588695,AS380IV.DAT
T380,380,194,-1.249998,0.00141137,-2.850359118142445,Reverse,1.0115009746588695,AS380IV.DAT
T380,380,195,-1.259998,0.00141715,-2.848584178881311,Reverse,1.0115009746588695,AS380IV.DAT
T380,380,196,-1.269998,0.00142287,-2.8468347772605607,Reverse,1.0115009746588695,AS380IV.DAT
T380,380,197,-1.279998,0.0014286,-2.8450893542114764,Reverse,1.0115009746588695,AS380IV.DAT
T380,380,198,-1.289998,0.00143435,-2.8433448622513446,Reverse,1.0115009746588695,AS380IV.DAT
T380,380,199,-1.299998,0.00144012,-2.841601318205808,Reverse,1.0115009746588695,AS380IV.DAT
T380,380,200,-1.309998,0.00144588,-2.839867749572892,Reverse,1.0115009746588695,AS380IV.DAT
T380,380,201,-1.319998,0.00145169,-2.8381261148089507,Reverse,1.0115009746588695,AS380IV.DAT
T380,380,202,-1.329998,0.00145748,-2.8363973960538424,Reverse,1.0115009746588695,AS380IV.DAT
T380,380,203,-1.339998,0.00146319,-2.834699275656065,Reverse,1.0115009746588695,AS380IV.DAT
T380,380,204,-1.349998,0.00146896,-2.832990029952284,Reverse,1.0115009746588695,AS380IV.DAT
T380,380,205,-1.359998,0.00147472,-2.831290429854172,Reverse,1.0115009746588695,AS380IV.DAT
T380,380,206,-1.369998,0.00148048,-2.829597455176612,Reverse,1.0115009746588695,AS380IV.DAT
T380,380,207,-1.379998,0.00148626,-2.827905210300782,Reverse,1.0115009746588695,AS380IV.DAT
T380,380,208,-1.389998,0.00149198,-2.826236998544218,Reverse,1.0115009746588695,AS380IV.DAT
T380,380,209,-1.399998,0.00149778,-2.8245519728866713,Reverse,1.0115009746588695,AS380IV.DAT
T380,380,210,-1.409998,0.00150356,-2.8228792365697903,Reverse,1.0115009746588695,AS380IV.DAT
T380,380,211,-1.419998,0.0015094,-2.8211956543446206,Reverse,1.0115009746588695,AS380IV.DAT
T380,380,212,-1.429998,0.0015151,-2.8195587018052812,Reverse,1.0115009746588695,AS380IV.DAT
T380,380,213,-1.439998,0.00152093,-2.817890773661208,Reverse,1.0115009746588695,AS380IV.DAT
T380,380,214,-1.449998,0.00152666,-2.816257673202388,Reverse,1.0115009746588695,AS380IV.DAT
T380,380,215,-1.459998,0.00153244,-2.8146165205152758,Reverse,1.0115009746588695,AS380IV.DAT
T380,380,216,-1.469998,0.00153825,-2.812973076239934,Reverse,1.0115009746588695,AS380IV.DAT
T380,380,217,-1.479998,0.00154403,-2.811344265717975,Reverse,1.0115009746588695,AS380IV.DAT
T380,380,218,-1.489998,0.00154983,-2.8097159367400084,Reverse,1.0115009746588695,AS380IV.DAT
T380,380,219,-1.499998,0.00155552,-2.8081244006055517,Reverse,1.0115009746588695,AS380IV.DAT
T380,380,220,-1.509998,0.00156137,-2.806494169379954,Reverse,1.0115009746588695,AS380IV.DAT
T380,380,221,-1.519998,0.00156714,-2.804892204226014,Reverse,1.0115009746588695,AS380IV.DAT
T380,380,222,-1.529998,0.00157292,-2.8032933653882073,Reverse,1.0115009746588695,AS380IV.DAT
T380,380,223,-1.539998,0.00157873,-2.8016921382226183,Reverse,1.0115009746588695,AS380IV.DAT
T380,380,224,-1.549998,0.0015845,-2.8001077564736807,Reverse,1.0115009746588695,AS380IV.DAT
T380,380,225,-1.559998,0.0015903,-2.798520941053911,Reverse,1.0115009746588695,AS380IV.DAT
T380,380,226,-1.569998,0.00159608,-2.7969453443839014,Reverse,1.0115009746588695,AS380IV.DAT
T380,380,227,-1.579998,0.00160189,-2.79536730974567,Reverse,1.0115009746588695,AS380IV.DAT
T380,380,228,-1.589998,0.0016077,-2.793794988236726,Reverse,1.0115009746588695,AS380IV.DAT
T380,380,229,-1.599998,0.0016135,-2.7922310302600764,Reverse,1.0115009746588695,AS380IV.DAT
T380,380,230,-1.609998,0.00161931,-2.790670002141197,Reverse,1.0115009746588695,AS380IV.DAT
T380,380,231,-1.619998,0.00162506,-2.7891305994925766,Reverse,1.0115009746588695,AS380IV.DAT
T380,380,232,-1.629998,0.00163089,-2.7875753301945774,Reverse,1.0115009746588695,AS380IV.DAT
T380,380,233,-1.639998,0.00163676,-2.7860149970187336,Reverse,1.0115009746588695,AS380IV.DAT
T380,380,234,-1.649998,0.00164255,-2.7844814014372297,Reverse,1.0115009746588695,AS380IV.DAT
T380,380,235,-1.659998,0.00164839,-2.782940028798015,Reverse,1.0115009746588695,AS380IV.DAT
T380,380,236,-1.669998,0.00165416,-2.781422485257235,Reverse,1.0115009746588695,AS380IV.DAT
T380,380,237,-1.679998,0.00165997,-2.7798997607263236,Reverse,1.0115009746588695,AS380IV.DAT
T380,380,238,-1.689998,0.00166579,-2.778379749381631,Reverse,1.0115009746588695,AS380IV.DAT
T380,380,239,-1.699998,0.00167167,-2.776849451373098,Reverse,1.0115009746588695,AS380IV.DAT
T380,380,240,-1.709998,0.00167751,-2.775334882227898,Reverse,1.0115009746588695,AS380IV.DAT
T380,380,241,-1.719998,0.00168336,-2.7738229967429104,Reverse,1.0115009746588695,AS380IV.DAT
T380,380,242,-1.729998,0.00168919,-2.7723214982616184,Reverse,1.0115009746588695,AS380IV.DAT
T380,380,243,-1.739998,0.00169497,-2.7708379841569215,Reverse,1.0115009746588695,AS380IV.DAT
T380,380,244,-1.749998,0.0017008,-2.7693467528207787,Reverse,1.0115009746588695,AS380IV.DAT
T380,380,245,-1.759998,0.00170666,-2.767852990209965,Reverse,1.0115009746588695,AS380IV.DAT
T380,380,246,-1.769998,0.00171248,-2.766374491917498,Reverse,1.0115009746588695,AS380IV.DAT
T380,380,247,-1.779998,0.00171834,-2.764890900158752,Reverse,1.0115009746588695,AS380IV.DAT
T380,380,248,-1.789998,0.00172417,-2.7634199157606973,Reverse,1.0115009746588695,AS380IV.DAT
T380,380,249,-1.799998,0.00173006,-2.7619388348960268,Reverse,1.0115009746588695,AS380IV.DAT
T380,380,250,-1.809998,0.00173588,-2.7604803005530365,Reverse,1.0115009746588695,AS380IV.DAT
T380,380,251,-1.819998,0.00174174,-2.7590166742380817,Reverse,1.0115009746588695,AS380IV.DAT
T380,380,252,-1.829998,0.00174758,-2.757562934172666,Reverse,1.0115009746588695,AS380IV.DAT
T380,380,253,-1.839998,0.00175341,-2.756116520918196,Reverse,1.0115009746588695,AS380IV.DAT
T380,380,254,-1.849998,0.00175924,-2.7546749089418414,Reverse,1.0115009746588695,AS380IV.DAT
T380,380,255,-1.859998,0.00176506,-2.753240526975299,Reverse,1.0115009746588695,AS380IV.DAT
T380,380,256,-1.869998,0.00177095,-2.75179370026144,Reverse,1.0115009746588695,AS380IV.DAT
T380,380,257,-1.879998,0.00177678,-2.750366342988693,Reverse,1.0115009746588695,AS380IV.DAT
T380,380,258,-1.889998,0.00178264,-2.748936352730018,Reverse,1.0115009746588695,AS380IV.DAT
T380,380,259,-1.899998,0.00178864,-2.7474770611913355,Reverse,1.0115009746588695,AS380IV.DAT
T380,380,260,-1.909998,0.0017945,-2.7460565373307415,Reverse,1.0115009746588695,AS380IV.DAT
T380,380,261,-1.919998,0.00180042,-2.744626171338205,Reverse,1.0115009746588695,AS380IV.DAT
T380,380,262,-1.929998,0.00180625,-2.743222139899377,Reverse,1.0115009746588695,AS380IV.DAT
T380,380,263,-1.939998,0.00181212,-2.741813046387555,Reverse,1.0115009746588695,AS380IV.DAT
T380,380,264,-1.949998,0.00181795,-2.7404180655709864,Reverse,1.0115009746588695,AS380IV.DAT
T380,380,265,-1.959998,0.00182394,-2.738989452245269,Reverse,1.0115009746588695,AS380IV.DAT
T380,380,266,-1.969998,0.00182983,-2.737589256439735,Reverse,1.0115009746588695,AS380IV.DAT
T380,380,267,-1.979998,0.0018357,-2.7361982920836887,Reverse,1.0115009746588695,AS380IV.DAT
T380,380,268,-1.989998,0.00184105,-2.7349344165860323,Reverse,1.0115009746588695,AS380IV.DAT
T380,380,269,-1.999998,0.00184703,-2.7335260505648225,Reverse,1.0115009746588695,AS380IV.DAT
T380,380,270,-2.009998,0.00185285,-2.7321597381603966,Reverse,1.0115009746588695,AS380IV.DAT
T400,400,1,0.6600003,0.00218522,-2.6605048333039454,Forward,1.2585495998059666,AS400IV.DAT
T400,400,2,0.6500003,0.00215077,-2.667406029906153,Forward,1.2585495998059666,AS400IV.DAT
T400,400,3,0.6400003,0.00211632,-2.67441866379809,Forward,1.2585495998059666,AS400IV.DAT
T400,400,4,0.6300004,0.00208194,-2.6815317906969485,Forward,1.2585495998059666,AS400IV.DAT
T400,400,5,0.6200004,0.00204745,-2.6887866951788926,Forward,1.2585495998059666,AS400IV.DAT
T400,400,6,0.6100004,0.00204746,-2.6887845740359033,Forward,1.2585495998059666,AS400IV.DAT
T400,400,7,0.6000004,0.00201312,-2.696130336495088,Forward,1.2585495998059666,AS400IV.DAT
T400,400,8,0.5900004,0.00197875,-2.703609072129588,Forward,1.2585495998059666,AS400IV.DAT
T400,400,9,0.5800004,0.00194428,-2.711241191210981,Forward,1.2585495998059666,AS400IV.DAT
T400,400,10,0.5700004,0.00191,-2.7189666327522723,Forward,1.2585495998059666,AS400IV.DAT
T400,400,11,0.5600004,0.00187573,-2.726829675524709,Forward,1.2585495998059666,AS400IV.DAT
T400,400,12,0.5500004,0.00184146,-2.734837710405565,Forward,1.2585495998059666,AS400IV.DAT
T400,400,13,0.5400004,0.00180728,-2.742974557436536,Forward,1.2585495998059666,AS400IV.DAT
T400,400,14,0.5300004,0.0017731,-2.7512667701951954,Forward,1.2585495998059666,AS400IV.DAT
T400,400,15,0.5200005,0.0017388,-2.7597503684812006,Forward,1.2585495998059666,AS400IV.DAT
T400,400,16,0.5100005,0.00170469,-2.768354586483848,Forward,1.2585495998059666,AS400IV.DAT
T400,400,17,0.5000005,0.00167061,-2.777124923306181,Forward,1.2585495998059666,AS400IV.DAT
T400,400,18,0.4900005,0.00163651,-2.7860813365634014,Forward,1.2585495998059666,AS400IV.DAT
T400,400,19,0.4800005,0.0016025,-2.795201961809145,Forward,1.2585495998059666,AS400IV.DAT
T400,400,20,0.4700005,0.00156849,-2.804518245827354,Forward,1.2585495998059666,AS400IV.DAT
T400,400,21,0.4600005,0.00153433,-2.814081223329824,Forward,1.2585495998059666,AS400IV.DAT
T400,400,22,0.4500005,0.00150042,-2.8237871555105523,Forward,1.2585495998059666,AS400IV.DAT
T400,400,23,0.4400005,0.00146657,-2.833697203131295,Forward,1.2585495998059666,AS400IV.DAT
T400,400,24,0.4300005,0.00143277,-2.84382352052227,Forward,1.2585495998059666,AS400IV.DAT
T400,400,25,0.4200006,0.00139893,-2.854204016297534,Forward,1.2585495998059666,AS400IV.DAT
T400,400,26,0.4100006,0.00136527,-2.864781452715131,Forward,1.2585495998059666,AS400IV.DAT
T400,400,27,0.4000006,0.00133154,-2.875645782647236,Forward,1.2585495998059666,AS400IV.DATT400,400,28,0.3900006,0.00129775,-2.886808962449113,Forward,1.2585495998059666,AS400IV.DAT
T400,400,29,0.3800006,0.00126418,-2.898191084723606,Forward,1.2585495998059666,AS400IV.DAT
T400,400,30,0.3700006,0.00123056,-2.909897205989102,Forward,1.2585495998059666,AS400IV.DAT
T400,400,31,0.3600006,0.00119693,-2.9219312476743537,Forward,1.2585495998059666,AS400IV.DAT
T400,400,32,0.3500006,0.00116352,-2.9342261471301643,Forward,1.2585495998059666,AS400IV.DAT
T400,400,33,0.3400006,0.00113004,-2.94690618353267,Forward,1.2585495998059666,AS400IV.DAT
T400,400,34,0.3300006,0.00109646,-2.9600072072113943,Forward,1.2585495998059666,AS400IV.DAT
T400,400,35,0.3200006,0.0010631,-2.9734258818496655,Forward,1.2585495998059666,AS400IV.DAT
T400,400,36,0.3100007,0.00102986,-2.9872218096248893,Forward,1.2585495998059666,AS400IV.DAT
T400,400,37,0.3000007,0.00099661,-3.001474759425618,Forward,1.2585495998059666,AS400IV.DAT
T400,400,38,0.2900007,0.00096346,-3.01616631125231,Forward,1.2585495998059666,AS400IV.DAT
T400,400,39,0.2800007,0.00093037,-3.031344301981794,Forward,1.2585495998059666,AS400IV.DAT
T400,400,40,0.2700007,0.00089728,-3.047072012385473,Forward,1.2585495998059666,AS400IV.DAT
T400,400,41,0.2600007,0.00086426,-3.0633555867121465,Forward,1.2585495998059666,AS400IV.DAT
T400,400,42,0.2500007,0.00083132,-3.080231771061736,Forward,1.2585495998059666,AS400IV.DAT
T400,400,43,0.2400007,0.00079841,-3.0977740321946063,Forward,1.2585495998059666,AS400IV.DAT
T400,400,44,0.2300007,0.00076561,-3.1159924026653085,Forward,1.2585495998059666,AS400IV.DAT
T400,400,45,0.2200007,0.00073289,-3.1349612040463573,Forward,1.2585495998059666,AS400IV.DAT
T400,400,46,0.2100007,0.00070025,-3.1547468825043943,Forward,1.2585495998059666,AS400IV.DAT
T400,400,47,0.2000007,0.00066746,-3.17557475588069,Forward,1.2585495998059666,AS400IV.DAT
T400,400,48,0.1900007,0.00063491,-3.197287832619115,Forward,1.2585495998059666,AS400IV.DAT
T400,400,49,0.1800007,0.00060251,-3.220035740605744,Forward,1.2585495998059666,AS400IV.DAT
T400,400,50,0.1700007,0.00057013,-3.2440261060022437,Forward,1.2585495998059666,AS400IV.DAT
T400,400,51,0.1600007,0.00053785,-3.2693388270388346,Forward,1.2585495998059666,AS400IV.DAT
T400,400,52,0.1500007,0.00050565,-3.296149988423347,Forward,1.2585495998059666,AS400IV.DAT
T400,400,53,0.1400007,0.00047348,-3.324698361060039,Forward,1.2585495998059666,AS400IV.DAT
T400,400,54,0.1300007,0.00044146,-3.3551086410473805,Forward,1.2585495998059666,AS400IV.DAT
T400,400,55,0.1200007,0.00040954,-3.3877036740479025,Forward,1.2585495998059666,AS400IV.DAT
T400,400,56,0.1100007,0.00037766,-3.422899011198985,Forward,1.2585495998059666,AS400IV.DAT
T400,400,57,0.1000007,0.00034591,-3.4610368826747315,Forward,1.2585495998059666,AS400IV.DAT
T400,400,58,0.09000066,0.00031427,-3.502697074459032,Forward,1.2585495998059666,AS400IV.DAT
T400,400,59,0.08000066,0.0002828,-3.5485205948751384,Forward,1.2585495998059666,AS400IV.DAT
T400,400,60,0.07000066,0.00025125,-3.5998939295714547,Forward,1.2585495998059666,AS400IV.DAT
T400,400,61,0.06000067,0.00021998,-3.6576168022890445,Forward,1.2585495998059666,AS400IV.DAT
T400,400,62,0.05000067,0.000188806,-3.723984208525836,Forward,1.2585495998059666,AS400IV.DAT
T400,400,63,0.04000067,0.000157706,-3.8021517834160434,Forward,1.2585495998059666,AS400IV.DAT
T400,400,64,0.03000067,0.000126831,-3.8967745833353766,Forward,1.2585495998059666,AS400IV.DAT
T400,400,65,0.02000067,9.596e-05,-4.017909760704207,Forward,1.2585495998059666,AS400IV.DAT
T400,400,66,0.01000067,6.5238e-05,-4.185499361584518,Forward,1.2585495998059666,AS400IV.DAT
T400,400,67,6.705523e-07,3.4606e-05,-4.460848596554507,Forward,1.2585495998059666,AS400IV.DAT
T400,400,68,-0.009999329,4.8746e-07,-6.312061015846477,Reverse,1.2585495998059666,AS400IV.DAT
T400,400,69,-0.01999933,2.6737e-05,-4.572887323945291,Reverse,1.2585495998059666,AS400IV.DAT
T400,400,70,-0.02999933,5.681e-05,-4.245575210722741,Reverse,1.2585495998059666,AS400IV.DAT
T400,400,71,-0.03999933,8.6924e-05,-4.060860296871106,Reverse,1.2585495998059666,AS400IV.DAT
T400,400,72,-0.04999933,0.000116744,-3.9327654305378785,Reverse,1.2585495998059666,AS400IV.DAT
T400,400,73,-0.05999932,0.000146371,-3.8345449600778316,Reverse,1.2585495998059666,AS400IV.DAT
T400,400,74,-0.06999932,0.000175851,-3.7548551576669302,Reverse,1.2585495998059666,AS400IV.DAT
T400,400,75,-0.07999932,0.000205183,-3.687858624613026,Reverse,1.2585495998059666,AS400IV.DAT
T400,400,76,-0.08999932,0.00023424,-3.6303389406217024,Reverse,1.2585495998059666,AS400IV.DAT
T400,400,77,-0.09999932,0.00026343,-3.5793347681268832,Reverse,1.2585495998059666,AS400IV.DAT
T400,400,78,-0.1099993,0.00029219,-3.5343346515746696,Reverse,1.2585495998059666,AS400IV.DAT
T400,400,79,-0.1199993,0.00032074,-3.4938468751323644,Reverse,1.2585495998059666,AS400IV.DAT
T400,400,80,-0.1299993,0.00034918,-3.4569506393604668,Reverse,1.2585495998059666,AS400IV.DAT
T400,400,81,-0.1399993,0.00037735,-3.423255645672583,Reverse,1.2585495998059666,AS400IV.DAT
T400,400,82,-0.1499993,0.00040532,-3.392201966020613,Reverse,1.2585495998059666,AS400IV.DAT
T400,400,83,-0.1599993,0.00043306,-3.363451928441785,Reverse,1.2585495998059666,AS400IV.DAT
T400,400,84,-0.1699993,0.00046067,-3.336610069185747,Reverse,1.2585495998059666,AS400IV.DAT
T400,400,85,-0.1799993,0.00048802,-3.3115623794078357,Reverse,1.2585495998059666,AS400IV.DAT
T400,400,86,-0.1899993,0.00051508,-3.2881253129776384,Reverse,1.2585495998059666,AS400IV.DAT
T400,400,87,-0.1999993,0.00054198,-3.2660167393839346,Reverse,1.2585495998059666,AS400IV.DAT
T400,400,88,-0.2099994,0.00056859,-3.245200782674084,Reverse,1.2585495998059666,AS400IV.DAT
T400,400,89,-0.2199994,0.00059496,-3.2255122315205726,Reverse,1.2585495998059666,AS400IV.DAT
T400,400,90,-0.2299994,0.00062124,-3.2067405889705194,Reverse,1.2585495998059666,AS400IV.DAT
T400,400,91,-0.2399994,0.00064715,-3.1889950444905515,Reverse,1.2585495998059666,AS400IV.DAT
T400,400,92,-0.2499994,0.00067271,-3.172172116374669,Reverse,1.2585495998059666,AS400IV.DAT
T400,400,93,-0.2599994,0.0006982,-3.15602015552184,Reverse,1.2585495998059666,AS400IV.DAT
T400,400,94,-0.2699994,0.0007233,-3.140681534902884,Reverse,1.2585495998059666,AS400IV.DAT
T400,400,95,-0.2799993,0.00074817,-3.125999710058781,Reverse,1.2585495998059666,AS400IV.DAT
T400,400,96,-0.2899993,0.0007728,-3.111932886592563,Reverse,1.2585495998059666,AS400IV.DAT
T400,400,97,-0.2999993,0.00079721,-3.0984272622575753,Reverse,1.2585495998059666,AS400IV.DAT
T400,400,98,-0.3099993,0.00084502,-3.0731330120126175,Reverse,1.2585495998059666,AS400IV.DAT
T400,400,99,-0.3199993,0.00084501,-3.073138151501052,Reverse,1.2585495998059666,AS400IV.DAT
T400,400,100,-0.3299993,0.00086849,-3.0612351777578404,Reverse,1.2585495998059666,AS400IV.DAT
T400,400,101,-0.3399993,0.00089169,-3.0497861037956957,Reverse,1.2585495998059666,AS400IV.DAT
T400,400,102,-0.3499993,0.00091463,-3.0387545577981308,Reverse,1.2585495998059666,AS400IV.DAT
T400,400,103,-0.3599993,0.00093738,-3.028084316851971,Reverse,1.2585495998059666,AS400IV.DAT
T400,400,104,-0.3699993,0.00095974,-3.0178464043133912,Reverse,1.2585495998059666,AS400IV.DAT
T400,400,105,-0.3799993,0.0009818,-3.0079769722361496,Reverse,1.2585495998059666,AS400IV.DAT
T400,400,106,-0.3899992,0.00100359,-2.9984436747452867,Reverse,1.2585495998059666,AS400IV.DAT
T400,400,107,-0.3999992,0.00102504,-2.98925918686157,Reverse,1.2585495998059666,AS400IV.DAT
T400,400,108,-0.4099992,0.0010462,-2.980385284308583,Reverse,1.2585495998059666,AS400IV.DAT
T400,400,109,-0.4199992,0.00106712,-2.9717867404560585,Reverse,1.2585495998059666,AS400IV.DAT
T400,400,110,-0.4299992,0.0010877,-2.96349087146727,Reverse,1.2585495998059666,AS400IV.DAT
T400,400,111,-0.4399992,0.00110792,-2.9554915977419687,Reverse,1.2585495998059666,AS400IV.DAT
T400,400,112,-0.4499992,0.00112791,-2.947725552890581,Reverse,1.2585495998059666,AS400IV.DAT
T400,400,113,-0.4599992,0.00114753,-2.940235951835016,Reverse,1.2585495998059666,AS400IV.DAT
T400,400,114,-0.4699992,0.00116685,-2.9329849694553047,Reverse,1.2585495998059666,AS400IV.DAT
T400,400,115,-0.4799992,0.00118583,-2.9259775667506696,Reverse,1.2585495998059666,AS400IV.DAT
T400,400,116,-0.4899991,0.00120459,-2.9191607464807676,Reverse,1.2585495998059666,AS400IV.DAT
T400,400,117,-0.4999991,0.00122296,-2.912587747430899,Reverse,1.2585495998059666,AS400IV.DAT
T400,400,118,-0.5099992,0.00124098,-2.906235217662938,Reverse,1.2585495998059666,AS400IV.DAT
T400,400,119,-0.5199991,0.00125868,-2.9000846685408597,Reverse,1.2585495998059666,AS400IV.DAT
T400,400,120,-0.5299991,0.00127597,-2.8941595364202013,Reverse,1.2585495998059666,AS400IV.DAT
T400,400,121,-0.5399991,0.00129295,-2.8884182695078175,Reverse,1.2585495998059666,AS400IV.DAT
T400,400,122,-0.5499991,0.00130963,-2.8828513849971316,Reverse,1.2585495998059666,AS400IV.DAT
T400,400,123,-0.5599991,0.00132594,-2.8774761277098824,Reverse,1.2585495998059666,AS400IV.DAT
T400,400,124,-0.5699991,0.00134181,-2.8723089758163605,Reverse,1.2585495998059666,AS400IV.DAT
T400,400,125,-0.5799991,0.00135737,-2.867301753625792,Reverse,1.2585495998059666,AS400IV.DAT
T400,400,126,-0.5899991,0.00137258,-2.8624623335474304,Reverse,1.2585495998059666,AS400IV.DAT
T400,400,127,-0.5999991,0.00138739,-2.8578014401236933,Reverse,1.2585495998059666,AS400IV.DAT
T400,400,128,-0.6099991,0.0014019,-2.8532829642560245,Reverse,1.2585495998059666,AS400IV.DAT
T400,400,129,-0.6199991,0.001416,-2.84893674664625,Reverse,1.2585495998059666,AS400IV.DAT
T400,400,130,-0.629999,0.00142972,-2.844749007543066,Reverse,1.2585495998059666,AS400IV.DAT
T400,400,131,-0.639999,0.00144313,-2.8406945450398156,Reverse,1.2585495998059666,AS400IV.DAT
T400,400,132,-0.649999,0.00145619,-2.8367819556767655,Reverse,1.2585495998059666,AS400IV.DAT
T400,400,133,-0.659999,0.00146888,-2.833013682403446,Reverse,1.2585495998059666,AS400IV.DAT
T400,400,134,-0.669999,0.00148123,-2.8293775005771473,Reverse,1.2585495998059666,AS400IV.DAT
T400,400,135,-0.679999,0.00149334,-2.8258413019111948,Reverse,1.2585495998059666,AS400IV.DAT
T400,400,136,-0.689999,0.0015051,-2.822434644252586,Reverse,1.2585495998059666,AS400IV.DAT
T400,400,137,-0.699999,0.00151653,-2.819148994053886,Reverse,1.2585495998059666,AS400IV.DAT
T400,400,138,-0.709999,0.00152772,-2.8159562358112975,Reverse,1.2585495998059666,AS400IV.DAT
T400,400,139,-0.719999,0.00153862,-2.8128686266147764,Reverse,1.2585495998059666,AS400IV.DAT
T400,400,140,-0.7299989,0.0015493,-2.8098644791229694,Reverse,1.2585495998059666,AS400IV.DAT
T400,400,141,-0.7399989,0.00155976,-2.8069422213213224,Reverse,1.2585495998059666,AS400IV.DAT
T400,400,142,-0.7499989,0.00157008,-2.804078218499431,Reverse,1.2585495998059666,AS400IV.DAT
T400,400,143,-0.7599989,0.00158013,-2.801307181425246,Reverse,1.2585495998059666,AS400IV.DAT
T400,400,144,-0.7699989,0.00158998,-2.7986083385375777,Reverse,1.2585495998059666,AS400IV.DAT
T400,400,145,-0.7799989,0.00159973,-2.795953310722199,Reverse,1.2585495998059666,AS400IV.DAT
T400,400,146,-0.7899989,0.00160924,-2.7933791809458084,Reverse,1.2585495998059666,AS400IV.DAT
T400,400,147,-0.7999989,0.00161867,-2.7908416823072497,Reverse,1.2585495998059666,AS400IV.DAT
T400,400,148,-0.8099989,0.00162797,-2.7883536024901243,Reverse,1.2585495998059666,AS400IV.DAT
T400,400,149,-0.8199989,0.00163714,-2.78591418031458,Reverse,1.2585495998059666,AS400IV.DAT
T400,400,150,-0.8299989,0.00164625,-2.78350421203016,Reverse,1.2585495998059666,AS400IV.DAT
T400,400,151,-0.8399988,0.00165523,-2.781141650957361,Reverse,1.2585495998059666,AS400IV.DAT
T400,400,152,-0.8499988,0.00166406,-2.778831018670814,Reverse,1.2585495998059666,AS400IV.DAT
T400,400,153,-0.8599988,0.00167285,-2.7765429993202417,Reverse,1.2585495998059666,AS400IV.DAT
T400,400,154,-0.8699988,0.00168167,-2.774259223306195,Reverse,1.2585495998059666,AS400IV.DAT
T400,400,155,-0.8799988,0.00169029,-2.7720387778744793,Reverse,1.2585495998059666,AS400IV.DAT
T400,400,156,-0.8899988,0.00169886,-2.769842409084255,Reverse,1.2585495998059666,AS400IV.DAT
T400,400,157,-0.8999988,0.0017074,-2.7676647229143456,Reverse,1.2585495998059666,AS400IV.DAT
T400,400,158,-0.9099988,0.00171592,-2.765502963788275,Reverse,1.2585495998059666,AS400IV.DAT
T400,400,159,-0.9199988,0.00172434,-2.7633770972321248,Reverse,1.2585495998059666,AS400IV.DAT
T400,400,160,-0.9299988,0.00173281,-2.7612490544097246,Reverse,1.2585495998059666,AS400IV.DAT
T400,400,161,-0.9399987,0.0017412,-2.7591513415146394,Reverse,1.2585495998059666,AS400IV.DAT
T400,400,162,-0.9499987,0.0017495,-2.757086053181075,Reverse,1.2585495998059666,AS400IV.DAT
T400,400,163,-0.9599987,0.00175784,-2.7550206572937572,Reverse,1.2585495998059666,AS400IV.DAT
T400,400,164,-0.9699987,0.0017661,-2.7529847094681688,Reverse,1.2585495998059666,AS400IV.DAT
T400,400,165,-0.9799987,0.00177434,-2.7509631567841195,Reverse,1.2585495998059666,AS400IV.DAT
T400,400,166,-0.9899987,0.00178264,-2.748936352730018,Reverse,1.2585495998059666,AS400IV.DAT
T400,400,167,-0.9999987,0.00179084,-2.746943213827755,Reverse,1.2585495998059666,AS400IV.DAT
T400,400,168,-1.009999,0.0017991,-2.744944696442558,Reverse,1.2585495998059666,AS400IV.DAT
T400,400,169,-1.019999,0.00180731,-2.7429673484117463,Reverse,1.2585495998059666,AS400IV.DAT
T400,400,170,-1.029999,0.00181554,-2.7409941782642218,Reverse,1.2585495998059666,AS400IV.DAT
T400,400,171,-1.039999,0.00182373,-2.739039457778281,Reverse,1.2585495998059666,AS400IV.DAT
T400,400,172,-1.049999,0.00183186,-2.7371077203792904,Reverse,1.2585495998059666,AS400IV.DAT
T400,400,173,-1.059999,0.00184002,-2.735177456423924,Reverse,1.2585495998059666,AS400IV.DAT
T400,400,174,-1.069999,0.00184811,-2.7332721830232343,Reverse,1.2585495998059666,AS400IV.DAT
T400,400,175,-1.079999,0.00185623,-2.731368212631066,Reverse,1.2585495998059666,AS400IV.DAT
T400,400,176,-1.089999,0.00186439,-2.729463235151845,Reverse,1.2585495998059666,AS400IV.DAT
T400,400,177,-1.099999,0.00187249,-2.7275804929643654,Reverse,1.2585495998059666,AS400IV.DAT
T400,400,178,-1.109999,0.00188052,-2.725722043340519,Reverse,1.2585495998059666,AS400IV.DAT
T400,400,179,-1.119999,0.00188857,-2.7238669133779836,Reverse,1.2585495998059666,AS400IV.DAT
T400,400,180,-1.129999,0.00189674,-2.721992196946915,Reverse,1.2585495998059666,AS400IV.DAT
T400,400,181,-1.139999,0.00190478,-2.7201551776279764,Reverse,1.2585495998059666,AS400IV.DAT
T400,400,182,-1.149999,0.00191284,-2.7183213551285625,Reverse,1.2585495998059666,AS400IV.DAT
T400,400,183,-1.159999,0.00192093,-2.716488460837232,Reverse,1.2585495998059666,AS400IV.DAT
T400,400,184,-1.169999,0.00192898,-2.7146722751734647,Reverse,1.2585495998059666,AS400IV.DAT
T400,400,185,-1.179999,0.0019371,-2.712847958874498,Reverse,1.2585495998059666,AS400IV.DAT
T400,400,186,-1.189999,0.00194513,-2.71105136791362,Reverse,1.2585495998059666,AS400IV.DAT
T400,400,187,-1.199998,0.00195317,-2.7092599549462366,Reverse,1.2585495998059666,AS400IV.DAT
T400,400,188,-1.209998,0.00196124,-2.7074692577865958,Reverse,1.2585495998059666,AS400IV.DAT
T400,400,189,-1.219998,0.00196925,-2.705699145858646,Reverse,1.2585495998059666,AS400IV.DAT
T400,400,190,-1.229998,0.00197722,-2.7039450052081717,Reverse,1.2585495998059666,AS400IV.DAT
T400,400,191,-1.239998,0.00198526,-2.7021826077064577,Reverse,1.2585495998059666,AS400IV.DAT
T400,400,192,-1.249998,0.00199324,-2.7004404060660177,Reverse,1.2585495998059666,AS400IV.DAT
T400,400,193,-1.259998,0.00200128,-2.6986921447731795,Reverse,1.2585495998059666,AS400IV.DAT
T400,400,194,-1.269998,0.00200925,-2.696966023000091,Reverse,1.2585495998059666,AS400IV.DAT
T400,400,195,-1.279998,0.00201731,-2.6952273586318225,Reverse,1.2585495998059666,AS400IV.DAT
T400,400,196,-1.289998,0.00202538,-2.6934934828589,Reverse,1.2585495998059666,AS400IV.DAT
T400,400,197,-1.299998,0.00203334,-2.6917899957948954,Reverse,1.2585495998059666,AS400IV.DAT
T400,400,198,-1.309998,0.00204127,-2.690099547094425,Reverse,1.2585495998059666,AS400IV.DAT
T400,400,199,-1.319998,0.00204936,-2.6883817447318203,Reverse,1.2585495998059666,AS400IV.DAT
T400,400,200,-1.329998,0.00205729,-2.686704484910736,Reverse,1.2585495998059666,AS400IV.DAT
T400,400,201,-1.339998,0.00206534,-2.6850084437803927,Reverse,1.2585495998059666,AS400IV.DAT
T400,400,202,-1.349998,0.00207336,-2.6833252842836472,Reverse,1.2585495998059666,AS400IV.DAT
T400,400,203,-1.359998,0.00208134,-2.6816569692537335,Reverse,1.2585495998059666,AS400IV.DAT
T400,400,204,-1.369998,0.00208932,-2.6799950384347095,Reverse,1.2585495998059666,AS400IV.DAT
T400,400,205,-1.379998,0.00209736,-2.678327018941064,Reverse,1.2585495998059666,AS400IV.DAT
T400,400,206,-1.389998,0.00210537,-2.676671569739167,Reverse,1.2585495998059666,AS400IV.DAT
T400,400,207,-1.399998,0.00211341,-2.67501624196111,Reverse,1.2585495998059666,AS400IV.DAT
T400,400,208,-1.409998,0.00212133,-2.6733917661694164,Reverse,1.2585495998059666,AS400IV.DAT
T400,400,209,-1.419998,0.00212941,-2.6717407107578115,Reverse,1.2585495998059666,AS400IV.DAT
T400,400,210,-1.429998,0.00213735,-2.670124354474949,Reverse,1.2585495998059666,AS400IV.DAT
T400,400,211,-1.439998,0.00214537,-2.6684977966722903,Reverse,1.2585495998059666,AS400IV.DAT
T400,400,212,-1.449998,0.00215333,-2.6668894090075783,Reverse,1.2585495998059666,AS400IV.DAT
T400,400,213,-1.459998,0.00216127,-2.665290974817177,Reverse,1.2585495998059666,AS400IV.DAT
T400,400,214,-1.469998,0.00216931,-2.6636783817482077,Reverse,1.2585495998059666,AS400IV.DAT
T400,400,215,-1.479998,0.00217728,-2.6620857167395626,Reverse,1.2585495998059666,AS400IV.DAT
T400,400,216,-1.489998,0.00218533,-2.6604829722599033,Reverse,1.2585495998059666,AS400IV.DAT
T400,400,217,-1.499998,0.0021933,-2.6589019613759506,Reverse,1.2585495998059666,AS400IV.DAT